{"type":"FeatureCollection","name":"apa_zonas","crs":{"type":"name","properties":{"name":"urn:ogc:def:crs:OGC:1.3:CRS84"}},"xy_coordinate_resolution":1e-05,"bbox":[-47.41408,-23.84651,-46.98651,-23.55277],"features":[{"type":"Feature","properties":{"zona":"ZCB","nome":"Zona de Conservação da Biodiversidade","area_km2":114.15,"pct_apa":12.2},"bbox":[-47.31801,-23.84651,-47.06013,-23.74545],"geometry":{"type":"Polygon","coordinates":[[[-47.07017,-23.75539],[-47.06613,-23.75671],[-47.06052,-23.75608],[-47.06013,-23.75928],[-47.0602,-23.76329],[-47.06372,-23.76485],[-47.06663,-23.76782],[-47.06668,-23.77298],[-47.06703,-23.77554],[-47.07095,-23.77921],[-47.07373,-23.78045],[-47.07335,-23.78366],[-47.07358,-23.7879],[-47.0731,-23.78981],[-47.07538,-23.78962],[-47.07623,-23.79014],[-47.07684,-23.79227],[-47.07776,-23.79391],[-47.07891,-23.7945],[-47.0814,-23.79616],[-47.08282,-23.79679],[-47.08362,-23.79769],[-47.08416,-23.79934],[-47.08344,-23.80113],[-47.0837,-23.80329],[-47.08209,-23.80527],[-47.08333,-23.80604],[-47.0841,-23.80837],[-47.08517,-23.80856],[-47.0859,-23.80929],[-47.08764,-23.80921],[-47.08822,-23.81021],[-47.08788,-23.81136],[-47.08793,-23.81237],[-47.09088,-23.81339],[-47.09206,-23.81409],[-47.09397,-23.8142],[-47.09574,-23.81338],[-47.09729,-23.81306],[-47.09877,-23.81298],[-47.09924,-23.81236],[-47.10048,-23.8127],[-47.10278,-23.81437],[-47.10567,-23.81349],[-47.10616,-23.813],[-47.10929,-23.81432],[-47.11148,-23.817],[-47.11321,-23.81673],[-47.11398,-23.8163],[-47.11551,-23.81629],[-47.11563,-23.81505],[-47.11698,-23.81377],[-47.11683,-23.81136],[-47.1175,-23.80947],[-47.11844,-23.80793],[-47.12031,-23.80773],[-47.12145,-23.80908],[-47.12198,-23.8106],[-47.1236,-23.81098],[-47.12603,-23.80612],[-47.12706,-23.80623],[-47.12875,-23.80542],[-47.13013,-23.8044],[-47.13194,-23.80387],[-47.13244,-23.80461],[-47.13336,-23.80463],[-47.13427,-23.80536],[-47.13509,-23.80661],[-47.13755,-23.80657],[-47.13942,-23.80559],[-47.14111,-23.80426],[-47.14276,-23.80424],[-47.14354,-23.80348],[-47.14608,-23.80339],[-47.14675,-23.80233],[-47.1477,-23.80166],[-47.14837,-23.79963],[-47.1493,-23.80022],[-47.15006,-23.80103],[-47.15104,-23.80108],[-47.15176,-23.80232],[-47.15188,-23.80384],[-47.15316,-23.80471],[-47.15506,-23.80506],[-47.15696,-23.80501],[-47.15808,-23.80382],[-47.15947,-23.80175],[-47.161,-23.80238],[-47.16182,-23.80379],[-47.165,-23.80651],[-47.16602,-23.80721],[-47.1671,-23.8086],[-47.16891,-23.80866],[-47.1704,-23.80812],[-47.17371,-23.80885],[-47.17421,-23.80983],[-47.1746,-23.81143],[-47.17474,-23.81282],[-47.17652,-23.81355],[-47.17723,-23.81366],[-47.1782,-23.81352],[-47.17973,-23.81302],[-47.18118,-23.81299],[-47.18317,-23.81433],[-47.18354,-23.81523],[-47.18267,-23.81708],[-47.18029,-23.81929],[-47.17864,-23.82056],[-47.17683,-23.8214],[-47.1763,-23.82191],[-47.17574,-23.8232],[-47.17576,-23.82513],[-47.17655,-23.82667],[-47.17704,-23.82837],[-47.17894,-23.82825],[-47.18068,-23.82771],[-47.18211,-23.82769],[-47.18395,-23.82801],[-47.18518,-23.82851],[-47.18716,-23.82968],[-47.18836,-23.82952],[-47.19018,-23.83052],[-47.19053,-23.83173],[-47.18997,-23.83287],[-47.19328,-23.83329],[-47.19537,-23.83435],[-47.1969,-23.83631],[-47.19711,-23.83936],[-47.19769,-23.84152],[-47.20093,-23.84249],[-47.20217,-23.84314],[-47.20347,-23.84318],[-47.2044,-23.84303],[-47.20583,-23.84445],[-47.20799,-23.84532],[-47.2107,-23.84494],[-47.21426,-23.84651],[-47.2154,-23.84566],[-47.21308,-23.84218],[-47.21241,-23.83956],[-47.21221,-23.83699],[-47.21337,-23.83698],[-47.21546,-23.83567],[-47.21671,-23.83399],[-47.21672,-23.83249],[-47.21835,-23.8321],[-47.21915,-23.83056],[-47.21855,-23.82873],[-47.22102,-23.8293],[-47.22242,-23.83],[-47.22276,-23.83062],[-47.22297,-23.83197],[-47.22409,-23.83195],[-47.22517,-23.8291],[-47.22563,-23.82693],[-47.22716,-23.82444],[-47.22808,-23.82352],[-47.23048,-23.8228],[-47.2337,-23.82225],[-47.23567,-23.82123],[-47.23381,-23.81827],[-47.23373,-23.81726],[-47.23449,-23.81589],[-47.23615,-23.81562],[-47.23921,-23.81847],[-47.2423,-23.82068],[-47.251,-23.82309],[-47.25251,-23.82305],[-47.25679,-23.82075],[-47.25917,-23.82061],[-47.26146,-23.82079],[-47.26309,-23.82131],[-47.26371,-23.82004],[-47.26499,-23.81861],[-47.26626,-23.81785],[-47.26809,-23.81772],[-47.27434,-23.81785],[-47.27548,-23.81695],[-47.27538,-23.81208],[-47.27615,-23.80995],[-47.27964,-23.80806],[-47.2813,-23.80618],[-47.28426,-23.80613],[-47.28609,-23.80565],[-47.28718,-23.80463],[-47.28792,-23.80452],[-47.291,-23.80517],[-47.29263,-23.8045],[-47.29455,-23.80476],[-47.29609,-23.80591],[-47.2972,-23.8065],[-47.29823,-23.80769],[-47.30072,-23.8086],[-47.30301,-23.80614],[-47.30576,-23.80378],[-47.30999,-23.80172],[-47.31144,-23.80012],[-47.31283,-23.79747],[-47.31367,-23.79628],[-47.31411,-23.79507],[-47.31625,-23.79382],[-47.31753,-23.79361],[-47.31801,-23.79275],[-47.3173,-23.79115],[-47.31531,-23.78969],[-47.3085,-23.78853],[-47.30691,-23.78856],[-47.30526,-23.78795],[-47.30426,-23.78689],[-47.30308,-23.78072],[-47.30167,-23.77869],[-47.30279,-23.77737],[-47.30445,-23.77731],[-47.30586,-23.77782],[-47.30567,-23.77542],[-47.3046,-23.77164],[-47.30325,-23.76938],[-47.3028,-23.76731],[-47.30115,-23.76568],[-47.30177,-23.76489],[-47.30456,-23.7649],[-47.30491,-23.76341],[-47.30337,-23.76254],[-47.30204,-23.7614],[-47.30178,-23.76001],[-47.30015,-23.75919],[-47.29844,-23.7579],[-47.29764,-23.7562],[-47.29747,-23.75489],[-47.29682,-23.76145],[-47.29841,-23.76649],[-47.2985,-23.7686],[-47.29682,-23.77166],[-47.29378,-23.77067],[-47.29205,-23.76827],[-47.28825,-23.76677],[-47.28669,-23.76366],[-47.28406,-23.76405],[-47.28194,-23.76166],[-47.28058,-23.75873],[-47.27682,-23.75966],[-47.27455,-23.75796],[-47.27306,-23.75973],[-47.26856,-23.76082],[-47.26917,-23.76271],[-47.2673,-23.76448],[-47.26922,-23.76652],[-47.27116,-23.76944],[-47.27065,-23.77293],[-47.27259,-23.77566],[-47.26918,-23.77381],[-47.26845,-23.7759],[-47.27226,-23.7786],[-47.26811,-23.77747],[-47.26815,-23.78006],[-47.26143,-23.78398],[-47.25635,-23.78353],[-47.25562,-23.78545],[-47.26148,-23.78675],[-47.26002,-23.78902],[-47.2625,-23.79106],[-47.26072,-23.79297],[-47.25766,-23.79262],[-47.25502,-23.79106],[-47.2528,-23.78947],[-47.25015,-23.78712],[-47.24738,-23.78869],[-47.24688,-23.7918],[-47.2488,-23.79421],[-47.24846,-23.79629],[-47.24948,-23.79915],[-47.24511,-23.79761],[-47.24288,-23.79524],[-47.23991,-23.79416],[-47.23746,-23.79281],[-47.23454,-23.79175],[-47.23711,-23.7889],[-47.23405,-23.78814],[-47.23191,-23.79099],[-47.22986,-23.78859],[-47.22831,-23.78619],[-47.22435,-23.78538],[-47.22248,-23.78663],[-47.22218,-23.79026],[-47.22124,-23.79168],[-47.21885,-23.79238],[-47.2158,-23.79202],[-47.21231,-23.79207],[-47.21195,-23.79568],[-47.20756,-23.79482],[-47.20532,-23.7964],[-47.20348,-23.79903],[-47.2,-23.7944],[-47.19917,-23.78919],[-47.19588,-23.78543],[-47.19209,-23.78221],[-47.19279,-23.77906],[-47.19066,-23.77703],[-47.18844,-23.7774],[-47.18789,-23.77915],[-47.18258,-23.77714],[-47.1754,-23.77916],[-47.17211,-23.78111],[-47.17039,-23.77905],[-47.16688,-23.78069],[-47.16476,-23.78042],[-47.16508,-23.7774],[-47.16145,-23.77656],[-47.15731,-23.77627],[-47.15278,-23.77564],[-47.14976,-23.7743],[-47.14763,-23.77189],[-47.14528,-23.77017],[-47.14174,-23.76835],[-47.13932,-23.76803],[-47.13858,-23.76995],[-47.139,-23.77197],[-47.13946,-23.7722],[-47.13978,-23.77362],[-47.13801,-23.77571],[-47.13804,-23.77623],[-47.13666,-23.77684],[-47.13611,-23.77961],[-47.13315,-23.78159],[-47.13113,-23.77858],[-47.13019,-23.77639],[-47.13206,-23.77119],[-47.1299,-23.7697],[-47.12602,-23.76935],[-47.12267,-23.76772],[-47.12337,-23.76494],[-47.12005,-23.7643],[-47.11881,-23.76209],[-47.12325,-23.75759],[-47.12728,-23.75643],[-47.12924,-23.75514],[-47.12845,-23.7524],[-47.12647,-23.7516],[-47.12434,-23.75262],[-47.12224,-23.7529],[-47.11896,-23.75308],[-47.11515,-23.75023],[-47.11072,-23.74763],[-47.10742,-23.74986],[-47.10307,-23.75193],[-47.09457,-23.75478],[-47.08967,-23.75609],[-47.0836,-23.75576],[-47.07899,-23.7521],[-47.07541,-23.75117],[-47.0739,-23.74746],[-47.06775,-23.74545],[-47.06431,-23.74801],[-47.06486,-23.75187],[-47.07017,-23.75539]]]}},{"type":"Feature","properties":{"zona":"ZCRH","nome":"Zona de Conservação dos Recursos Hídricos","area_km2":470.87,"pct_apa":50.2},"bbox":[-47.41408,-23.84643,-46.98651,-23.55277],"geometry":{"type":"MultiPolygon","coordinates":[[[[-47.2102,-23.84501],[-47.21351,-23.84643],[-47.21373,-23.84628],[-47.2107,-23.84494],[-47.2102,-23.84501]]],[[[-47.21245,-23.83699],[-47.21267,-23.837],[-47.21269,-23.83699],[-47.21245,-23.83699]]],[[[-47.22102,-23.8293],[-47.21855,-23.82873],[-47.21859,-23.82886],[-47.22044,-23.8294],[-47.22164,-23.83082],[-47.22223,-23.8319],[-47.22296,-23.83192],[-47.22276,-23.83062],[-47.22242,-23.83],[-47.22102,-23.8293]]],[[[-47.2624,-23.82109],[-47.26146,-23.82079],[-47.26003,-23.82067],[-47.26233,-23.82122],[-47.2624,-23.82109]]],[[[-47.24668,-23.82213],[-47.24943,-23.82287],[-47.25133,-23.82315],[-47.25148,-23.82308],[-47.251,-23.82309],[-47.24656,-23.82195],[-47.2423,-23.82068],[-47.23921,-23.81847],[-47.23615,-23.81562],[-47.23566,-23.8157],[-47.23771,-23.81774],[-47.23968,-23.81932],[-47.24159,-23.82059],[-47.24335,-23.821],[-47.24668,-23.82213]]],[[[-47.2937,-23.80465],[-47.29659,-23.8066],[-47.29751,-23.80763],[-47.30008,-23.80836],[-47.29823,-23.80769],[-47.2972,-23.8065],[-47.29609,-23.80591],[-47.29455,-23.80476],[-47.2937,-23.80465]]],[[[-47.29047,-23.80506],[-47.28792,-23.80452],[-47.28769,-23.80455],[-47.29015,-23.80522],[-47.29047,-23.80506]]],[[[-47.29255,-23.80453],[-47.29355,-23.80463],[-47.29263,-23.8045],[-47.29255,-23.80453]]],[[[-47.30675,-23.7885],[-47.30691,-23.78856],[-47.30812,-23.78854],[-47.30791,-23.7885],[-47.30675,-23.7885]]],[[[-47.30445,-23.77731],[-47.30387,-23.77733],[-47.3052,-23.77792],[-47.30517,-23.77757],[-47.30445,-23.77731]]],[[[-47.30393,-23.7649],[-47.3017,-23.76498],[-47.30392,-23.76494],[-47.30393,-23.7649]]],[[[-47.167,-23.64676],[-47.16656,-23.64677],[-47.16642,-23.64704],[-47.16627,-23.64705],[-47.16647,-23.64708],[-47.16911,-23.64665],[-47.17355,-23.64669],[-47.17704,-23.64793],[-47.17951,-23.64995],[-47.18328,-23.65191],[-47.18401,-23.65289],[-47.184,-23.65248],[-47.18385,-23.65249],[-47.1837,-23.65195],[-47.18355,-23.65195],[-47.1835,-23.64897],[-47.18365,-23.64897],[-47.18364,-23.64829],[-47.18334,-23.6483],[-47.18334,-23.64802],[-47.18319,-23.64803],[-47.18316,-23.64627],[-47.18302,-23.64627],[-47.18286,-23.646],[-47.18242,-23.64601],[-47.18227,-23.64574],[-47.18213,-23.64574],[-47.18213,-23.64588],[-47.18169,-23.64588],[-47.18168,-23.64575],[-47.18154,-23.64575],[-47.18153,-23.64521],[-47.18197,-23.64506],[-47.18196,-23.64466],[-47.18181,-23.64466],[-47.1818,-23.64398],[-47.18151,-23.64385],[-47.1815,-23.64358],[-47.18179,-23.64344],[-47.18178,-23.6429],[-47.18193,-23.6429],[-47.18192,-23.64249],[-47.18207,-23.64249],[-47.18221,-23.64208],[-47.18353,-23.64179],[-47.18353,-23.64152],[-47.18397,-23.64165],[-47.18397,-23.64152],[-47.18411,-23.64151],[-47.18411,-23.64138],[-47.18396,-23.64138],[-47.18396,-23.64097],[-47.18381,-23.64098],[-47.18379,-23.64003],[-47.18512,-23.64001],[-47.18512,-23.64015],[-47.18556,-23.64014],[-47.18571,-23.64054],[-47.18646,-23.64107],[-47.18662,-23.64216],[-47.18633,-23.64202],[-47.18632,-23.64189],[-47.18603,-23.64189],[-47.18603,-23.64203],[-47.18618,-23.64203],[-47.18619,-23.64257],[-47.18663,-23.6427],[-47.18662,-23.64229],[-47.18677,-23.64229],[-47.18678,-23.64269],[-47.18751,-23.64268],[-47.18752,-23.64296],[-47.18811,-23.64322],[-47.18812,-23.64362],[-47.18856,-23.64389],[-47.18857,-23.64416],[-47.18871,-23.64416],[-47.18876,-23.647],[-47.18817,-23.64701],[-47.18804,-23.64769],[-47.18848,-23.64755],[-47.18863,-23.64781],[-47.18877,-23.64781],[-47.18879,-23.64863],[-47.18835,-23.64863],[-47.18835,-23.64877],[-47.18762,-23.64891],[-47.18748,-23.64932],[-47.18762,-23.64932],[-47.18778,-23.64959],[-47.18807,-23.64958],[-47.18837,-23.64999],[-47.18852,-23.64998],[-47.18852,-23.65025],[-47.18837,-23.65026],[-47.18853,-23.65066],[-47.18823,-23.65066],[-47.18825,-23.65134],[-47.18839,-23.65134],[-47.18839,-23.65147],[-47.18884,-23.65147],[-47.18869,-23.65174],[-47.18913,-23.65173],[-47.18899,-23.65201],[-47.18914,-23.65201],[-47.18915,-23.65255],[-47.18856,-23.65256],[-47.18857,-23.6531],[-47.18842,-23.6531],[-47.18843,-23.65337],[-47.18828,-23.65337],[-47.18843,-23.65364],[-47.18828,-23.65364],[-47.18829,-23.65378],[-47.1877,-23.65379],[-47.18756,-23.65419],[-47.18726,-23.6542],[-47.18727,-23.65433],[-47.18653,-23.65421],[-47.18668,-23.65461],[-47.18624,-23.65462],[-47.18638,-23.65408],[-47.1852,-23.65396],[-47.1852,-23.65382],[-47.18491,-23.65383],[-47.1849,-23.65369],[-47.18431,-23.65329],[-47.18608,-23.65566],[-47.18824,-23.65654],[-47.18947,-23.65859],[-47.19156,-23.65753],[-47.19222,-23.6561],[-47.1961,-23.65512],[-47.1961,-23.65502],[-47.19654,-23.65502],[-47.19668,-23.65474],[-47.19683,-23.65474],[-47.19682,-23.65447],[-47.19712,-23.65433],[-47.19711,-23.65406],[-47.1977,-23.65405],[-47.19771,-23.65446],[-47.19815,-23.65445],[-47.19815,-23.65459],[-47.1983,-23.65458],[-47.1983,-23.65499],[-47.19801,-23.65513],[-47.19802,-23.6554],[-47.19816,-23.6554],[-47.19816,-23.65526],[-47.19904,-23.65525],[-47.19949,-23.65579],[-47.20008,-23.65578],[-47.20008,-23.65591],[-47.20052,-23.65591],[-47.20053,-23.65604],[-47.20082,-23.65604],[-47.20082,-23.65617],[-47.20171,-23.6563],[-47.20186,-23.65657],[-47.20245,-23.65656],[-47.20244,-23.65629],[-47.20288,-23.65628],[-47.20288,-23.65614],[-47.20303,-23.65614],[-47.20287,-23.65574],[-47.20273,-23.65574],[-47.20272,-23.65547],[-47.20257,-23.65547],[-47.20257,-23.6552],[-47.20286,-23.65506],[-47.20285,-23.65438],[-47.2027,-23.65439],[-47.2027,-23.65412],[-47.20255,-23.65412],[-47.20255,-23.65385],[-47.2024,-23.65385],[-47.20239,-23.65344],[-47.20225,-23.65345],[-47.20224,-23.65331],[-47.20195,-23.65318],[-47.20194,-23.65291],[-47.2018,-23.65291],[-47.20193,-23.65196],[-47.20222,-23.65182],[-47.20236,-23.65155],[-47.20368,-23.65153],[-47.20383,-23.65126],[-47.20441,-23.65111],[-47.20441,-23.65125],[-47.20471,-23.65138],[-47.20472,-23.65192],[-47.20487,-23.65192],[-47.20502,-23.65219],[-47.20546,-23.65232],[-47.20546,-23.65218],[-47.20634,-23.65217],[-47.20634,-23.6523],[-47.20664,-23.6523],[-47.20678,-23.65203],[-47.20663,-23.65203],[-47.20663,-23.65176],[-47.20648,-23.65176],[-47.20648,-23.65149],[-47.20618,-23.65136],[-47.20632,-23.65095],[-47.20676,-23.65094],[-47.20677,-23.65135],[-47.20706,-23.65135],[-47.20708,-23.65229],[-47.20693,-23.6523],[-47.20694,-23.65257],[-47.20679,-23.65257],[-47.20665,-23.65311],[-47.2068,-23.65311],[-47.2068,-23.65338],[-47.2071,-23.65338],[-47.2071,-23.65365],[-47.20725,-23.65364],[-47.20727,-23.65473],[-47.20682,-23.65473],[-47.20682,-23.65446],[-47.20652,-23.65433],[-47.20652,-23.65393],[-47.20593,-23.65393],[-47.20593,-23.6538],[-47.20578,-23.6538],[-47.20578,-23.65394],[-47.20535,-23.65421],[-47.2055,-23.65448],[-47.20521,-23.65462],[-47.20521,-23.65476],[-47.20477,-23.65476],[-47.20434,-23.65531],[-47.20448,-23.65531],[-47.20448,-23.65544],[-47.20507,-23.65544],[-47.20522,-23.65516],[-47.20551,-23.65516],[-47.20566,-23.65543],[-47.2061,-23.65529],[-47.2061,-23.65542],[-47.20698,-23.65541],[-47.20713,-23.65568],[-47.20728,-23.65568],[-47.20728,-23.65554],[-47.20816,-23.65553],[-47.20816,-23.65566],[-47.20831,-23.65566],[-47.20832,-23.65607],[-47.20817,-23.65607],[-47.20832,-23.65647],[-47.20877,-23.6566],[-47.20877,-23.65674],[-47.20848,-23.65674],[-47.20848,-23.65688],[-47.20922,-23.65741],[-47.20922,-23.65754],[-47.20952,-23.65754],[-47.20952,-23.65767],[-47.20937,-23.65768],[-47.20938,-23.65795],[-47.20908,-23.65795],[-47.20909,-23.65809],[-47.20865,-23.65823],[-47.20835,-23.65783],[-47.20806,-23.65797],[-47.20805,-23.65783],[-47.20791,-23.65783],[-47.20789,-23.65716],[-47.20775,-23.65716],[-47.20761,-23.65757],[-47.20746,-23.65757],[-47.20747,-23.65784],[-47.20673,-23.65771],[-47.20673,-23.65785],[-47.20658,-23.65785],[-47.20659,-23.65826],[-47.20644,-23.65826],[-47.2066,-23.6588],[-47.20631,-23.6588],[-47.20616,-23.65908],[-47.20602,-23.65908],[-47.20602,-23.65935],[-47.20572,-23.65922],[-47.20572,-23.65881],[-47.20543,-23.65895],[-47.20543,-23.65909],[-47.2044,-23.6591],[-47.2044,-23.65924],[-47.20396,-23.65924],[-47.20382,-23.65952],[-47.20367,-23.65952],[-47.20368,-23.65992],[-47.20353,-23.65993],[-47.20339,-23.6602],[-47.20309,-23.66007],[-47.20309,-23.6598],[-47.20279,-23.6598],[-47.20279,-23.65942],[-47.20278,-23.65989],[-47.19756,-23.66091],[-47.19492,-23.66264],[-47.19261,-23.66276],[-47.19014,-23.66433],[-47.18691,-23.66814],[-47.18566,-23.67139],[-47.18731,-23.67444],[-47.1919,-23.67508],[-47.19555,-23.67236],[-47.19673,-23.671],[-47.20011,-23.66948],[-47.20013,-23.66998],[-47.19988,-23.67054],[-47.19702,-23.67287],[-47.19566,-23.67595],[-47.19235,-23.67688],[-47.19,-23.67823],[-47.19022,-23.68088],[-47.19277,-23.68258],[-47.19461,-23.68409],[-47.1931,-23.68842],[-47.19358,-23.69111],[-47.18888,-23.69148],[-47.18705,-23.69249],[-47.18456,-23.69185],[-47.17933,-23.69281],[-47.17814,-23.69351],[-47.17542,-23.69334],[-47.17241,-23.69352],[-47.16986,-23.6945],[-47.16612,-23.69827],[-47.16265,-23.70267],[-47.15909,-23.70655],[-47.15762,-23.70953],[-47.15856,-23.71236],[-47.16095,-23.7142],[-47.1644,-23.71413],[-47.16832,-23.71043],[-47.17513,-23.70232],[-47.18005,-23.70266],[-47.18372,-23.70117],[-47.18558,-23.70178],[-47.18896,-23.70211],[-47.19155,-23.70119],[-47.1908,-23.70375],[-47.18872,-23.70801],[-47.18702,-23.71264],[-47.18359,-23.71133],[-47.18175,-23.71203],[-47.17903,-23.7126],[-47.17448,-23.71676],[-47.17352,-23.71732],[-47.17248,-23.71747],[-47.17053,-23.71703],[-47.16854,-23.71726],[-47.16441,-23.71943],[-47.16258,-23.72237],[-47.16148,-23.7235],[-47.16061,-23.72351],[-47.15994,-23.72217],[-47.15834,-23.72144],[-47.15632,-23.72079],[-47.15352,-23.72097],[-47.15159,-23.72141],[-47.14909,-23.72259],[-47.14746,-23.724],[-47.14545,-23.72792],[-47.14377,-23.72715],[-47.14251,-23.72677],[-47.14144,-23.72677],[-47.13986,-23.72647],[-47.13853,-23.72729],[-47.13642,-23.72826],[-47.13457,-23.7305],[-47.13422,-23.73304],[-47.13368,-23.73467],[-47.13374,-23.73611],[-47.13201,-23.73874],[-47.1305,-23.73861],[-47.12934,-23.73941],[-47.12741,-23.73996],[-47.1262,-23.73932],[-47.12422,-23.7387],[-47.12188,-23.73908],[-47.11936,-23.74119],[-47.11834,-23.74342],[-47.11826,-23.74692],[-47.11859,-23.74907],[-47.11461,-23.7499],[-47.11249,-23.74867],[-47.11515,-23.75023],[-47.11896,-23.75308],[-47.12224,-23.7529],[-47.12434,-23.75262],[-47.12647,-23.7516],[-47.12845,-23.7524],[-47.12924,-23.75514],[-47.12728,-23.75643],[-47.12325,-23.75759],[-47.11881,-23.76209],[-47.12005,-23.7643],[-47.12337,-23.76494],[-47.12267,-23.76772],[-47.12602,-23.76935],[-47.1299,-23.7697],[-47.13206,-23.77119],[-47.13019,-23.77639],[-47.13113,-23.77858],[-47.13315,-23.78159],[-47.13611,-23.77961],[-47.13666,-23.77684],[-47.13804,-23.77623],[-47.13801,-23.77571],[-47.13978,-23.77362],[-47.13946,-23.7722],[-47.139,-23.77197],[-47.13858,-23.76995],[-47.13932,-23.76803],[-47.14174,-23.76835],[-47.14528,-23.77017],[-47.14763,-23.77189],[-47.14976,-23.7743],[-47.15278,-23.77564],[-47.15731,-23.77627],[-47.16145,-23.77656],[-47.16508,-23.7774],[-47.16476,-23.78042],[-47.16688,-23.78069],[-47.17039,-23.77905],[-47.17211,-23.78111],[-47.1754,-23.77916],[-47.18258,-23.77714],[-47.18789,-23.77915],[-47.18844,-23.7774],[-47.19066,-23.77703],[-47.19279,-23.77906],[-47.19209,-23.78221],[-47.19588,-23.78543],[-47.19917,-23.78919],[-47.2,-23.7944],[-47.20348,-23.79903],[-47.20532,-23.7964],[-47.20756,-23.79482],[-47.21195,-23.79568],[-47.21231,-23.79207],[-47.2158,-23.79202],[-47.21885,-23.79238],[-47.22124,-23.79168],[-47.22218,-23.79026],[-47.22248,-23.78663],[-47.22435,-23.78538],[-47.22831,-23.78619],[-47.22986,-23.78859],[-47.23191,-23.79099],[-47.23405,-23.78814],[-47.23711,-23.7889],[-47.23454,-23.79175],[-47.23746,-23.79281],[-47.23991,-23.79416],[-47.24288,-23.79524],[-47.24511,-23.79761],[-47.24948,-23.79915],[-47.24846,-23.79629],[-47.2488,-23.79421],[-47.24688,-23.7918],[-47.24738,-23.78869],[-47.25015,-23.78712],[-47.2528,-23.78947],[-47.25502,-23.79106],[-47.25766,-23.79262],[-47.26072,-23.79297],[-47.2625,-23.79106],[-47.26002,-23.78902],[-47.26148,-23.78675],[-47.25562,-23.78545],[-47.25635,-23.78353],[-47.26143,-23.78398],[-47.26815,-23.78006],[-47.26811,-23.77747],[-47.27226,-23.7786],[-47.26845,-23.7759],[-47.26918,-23.77381],[-47.27259,-23.77566],[-47.27065,-23.77293],[-47.27116,-23.76944],[-47.26922,-23.76652],[-47.2673,-23.76448],[-47.26917,-23.76271],[-47.26856,-23.76082],[-47.27306,-23.75973],[-47.27455,-23.75796],[-47.27682,-23.75966],[-47.28058,-23.75873],[-47.28194,-23.76166],[-47.28406,-23.76405],[-47.28669,-23.76366],[-47.28825,-23.76677],[-47.29205,-23.76827],[-47.29378,-23.77067],[-47.29682,-23.77166],[-47.2985,-23.7686],[-47.29841,-23.76649],[-47.29682,-23.76145],[-47.29728,-23.7569],[-47.29698,-23.75631],[-47.29671,-23.75468],[-47.29694,-23.75356],[-47.29748,-23.75244],[-47.29746,-23.7511],[-47.29783,-23.74887],[-47.29953,-23.74725],[-47.30193,-23.74613],[-47.3048,-23.74399],[-47.30622,-23.74187],[-47.30651,-23.73919],[-47.30649,-23.7376],[-47.3113,-23.73199],[-47.31337,-23.73184],[-47.31692,-23.73299],[-47.31927,-23.73296],[-47.32083,-23.73134],[-47.32113,-23.72867],[-47.32006,-23.72665],[-47.31995,-23.7243],[-47.32113,-23.72338],[-47.3231,-23.72315],[-47.32462,-23.72118],[-47.32548,-23.71825],[-47.32593,-23.71568],[-47.3273,-23.713],[-47.32849,-23.71285],[-47.33118,-23.71346],[-47.33464,-23.71386],[-47.33674,-23.71324],[-47.33883,-23.71192],[-47.34151,-23.71214],[-47.34203,-23.71375],[-47.34403,-23.71488],[-47.34672,-23.71562],[-47.35079,-23.71511],[-47.35281,-23.71378],[-47.35474,-23.71135],[-47.35694,-23.70788],[-47.35784,-23.70558],[-47.35731,-23.70319],[-47.35973,-23.70076],[-47.36197,-23.7002],[-47.36337,-23.69953],[-47.3637,-23.6981],[-47.3635,-23.69499],[-47.36465,-23.69251],[-47.36753,-23.68826],[-47.37219,-23.68699],[-47.37452,-23.68722],[-47.3764,-23.68641],[-47.37914,-23.67827],[-47.3818,-23.67638],[-47.38141,-23.67399],[-47.37801,-23.67326],[-47.37537,-23.67136],[-47.37477,-23.6691],[-47.37474,-23.66748],[-47.3733,-23.66568],[-47.3707,-23.66423],[-47.36893,-23.66348],[-47.36772,-23.66305],[-47.3654,-23.66276],[-47.36453,-23.6618],[-47.36437,-23.66041],[-47.36491,-23.65891],[-47.36643,-23.65727],[-47.3673,-23.65466],[-47.36677,-23.6526],[-47.36673,-23.65078],[-47.36802,-23.64804],[-47.36998,-23.64711],[-47.3703,-23.64554],[-47.37148,-23.64455],[-47.37643,-23.64545],[-47.37852,-23.64458],[-47.38047,-23.64344],[-47.38191,-23.64485],[-47.38349,-23.64551],[-47.38539,-23.64568],[-47.38855,-23.64531],[-47.38996,-23.64529],[-47.39135,-23.64416],[-47.39331,-23.64361],[-47.39521,-23.64345],[-47.39803,-23.63998],[-47.39952,-23.63671],[-47.4008,-23.63702],[-47.40254,-23.63602],[-47.40321,-23.63426],[-47.40247,-23.63245],[-47.4028,-23.63083],[-47.40418,-23.62938],[-47.40364,-23.62631],[-47.40572,-23.62498],[-47.41205,-23.62424],[-47.41391,-23.62227],[-47.41408,-23.6198],[-47.413,-23.61856],[-47.41144,-23.61807],[-47.4076,-23.61964],[-47.40513,-23.61929],[-47.40371,-23.61853],[-47.40263,-23.61758],[-47.40247,-23.61616],[-47.40045,-23.61372],[-47.39764,-23.61409],[-47.39664,-23.61247],[-47.39591,-23.61257],[-47.39512,-23.61241],[-47.39354,-23.61158],[-47.39298,-23.61153],[-47.39188,-23.61083],[-47.39024,-23.60935],[-47.38529,-23.60401],[-47.38061,-23.60335],[-47.38131,-23.60654],[-47.38552,-23.61053],[-47.38319,-23.61099],[-47.38035,-23.61038],[-47.38043,-23.61153],[-47.37907,-23.60994],[-47.37759,-23.61002],[-47.37677,-23.61117],[-47.37555,-23.6114],[-47.37461,-23.61147],[-47.37314,-23.61082],[-47.37188,-23.60912],[-47.37031,-23.60813],[-47.37015,-23.60711],[-47.3687,-23.60587],[-47.36733,-23.60591],[-47.36624,-23.60736],[-47.36567,-23.60878],[-47.36377,-23.6088],[-47.36212,-23.60827],[-47.36209,-23.60698],[-47.3611,-23.60569],[-47.35941,-23.60588],[-47.35929,-23.60686],[-47.35703,-23.61069],[-47.35416,-23.60978],[-47.35167,-23.60845],[-47.34844,-23.60774],[-47.34549,-23.60815],[-47.34421,-23.60964],[-47.34219,-23.60893],[-47.33803,-23.6067],[-47.33776,-23.6057],[-47.33652,-23.60394],[-47.33405,-23.60329],[-47.33169,-23.60453],[-47.32962,-23.60504],[-47.32844,-23.603],[-47.32556,-23.60185],[-47.32671,-23.59916],[-47.33005,-23.5971],[-47.33207,-23.59721],[-47.33481,-23.59652],[-47.33728,-23.59848],[-47.3396,-23.59757],[-47.3394,-23.59547],[-47.33801,-23.59524],[-47.33592,-23.59413],[-47.33366,-23.59356],[-47.33178,-23.59275],[-47.32939,-23.59278],[-47.32655,-23.59208],[-47.32326,-23.59174],[-47.32119,-23.59091],[-47.32013,-23.58967],[-47.31868,-23.58851],[-47.3176,-23.59025],[-47.31618,-23.591],[-47.3152,-23.59087],[-47.31376,-23.59002],[-47.3123,-23.58855],[-47.31076,-23.5886],[-47.31,-23.58963],[-47.30893,-23.59054],[-47.30694,-23.59039],[-47.30549,-23.58854],[-47.30549,-23.587],[-47.30443,-23.5855],[-47.30309,-23.58625],[-47.30276,-23.58792],[-47.30334,-23.58944],[-47.30231,-23.59079],[-47.29898,-23.59415],[-47.29736,-23.59515],[-47.29601,-23.59789],[-47.29394,-23.59931],[-47.29259,-23.5979],[-47.29143,-23.59542],[-47.29373,-23.59267],[-47.29334,-23.58979],[-47.29274,-23.58709],[-47.29141,-23.58528],[-47.28884,-23.58443],[-47.2861,-23.58078],[-47.28427,-23.57892],[-47.28336,-23.57741],[-47.28208,-23.57637],[-47.28207,-23.57437],[-47.28084,-23.57682],[-47.27846,-23.57643],[-47.27744,-23.57522],[-47.27709,-23.57359],[-47.27395,-23.57315],[-47.27195,-23.57338],[-47.26982,-23.57254],[-47.26807,-23.57282],[-47.26447,-23.57401],[-47.26176,-23.57456],[-47.25976,-23.57339],[-47.25697,-23.57508],[-47.25493,-23.57542],[-47.25275,-23.57716],[-47.24993,-23.5778],[-47.24755,-23.5788],[-47.24426,-23.57902],[-47.24003,-23.57634],[-47.23841,-23.57507],[-47.23639,-23.57439],[-47.23645,-23.57516],[-47.23578,-23.5752],[-47.23531,-23.57482],[-47.23455,-23.57486],[-47.23397,-23.57627],[-47.23268,-23.57753],[-47.23426,-23.58046],[-47.2344,-23.58098],[-47.23444,-23.58259],[-47.23486,-23.58336],[-47.23399,-23.5844],[-47.23439,-23.58567],[-47.23492,-23.58668],[-47.23596,-23.58772],[-47.2383,-23.58821],[-47.23896,-23.58869],[-47.23973,-23.59053],[-47.2407,-23.59104],[-47.24251,-23.59139],[-47.24387,-23.59192],[-47.24513,-23.59273],[-47.24609,-23.59509],[-47.24736,-23.59621],[-47.24862,-23.59612],[-47.24966,-23.59583],[-47.25128,-23.59512],[-47.25393,-23.59727],[-47.25462,-23.59739],[-47.25599,-23.59686],[-47.25672,-23.5968],[-47.25811,-23.59779],[-47.2587,-23.59783],[-47.25933,-23.59764],[-47.25976,-23.5978],[-47.26077,-23.59922],[-47.26137,-23.59924],[-47.26324,-23.59863],[-47.26435,-23.59911],[-47.26499,-23.59919],[-47.26798,-23.60014],[-47.26886,-23.60015],[-47.27054,-23.60071],[-47.2702,-23.6011],[-47.26834,-23.60169],[-47.2675,-23.60162],[-47.26586,-23.60116],[-47.26602,-23.60177],[-47.26459,-23.60187],[-47.26285,-23.60228],[-47.26255,-23.60192],[-47.26249,-23.60142],[-47.26199,-23.60143],[-47.26192,-23.60237],[-47.26149,-23.60269],[-47.2609,-23.60246],[-47.26027,-23.60274],[-47.25963,-23.60276],[-47.2592,-23.60337],[-47.25874,-23.60368],[-47.2589,-23.60252],[-47.25845,-23.60191],[-47.25767,-23.60206],[-47.25768,-23.60259],[-47.2571,-23.60308],[-47.2566,-23.60261],[-47.25535,-23.60268],[-47.25489,-23.60294],[-47.25419,-23.60296],[-47.25392,-23.60246],[-47.25322,-23.60252],[-47.25285,-23.60301],[-47.25165,-23.60301],[-47.25112,-23.60389],[-47.25088,-23.60283],[-47.25068,-23.60283],[-47.25055,-23.60253],[-47.25001,-23.60251],[-47.24985,-23.60333],[-47.24954,-23.60397],[-47.24817,-23.60387],[-47.24732,-23.60366],[-47.24719,-23.60299],[-47.2473,-23.60243],[-47.24687,-23.60194],[-47.24626,-23.60195],[-47.24596,-23.60223],[-47.24591,-23.60279],[-47.24432,-23.60186],[-47.24348,-23.60232],[-47.24053,-23.60208],[-47.2406,-23.6016],[-47.24085,-23.60145],[-47.24129,-23.60159],[-47.24139,-23.60126],[-47.24219,-23.60125],[-47.24165,-23.60076],[-47.24146,-23.60021],[-47.24012,-23.59964],[-47.24064,-23.59874],[-47.23966,-23.59842],[-47.23835,-23.59983],[-47.23819,-23.60049],[-47.23679,-23.60149],[-47.23638,-23.60094],[-47.23562,-23.60089],[-47.23439,-23.60054],[-47.23349,-23.59933],[-47.23222,-23.59878],[-47.23212,-23.59804],[-47.23334,-23.59729],[-47.23386,-23.59654],[-47.23492,-23.5962],[-47.23553,-23.59562],[-47.23507,-23.59473],[-47.23418,-23.59409],[-47.23091,-23.59495],[-47.22975,-23.59456],[-47.22962,-23.59203],[-47.23058,-23.58861],[-47.23007,-23.58765],[-47.2272,-23.58666],[-47.22637,-23.58661],[-47.22584,-23.58764],[-47.22469,-23.58632],[-47.2235,-23.58745],[-47.22148,-23.58566],[-47.21974,-23.58473],[-47.21967,-23.58563],[-47.21923,-23.58584],[-47.21927,-23.58642],[-47.21819,-23.5848],[-47.21787,-23.58622],[-47.21652,-23.58502],[-47.21395,-23.58385],[-47.21412,-23.58244],[-47.21267,-23.58239],[-47.21226,-23.58376],[-47.20909,-23.58518],[-47.20689,-23.58359],[-47.20489,-23.58129],[-47.20587,-23.57906],[-47.20725,-23.5765],[-47.20933,-23.57531],[-47.21036,-23.57237],[-47.21172,-23.57141],[-47.21391,-23.57083],[-47.2154,-23.56929],[-47.21787,-23.56909],[-47.21948,-23.56822],[-47.22073,-23.56672],[-47.2271,-23.56761],[-47.23116,-23.56669],[-47.22966,-23.56443],[-47.22882,-23.56239],[-47.22921,-23.56015],[-47.23332,-23.56102],[-47.2374,-23.56098],[-47.23954,-23.56139],[-47.24492,-23.56377],[-47.24848,-23.56483],[-47.25123,-23.56753],[-47.24963,-23.56844],[-47.25288,-23.56967],[-47.25408,-23.56955],[-47.25358,-23.56809],[-47.25354,-23.56561],[-47.25254,-23.56472],[-47.25004,-23.56152],[-47.24977,-23.56017],[-47.25041,-23.55963],[-47.24942,-23.55889],[-47.24427,-23.55859],[-47.24196,-23.55749],[-47.24116,-23.55848],[-47.24077,-23.55977],[-47.23981,-23.56091],[-47.23875,-23.56108],[-47.23546,-23.55947],[-47.23363,-23.55776],[-47.23215,-23.55726],[-47.22996,-23.55804],[-47.22579,-23.55795],[-47.22321,-23.55815],[-47.22257,-23.55922],[-47.22285,-23.56102],[-47.22451,-23.5625],[-47.22511,-23.56438],[-47.22514,-23.56588],[-47.224,-23.5665],[-47.22064,-23.56595],[-47.21744,-23.56494],[-47.21636,-23.56397],[-47.21472,-23.56385],[-47.21335,-23.56454],[-47.21338,-23.56627],[-47.21317,-23.56869],[-47.21197,-23.57044],[-47.20855,-23.57086],[-47.20791,-23.572],[-47.20655,-23.57352],[-47.20452,-23.57431],[-47.20182,-23.57397],[-47.19976,-23.57347],[-47.19876,-23.57213],[-47.1959,-23.57194],[-47.19547,-23.5709],[-47.19463,-23.56955],[-47.19437,-23.56843],[-47.19533,-23.56728],[-47.19555,-23.56577],[-47.19431,-23.56489],[-47.19211,-23.56507],[-47.19064,-23.56562],[-47.1886,-23.56535],[-47.18745,-23.56499],[-47.18675,-23.56274],[-47.18674,-23.56161],[-47.18529,-23.56126],[-47.17982,-23.56133],[-47.17834,-23.56075],[-47.17709,-23.55987],[-47.17649,-23.55814],[-47.17622,-23.55649],[-47.17535,-23.55312],[-47.1733,-23.55277],[-47.17208,-23.55294],[-47.1699,-23.55447],[-47.16986,-23.55726],[-47.17029,-23.55838],[-47.17196,-23.56084],[-47.17193,-23.56127],[-47.17143,-23.56153],[-47.17027,-23.5617],[-47.16985,-23.56216],[-47.16987,-23.56329],[-47.17073,-23.56536],[-47.17366,-23.56768],[-47.17397,-23.5702],[-47.17307,-23.57165],[-47.17136,-23.57284],[-47.17003,-23.57316],[-47.16445,-23.57697],[-47.16239,-23.57783],[-47.16099,-23.57776],[-47.15881,-23.57657],[-47.1583,-23.5756],[-47.15723,-23.57519],[-47.15596,-23.57535],[-47.15484,-23.57592],[-47.15388,-23.57662],[-47.1511,-23.5768],[-47.15013,-23.57716],[-47.14811,-23.57753],[-47.14676,-23.57755],[-47.14586,-23.57791],[-47.14227,-23.57865],[-47.14039,-23.57868],[-47.13888,-23.57835],[-47.13663,-23.57811],[-47.13249,-23.57796],[-47.13098,-23.57728],[-47.1267,-23.57721],[-47.12299,-23.57775],[-47.1211,-23.57729],[-47.11869,-23.57711],[-47.11795,-23.57761],[-47.11774,-23.57851],[-47.11685,-23.57901],[-47.11513,-23.57944],[-47.11219,-23.57893],[-47.11067,-23.57771],[-47.10992,-23.57772],[-47.10932,-23.57807],[-47.10881,-23.57898],[-47.10846,-23.5805],[-47.10878,-23.58154],[-47.1088,-23.58327],[-47.10777,-23.58452],[-47.10832,-23.58604],[-47.10819,-23.58742],[-47.10723,-23.5882],[-47.10648,-23.58848],[-47.1037,-23.58825],[-47.10176,-23.58876],[-47.09987,-23.58844],[-47.09911,-23.58762],[-47.09738,-23.58729],[-47.09497,-23.58733],[-47.09331,-23.5868],[-47.09182,-23.58545],[-47.09165,-23.58372],[-47.08823,-23.58135],[-47.08709,-23.58033],[-47.08573,-23.58034],[-47.08462,-23.5814],[-47.08337,-23.58293],[-47.08127,-23.58296],[-47.07962,-23.58319],[-47.07963,-23.58354],[-47.07588,-23.58393],[-47.0751,-23.58208],[-47.07358,-23.5812],[-47.07019,-23.58055],[-47.06883,-23.58009],[-47.06627,-23.57984],[-47.06478,-23.58049],[-47.06366,-23.58071],[-47.0623,-23.58059],[-47.06079,-23.58005],[-47.05996,-23.57927],[-47.05969,-23.57818],[-47.05866,-23.5773],[-47.05663,-23.57838],[-47.05574,-23.57844],[-47.0539,-23.57823],[-47.05219,-23.57713],[-47.05103,-23.57569],[-47.04742,-23.57323],[-47.04634,-23.57189],[-47.04432,-23.57004],[-47.04326,-23.5686],[-47.03847,-23.56616],[-47.03729,-23.56309],[-47.03669,-23.56218],[-47.03577,-23.56186],[-47.0351,-23.56207],[-47.03376,-23.56322],[-47.03354,-23.56385],[-47.032,-23.56637],[-47.03164,-23.5665],[-47.0311,-23.56713],[-47.03089,-23.56818],[-47.03058,-23.56847],[-47.02752,-23.56968],[-47.02686,-23.5706],[-47.02598,-23.5722],[-47.02568,-23.57354],[-47.02533,-23.57417],[-47.02457,-23.57501],[-47.024,-23.57606],[-47.02355,-23.5778],[-47.02288,-23.57839],[-47.02258,-23.57956],[-47.02147,-23.58083],[-47.02155,-23.58645],[-47.01962,-23.58719],[-47.01963,-23.58802],[-47.02065,-23.58959],[-47.02227,-23.59156],[-47.02625,-23.59151],[-47.02878,-23.59211],[-47.0288,-23.59302],[-47.0269,-23.59389],[-47.02599,-23.59482],[-47.0254,-23.59603],[-47.02505,-23.59779],[-47.0252,-23.59814],[-47.02506,-23.59871],[-47.02332,-23.59948],[-47.02414,-23.5995],[-47.02572,-23.59876],[-47.02584,-23.59832],[-47.02571,-23.59787],[-47.02606,-23.59612],[-47.02668,-23.59494],[-47.02754,-23.59398],[-47.02947,-23.59308],[-47.03187,-23.59281],[-47.03306,-23.59247],[-47.03463,-23.59512],[-47.03646,-23.59735],[-47.03674,-23.59815],[-47.03762,-23.59814],[-47.03762,-23.59827],[-47.03748,-23.59828],[-47.03749,-23.59922],[-47.03778,-23.59922],[-47.03778,-23.59881],[-47.03807,-23.59868],[-47.03791,-23.59759],[-47.03908,-23.59744],[-47.03999,-23.5996],[-47.03955,-23.59974],[-47.03941,-23.60001],[-47.03853,-23.60016],[-47.03853,-23.60029],[-47.03765,-23.60031],[-47.03766,-23.60044],[-47.03707,-23.60045],[-47.03721,-23.59991],[-47.03662,-23.60005],[-47.03697,-23.60201],[-47.04024,-23.60554],[-47.04159,-23.60847],[-47.04267,-23.61133],[-47.04349,-23.61197],[-47.04805,-23.61358],[-47.04801,-23.61477],[-47.04775,-23.61574],[-47.0481,-23.61684],[-47.04952,-23.61797],[-47.05047,-23.61846],[-47.0521,-23.6184],[-47.0534,-23.61752],[-47.05427,-23.61741],[-47.05541,-23.61759],[-47.05732,-23.62007],[-47.05739,-23.62204],[-47.05791,-23.62448],[-47.05848,-23.62593],[-47.05962,-23.62747],[-47.06015,-23.62848],[-47.06015,-23.63012],[-47.05896,-23.63495],[-47.05901,-23.63609],[-47.05969,-23.63743],[-47.06007,-23.63967],[-47.0621,-23.64233],[-47.06148,-23.64263],[-47.06226,-23.64401],[-47.06459,-23.6458],[-47.06694,-23.64662],[-47.07135,-23.64719],[-47.0735,-23.6514],[-47.07617,-23.65364],[-47.08096,-23.65436],[-47.08392,-23.65558],[-47.08376,-23.65865],[-47.0869,-23.65916],[-47.08863,-23.65855],[-47.08906,-23.65754],[-47.09099,-23.65731],[-47.09313,-23.65868],[-47.09593,-23.65868],[-47.09747,-23.65764],[-47.10066,-23.65948],[-47.10399,-23.65893],[-47.10459,-23.65714],[-47.10682,-23.65737],[-47.10768,-23.65588],[-47.11796,-23.65653],[-47.12102,-23.6565],[-47.12437,-23.65571],[-47.12674,-23.65469],[-47.13036,-23.65159],[-47.13365,-23.65057],[-47.13622,-23.65033],[-47.13707,-23.64999],[-47.13706,-23.64975],[-47.13794,-23.64964],[-47.13808,-23.6492],[-47.14043,-23.64903],[-47.14043,-23.64889],[-47.14116,-23.64875],[-47.14116,-23.64861],[-47.14189,-23.64847],[-47.14189,-23.64833],[-47.14233,-23.64819],[-47.14233,-23.64806],[-47.14379,-23.6479],[-47.14365,-23.64817],[-47.1438,-23.64817],[-47.1438,-23.64831],[-47.14439,-23.6483],[-47.14439,-23.64844],[-47.14483,-23.64829],[-47.14483,-23.64816],[-47.145,-23.64829],[-47.14717,-23.64773],[-47.14731,-23.64731],[-47.14848,-23.64702],[-47.14848,-23.64675],[-47.14716,-23.64677],[-47.14714,-23.64555],[-47.14728,-23.64555],[-47.14727,-23.64501],[-47.14757,-23.64514],[-47.14757,-23.64527],[-47.14816,-23.64527],[-47.14815,-23.64472],[-47.148,-23.64473],[-47.14756,-23.64419],[-47.14785,-23.64419],[-47.14785,-23.64405],[-47.14843,-23.64364],[-47.14842,-23.64323],[-47.14857,-23.64323],[-47.14871,-23.64282],[-47.14944,-23.64281],[-47.14945,-23.64308],[-47.1496,-23.64308],[-47.14961,-23.64376],[-47.1499,-23.64389],[-47.15007,-23.6451],[-47.15022,-23.6451],[-47.15022,-23.64524],[-47.15066,-23.6451],[-47.15066,-23.64523],[-47.15081,-23.64523],[-47.1508,-23.64509],[-47.1511,-23.64509],[-47.15096,-23.6459],[-47.15126,-23.6459],[-47.15156,-23.6463],[-47.15171,-23.6463],[-47.1517,-23.64617],[-47.15259,-23.64615],[-47.15259,-23.64629],[-47.15303,-23.64628],[-47.15318,-23.64655],[-47.15421,-23.64654],[-47.15435,-23.64626],[-47.15465,-23.64626],[-47.15464,-23.64612],[-47.15582,-23.64597],[-47.15581,-23.64584],[-47.15625,-23.64583],[-47.15625,-23.6457],[-47.15743,-23.64568],[-47.15743,-23.64554],[-47.15787,-23.64554],[-47.15786,-23.6454],[-47.15816,-23.6454],[-47.15816,-23.64526],[-47.15933,-23.64511],[-47.15933,-23.64498],[-47.15962,-23.64511],[-47.15963,-23.64551],[-47.16022,-23.6455],[-47.16021,-23.6451],[-47.1605,-23.64496],[-47.1605,-23.64455],[-47.16064,-23.64455],[-47.16049,-23.64415],[-47.16064,-23.64414],[-47.16078,-23.6436],[-47.16092,-23.6436],[-47.16092,-23.64319],[-47.16135,-23.64292],[-47.16149,-23.64251],[-47.16179,-23.6425],[-47.16178,-23.64237],[-47.16281,-23.64235],[-47.16282,-23.64249],[-47.16311,-23.64262],[-47.16312,-23.64316],[-47.16327,-23.64316],[-47.1633,-23.64506],[-47.16315,-23.64506],[-47.16316,-23.64573],[-47.16346,-23.64587],[-47.16347,-23.64627],[-47.16376,-23.6464],[-47.16376,-23.64654],[-47.16421,-23.64667],[-47.16421,-23.64678],[-47.16495,-23.64688],[-47.16524,-23.64665],[-47.16537,-23.64611],[-47.16626,-23.6461],[-47.16626,-23.64623],[-47.16714,-23.64649],[-47.167,-23.64676]],[[-47.06326,-23.64175],[-47.06591,-23.63966],[-47.06669,-23.63957],[-47.07277,-23.63977],[-47.07379,-23.63933],[-47.0762,-23.63668],[-47.07791,-23.63529],[-47.08114,-23.63333],[-47.08822,-23.63018],[-47.0948,-23.62635],[-47.09595,-23.626],[-47.09801,-23.62594],[-47.10042,-23.62537],[-47.10466,-23.62342],[-47.10788,-23.62282],[-47.11602,-23.62235],[-47.11942,-23.62155],[-47.12328,-23.62187],[-47.12895,-23.61973],[-47.1328,-23.62005],[-47.13644,-23.61944],[-47.1423,-23.61805],[-47.14412,-23.61784],[-47.14717,-23.61836],[-47.15019,-23.61776],[-47.15222,-23.61699],[-47.15281,-23.61604],[-47.15725,-23.61467],[-47.15763,-23.61354],[-47.15885,-23.61278],[-47.16349,-23.61197],[-47.16567,-23.60952],[-47.16708,-23.60818],[-47.16892,-23.60928],[-47.17016,-23.61038],[-47.17079,-23.61168],[-47.17261,-23.61165],[-47.17483,-23.61069],[-47.17686,-23.61014],[-47.17776,-23.61147],[-47.18287,-23.61167],[-47.18856,-23.61118],[-47.1934,-23.61166],[-47.19766,-23.61307],[-47.20106,-23.61505],[-47.20458,-23.61581],[-47.2075,-23.61603],[-47.21,-23.61654],[-47.21149,-23.61827],[-47.21534,-23.62118],[-47.21815,-23.62302],[-47.22426,-23.62118],[-47.22774,-23.61979],[-47.23057,-23.62271],[-47.23152,-23.62701],[-47.22793,-23.6311],[-47.22196,-23.63266],[-47.21663,-23.62803],[-47.21252,-23.62687],[-47.20884,-23.62518],[-47.20498,-23.6228],[-47.20087,-23.62125],[-47.19809,-23.62088],[-47.19631,-23.61996],[-47.19425,-23.61864],[-47.19163,-23.61882],[-47.18782,-23.61941],[-47.18497,-23.62026],[-47.18257,-23.62213],[-47.18326,-23.62416],[-47.18089,-23.62766],[-47.18006,-23.63113],[-47.18031,-23.63317],[-47.17998,-23.63456],[-47.17988,-23.63623],[-47.1782,-23.63709],[-47.17335,-23.63672],[-47.1713,-23.63715],[-47.16926,-23.63678],[-47.16796,-23.6376],[-47.16468,-23.63692],[-47.16223,-23.63719],[-47.15778,-23.63641],[-47.15403,-23.63683],[-47.15218,-23.63614],[-47.14896,-23.63654],[-47.1462,-23.63562],[-47.14246,-23.63699],[-47.13985,-23.6363],[-47.13674,-23.63719],[-47.13416,-23.63746],[-47.13133,-23.63941],[-47.12846,-23.63958],[-47.12513,-23.64166],[-47.12199,-23.64296],[-47.12122,-23.64055],[-47.12002,-23.63827],[-47.1175,-23.63722],[-47.1125,-23.63886],[-47.10056,-23.63515],[-47.09676,-23.63527],[-47.09137,-23.642],[-47.09018,-23.64797],[-47.0829,-23.65003],[-47.08067,-23.65214],[-47.07609,-23.65019],[-47.07532,-23.64683],[-47.07173,-23.64538],[-47.06684,-23.64485],[-47.06494,-23.64423],[-47.06339,-23.64269],[-47.0621,-23.64233],[-47.06326,-23.64175]],[[-47.33991,-23.70835],[-47.33883,-23.70887],[-47.33737,-23.70906],[-47.33518,-23.70695],[-47.33482,-23.70568],[-47.33199,-23.70515],[-47.32947,-23.7059],[-47.32807,-23.70354],[-47.32683,-23.70194],[-47.32369,-23.70393],[-47.31955,-23.70327],[-47.31591,-23.70384],[-47.31251,-23.70388],[-47.30998,-23.70609],[-47.30755,-23.70882],[-47.30432,-23.70865],[-47.30176,-23.70973],[-47.29964,-23.71037],[-47.29902,-23.71279],[-47.29703,-23.71607],[-47.29679,-23.71936],[-47.29514,-23.72247],[-47.29445,-23.72475],[-47.29304,-23.72612],[-47.29157,-23.72873],[-47.29069,-23.73167],[-47.28954,-23.73157],[-47.29298,-23.72284],[-47.29258,-23.72099],[-47.29241,-23.71919],[-47.29176,-23.71669],[-47.29123,-23.71572],[-47.29068,-23.71515],[-47.28845,-23.71332],[-47.28774,-23.71175],[-47.2866,-23.71039],[-47.28559,-23.70947],[-47.28285,-23.70824],[-47.2804,-23.70776],[-47.27993,-23.70779],[-47.27645,-23.7063],[-47.27503,-23.70601],[-47.27321,-23.70575],[-47.27206,-23.70581],[-47.26992,-23.7063],[-47.2686,-23.70696],[-47.26907,-23.70642],[-47.27049,-23.70585],[-47.27183,-23.70474],[-47.27229,-23.70406],[-47.27264,-23.70311],[-47.27283,-23.70188],[-47.27254,-23.7006],[-47.27202,-23.69958],[-47.27109,-23.69858],[-47.26983,-23.69788],[-47.26777,-23.69704],[-47.26525,-23.69666],[-47.26434,-23.69667],[-47.26198,-23.69704],[-47.25912,-23.69855],[-47.25745,-23.6996],[-47.25484,-23.70031],[-47.25484,-23.69982],[-47.25443,-23.69855],[-47.2534,-23.69759],[-47.25263,-23.69662],[-47.25227,-23.69584],[-47.25101,-23.6946],[-47.25085,-23.69409],[-47.25096,-23.69351],[-47.25051,-23.69281],[-47.24937,-23.69167],[-47.24886,-23.69015],[-47.24839,-23.68932],[-47.24584,-23.6869],[-47.24512,-23.6857],[-47.24437,-23.68353],[-47.24451,-23.68199],[-47.24419,-23.68038],[-47.24206,-23.67736],[-47.24243,-23.67724],[-47.2433,-23.67742],[-47.24602,-23.6801],[-47.24918,-23.68264],[-47.25287,-23.68399],[-47.25552,-23.68398],[-47.25759,-23.68323],[-47.26021,-23.68385],[-47.26547,-23.68385],[-47.26707,-23.68461],[-47.26768,-23.68566],[-47.26883,-23.6838],[-47.26957,-23.68382],[-47.27369,-23.685],[-47.27453,-23.68418],[-47.27567,-23.68375],[-47.27769,-23.68324],[-47.27913,-23.68318],[-47.28111,-23.68224],[-47.2824,-23.67962],[-47.28438,-23.6771],[-47.28789,-23.67536],[-47.28964,-23.67484],[-47.28876,-23.67481],[-47.28876,-23.67453],[-47.28831,-23.67441],[-47.2883,-23.67346],[-47.28844,-23.67346],[-47.28844,-23.67319],[-47.28873,-23.67318],[-47.28873,-23.67305],[-47.28902,-23.67291],[-47.2893,-23.67209],[-47.28974,-23.67181],[-47.28974,-23.67168],[-47.29062,-23.67153],[-47.29061,-23.67126],[-47.29032,-23.6714],[-47.29032,-23.67126],[-47.29002,-23.67127],[-47.29002,-23.67113],[-47.28973,-23.67114],[-47.28973,-23.67127],[-47.28944,-23.67127],[-47.28944,-23.67141],[-47.289,-23.67155],[-47.28898,-23.6702],[-47.28941,-23.67006],[-47.28941,-23.66965],[-47.28985,-23.66964],[-47.28985,-23.66978],[-47.29,-23.66978],[-47.29046,-23.67099],[-47.2909,-23.67112],[-47.29105,-23.67139],[-47.29194,-23.67137],[-47.29178,-23.6711],[-47.2912,-23.67111],[-47.29119,-23.67084],[-47.29163,-23.67057],[-47.29163,-23.67043],[-47.29192,-23.67043],[-47.29192,-23.67029],[-47.29221,-23.67029],[-47.29221,-23.67015],[-47.29265,-23.67014],[-47.29279,-23.66987],[-47.29323,-23.66973],[-47.29322,-23.66919],[-47.29278,-23.66906],[-47.29277,-23.66865],[-47.29233,-23.66852],[-47.29233,-23.66866],[-47.29174,-23.66867],[-47.29174,-23.6688],[-47.2916,-23.66881],[-47.29145,-23.66854],[-47.2913,-23.66854],[-47.29129,-23.668],[-47.29144,-23.668],[-47.29172,-23.66758],[-47.29216,-23.66758],[-47.29245,-23.66717],[-47.29274,-23.66716],[-47.29288,-23.66662],[-47.29376,-23.66647],[-47.29376,-23.66661],[-47.29391,-23.6666],[-47.29391,-23.66633],[-47.29376,-23.66634],[-47.29375,-23.66593],[-47.29301,-23.6654],[-47.2927,-23.66459],[-47.29241,-23.6646],[-47.2924,-23.66432],[-47.29211,-23.66433],[-47.2921,-23.66419],[-47.29196,-23.6642],[-47.29196,-23.66433],[-47.29123,-23.66434],[-47.29122,-23.66421],[-47.29093,-23.66421],[-47.29092,-23.66394],[-47.29078,-23.66394],[-47.29077,-23.66367],[-47.29063,-23.66367],[-47.29062,-23.66327],[-47.29047,-23.66327],[-47.29059,-23.66164],[-47.29044,-23.66165],[-47.29044,-23.66137],[-47.28999,-23.66111],[-47.28998,-23.66057],[-47.28984,-23.66057],[-47.28983,-23.6603],[-47.29189,-23.66013],[-47.29189,-23.66027],[-47.29233,-23.6604],[-47.29234,-23.6608],[-47.29264,-23.66094],[-47.29279,-23.66134],[-47.29294,-23.66134],[-47.2928,-23.66202],[-47.29222,-23.66216],[-47.29221,-23.66203],[-47.29207,-23.66203],[-47.29207,-23.66243],[-47.29222,-23.66243],[-47.29223,-23.6627],[-47.29237,-23.6627],[-47.29238,-23.66338],[-47.29253,-23.66337],[-47.29254,-23.66365],[-47.29283,-23.66364],[-47.29343,-23.66431],[-47.29431,-23.66403],[-47.29429,-23.66294],[-47.29444,-23.66294],[-47.29458,-23.66267],[-47.29517,-23.66266],[-47.29532,-23.66293],[-47.29561,-23.66306],[-47.29577,-23.6636],[-47.29621,-23.66373],[-47.29622,-23.66386],[-47.29651,-23.66386],[-47.2965,-23.66359],[-47.2968,-23.66345],[-47.29679,-23.66331],[-47.29797,-23.66329],[-47.29813,-23.6641],[-47.29828,-23.6641],[-47.29843,-23.66464],[-47.29858,-23.66464],[-47.29859,-23.66505],[-47.29874,-23.66504],[-47.29874,-23.66545],[-47.29845,-23.66559],[-47.29845,-23.66572],[-47.29801,-23.66573],[-47.29801,-23.6656],[-47.29668,-23.66534],[-47.29668,-23.66548],[-47.29625,-23.66562],[-47.29625,-23.66603],[-47.29611,-23.66603],[-47.29611,-23.6663],[-47.29596,-23.6663],[-47.29597,-23.66657],[-47.29568,-23.66671],[-47.29568,-23.66685],[-47.29524,-23.66686],[-47.29524,-23.66699],[-47.29554,-23.66699],[-47.29569,-23.66739],[-47.29584,-23.66739],[-47.29585,-23.6682],[-47.296,-23.6682],[-47.296,-23.66847],[-47.29615,-23.66847],[-47.29615,-23.66874],[-47.29645,-23.66873],[-47.29645,-23.66887],[-47.29748,-23.66885],[-47.29735,-23.66967],[-47.29823,-23.66965],[-47.29823,-23.66979],[-47.29852,-23.66979],[-47.29854,-23.67073],[-47.29839,-23.67074],[-47.2984,-23.67114],[-47.2987,-23.67127],[-47.29887,-23.67262],[-47.29916,-23.67276],[-47.29917,-23.67289],[-47.30005,-23.67288],[-47.30019,-23.67247],[-47.30062,-23.67219],[-47.30062,-23.67192],[-47.30106,-23.67178],[-47.3012,-23.67151],[-47.30135,-23.6715],[-47.30134,-23.6711],[-47.30104,-23.67097],[-47.30089,-23.6707],[-47.3006,-23.6707],[-47.30059,-23.67016],[-47.30044,-23.67016],[-47.30044,-23.67003],[-47.30117,-23.67002],[-47.30117,-23.66975],[-47.30132,-23.66974],[-47.30146,-23.66934],[-47.30131,-23.66934],[-47.3013,-23.66893],[-47.30086,-23.66894],[-47.30086,-23.66907],[-47.29998,-23.66895],[-47.29998,-23.66922],[-47.2994,-23.66964],[-47.29941,-23.66991],[-47.29897,-23.66991],[-47.29897,-23.66978],[-47.29867,-23.66965],[-47.29851,-23.66924],[-47.29807,-23.66912],[-47.29805,-23.66817],[-47.2982,-23.66817],[-47.2982,-23.6679],[-47.29805,-23.6679],[-47.29804,-23.66749],[-47.2979,-23.66749],[-47.29789,-23.66709],[-47.29921,-23.66707],[-47.29921,-23.66693],[-47.2998,-23.66679],[-47.29979,-23.66665],[-47.30009,-23.66665],[-47.30025,-23.66786],[-47.30011,-23.66787],[-47.30011,-23.66814],[-47.30099,-23.66812],[-47.301,-23.66826],[-47.30129,-23.66826],[-47.3013,-23.66866],[-47.30144,-23.66866],[-47.30145,-23.66879],[-47.30189,-23.66865],[-47.30188,-23.66825],[-47.30158,-23.66825],[-47.30143,-23.66798],[-47.30129,-23.66798],[-47.30128,-23.66771],[-47.30186,-23.6673],[-47.30186,-23.66689],[-47.30141,-23.66676],[-47.30141,-23.66663],[-47.30097,-23.66664],[-47.30095,-23.66569],[-47.3011,-23.66569],[-47.30109,-23.66528],[-47.30124,-23.66528],[-47.30124,-23.66514],[-47.30109,-23.66514],[-47.30079,-23.66474],[-47.30035,-23.66475],[-47.30034,-23.66407],[-47.30019,-23.66407],[-47.30004,-23.66381],[-47.29974,-23.66381],[-47.29974,-23.6634],[-47.29944,-23.66327],[-47.29943,-23.66287],[-47.29973,-23.66286],[-47.2997,-23.66164],[-47.29985,-23.66164],[-47.30001,-23.66205],[-47.3006,-23.66217],[-47.30092,-23.66366],[-47.30106,-23.66365],[-47.30107,-23.66379],[-47.30151,-23.66378],[-47.3015,-23.66365],[-47.30165,-23.66365],[-47.30166,-23.66392],[-47.3018,-23.66391],[-47.30195,-23.66418],[-47.30225,-23.66418],[-47.30225,-23.66445],[-47.3024,-23.66445],[-47.30224,-23.6635],[-47.30165,-23.66351],[-47.30163,-23.6627],[-47.30193,-23.66256],[-47.30236,-23.66201],[-47.3025,-23.66201],[-47.30251,-23.66214],[-47.3028,-23.662],[-47.30279,-23.6616],[-47.30294,-23.6616],[-47.3031,-23.66227],[-47.30353,-23.66199],[-47.30353,-23.66172],[-47.30412,-23.66171],[-47.30427,-23.66212],[-47.30412,-23.66212],[-47.30413,-23.66239],[-47.30383,-23.66239],[-47.30384,-23.66294],[-47.30443,-23.66293],[-47.30443,-23.66279],[-47.30472,-23.66279],[-47.30472,-23.66265],[-47.30501,-23.66265],[-47.30515,-23.66183],[-47.30529,-23.66183],[-47.30514,-23.66156],[-47.30558,-23.66156],[-47.30574,-23.6621],[-47.30589,-23.66209],[-47.30589,-23.66236],[-47.30604,-23.66236],[-47.30605,-23.6629],[-47.30576,-23.66304],[-47.30576,-23.66331],[-47.30547,-23.66332],[-47.30548,-23.66386],[-47.30577,-23.66399],[-47.30578,-23.6644],[-47.30593,-23.66439],[-47.30594,-23.66534],[-47.30609,-23.66534],[-47.30626,-23.66656],[-47.3067,-23.66655],[-47.3067,-23.66669],[-47.307,-23.66682],[-47.30715,-23.66722],[-47.30804,-23.66748],[-47.3082,-23.66815],[-47.30835,-23.66815],[-47.30835,-23.66856],[-47.3085,-23.66855],[-47.30836,-23.66896],[-47.30704,-23.66912],[-47.30703,-23.66871],[-47.30644,-23.66831],[-47.30643,-23.66818],[-47.30614,-23.66818],[-47.30614,-23.66791],[-47.30584,-23.66792],[-47.30583,-23.66738],[-47.30554,-23.66738],[-47.30554,-23.66724],[-47.30524,-23.66725],[-47.30524,-23.66738],[-47.30451,-23.66739],[-47.30451,-23.66753],[-47.3029,-23.66755],[-47.30275,-23.66783],[-47.30246,-23.66783],[-47.30246,-23.6681],[-47.30276,-23.6681],[-47.30276,-23.66796],[-47.30378,-23.66795],[-47.30378,-23.66781],[-47.30466,-23.6678],[-47.30467,-23.66793],[-47.30496,-23.66793],[-47.30496,-23.66807],[-47.30555,-23.66806],[-47.30586,-23.669],[-47.30557,-23.669],[-47.30543,-23.66928],[-47.30513,-23.66928],[-47.30513,-23.66942],[-47.30557,-23.66941],[-47.30558,-23.66955],[-47.30514,-23.66969],[-47.30514,-23.66982],[-47.30426,-23.66984],[-47.30411,-23.66957],[-47.30425,-23.66957],[-47.30425,-23.66943],[-47.3041,-23.66943],[-47.3041,-23.6693],[-47.30366,-23.66944],[-47.30367,-23.66957],[-47.30323,-23.66958],[-47.30307,-23.66931],[-47.30234,-23.66946],[-47.30235,-23.67014],[-47.3025,-23.67013],[-47.3025,-23.67027],[-47.30236,-23.67027],[-47.30237,-23.67095],[-47.30193,-23.67122],[-47.30193,-23.67136],[-47.30164,-23.67136],[-47.30165,-23.67204],[-47.30121,-23.67218],[-47.30093,-23.67259],[-47.30078,-23.6726],[-47.30079,-23.673],[-47.30064,-23.673],[-47.30064,-23.67314],[-47.3002,-23.67328],[-47.30022,-23.67436],[-47.30052,-23.67436],[-47.30067,-23.67476],[-47.30111,-23.67476],[-47.30141,-23.67516],[-47.30156,-23.67516],[-47.30172,-23.6757],[-47.30157,-23.6757],[-47.30157,-23.67583],[-47.3001,-23.67586],[-47.3001,-23.67572],[-47.29995,-23.67572],[-47.29994,-23.67518],[-47.30009,-23.67518],[-47.29993,-23.6745],[-47.29964,-23.67451],[-47.29963,-23.67424],[-47.29934,-23.67424],[-47.29933,-23.67397],[-47.29904,-23.67384],[-47.29903,-23.67357],[-47.29874,-23.67344],[-47.29873,-23.67317],[-47.29844,-23.67331],[-47.29843,-23.6729],[-47.29799,-23.67277],[-47.29799,-23.67264],[-47.29725,-23.67278],[-47.2971,-23.67238],[-47.29695,-23.67238],[-47.29695,-23.67211],[-47.2965,-23.67198],[-47.2962,-23.67158],[-47.29606,-23.67158],[-47.2959,-23.67077],[-47.29634,-23.67077],[-47.29633,-23.67063],[-47.29604,-23.6705],[-47.29588,-23.66996],[-47.29559,-23.6701],[-47.29545,-23.67037],[-47.29486,-23.67038],[-47.29486,-23.67052],[-47.29413,-23.67066],[-47.29399,-23.67094],[-47.29531,-23.67078],[-47.29531,-23.67105],[-47.29517,-23.67105],[-47.29502,-23.67133],[-47.29429,-23.67134],[-47.29415,-23.67202],[-47.29327,-23.67203],[-47.29327,-23.6719],[-47.29312,-23.6719],[-47.29298,-23.67217],[-47.29269,-23.67231],[-47.29255,-23.67299],[-47.29241,-23.67299],[-47.29241,-23.67326],[-47.29226,-23.67326],[-47.29213,-23.67421],[-47.29199,-23.67422],[-47.29199,-23.67449],[-47.2917,-23.67463],[-47.2917,-23.6749],[-47.29127,-23.67504],[-47.29276,-23.6762],[-47.29409,-23.67628],[-47.29514,-23.67557],[-47.2958,-23.67656],[-47.2974,-23.677],[-47.29874,-23.67782],[-47.29948,-23.67731],[-47.30087,-23.67687],[-47.3016,-23.67597],[-47.30261,-23.67707],[-47.3038,-23.67711],[-47.30506,-23.6765],[-47.30678,-23.67673],[-47.30831,-23.67626],[-47.31178,-23.67664],[-47.31279,-23.67658],[-47.31347,-23.67637],[-47.31441,-23.67532],[-47.31598,-23.67491],[-47.31938,-23.67622],[-47.32156,-23.67688],[-47.328,-23.67741],[-47.32887,-23.67804],[-47.32978,-23.67832],[-47.33169,-23.67838],[-47.33333,-23.67551],[-47.33323,-23.6728],[-47.33312,-23.6725],[-47.33258,-23.67197],[-47.33119,-23.67102],[-47.32822,-23.67002],[-47.32773,-23.66956],[-47.32693,-23.66713],[-47.32645,-23.66623],[-47.3263,-23.665],[-47.32728,-23.66182],[-47.34085,-23.66402],[-47.34648,-23.66932],[-47.35241,-23.67267],[-47.35784,-23.67661],[-47.3515,-23.69841],[-47.34398,-23.70904],[-47.34046,-23.70688],[-47.33991,-23.70835]],[[-47.31673,-23.66017],[-47.31747,-23.66016],[-47.31747,-23.6603],[-47.31791,-23.66056],[-47.31792,-23.66083],[-47.31807,-23.66083],[-47.31807,-23.6611],[-47.31837,-23.66123],[-47.31852,-23.66163],[-47.31896,-23.66163],[-47.31896,-23.66149],[-47.31925,-23.66149],[-47.31925,-23.66135],[-47.32013,-23.66134],[-47.32014,-23.66147],[-47.32043,-23.66147],[-47.32058,-23.66187],[-47.32088,-23.662],[-47.32089,-23.66241],[-47.32103,-23.66241],[-47.32104,-23.66268],[-47.32119,-23.66268],[-47.32119,-23.66295],[-47.32149,-23.66308],[-47.32149,-23.66335],[-47.32164,-23.66335],[-47.32179,-23.66375],[-47.32194,-23.66375],[-47.32195,-23.66402],[-47.32224,-23.66415],[-47.32225,-23.66469],[-47.32254,-23.66469],[-47.3227,-23.66509],[-47.32226,-23.6651],[-47.32227,-23.6655],[-47.32168,-23.66565],[-47.32154,-23.66592],[-47.32124,-23.66593],[-47.32125,-23.66606],[-47.32036,-23.66607],[-47.32022,-23.66648],[-47.31964,-23.66649],[-47.31962,-23.66568],[-47.31933,-23.66555],[-47.31932,-23.66528],[-47.31917,-23.66528],[-47.31917,-23.66514],[-47.31932,-23.66514],[-47.31931,-23.66447],[-47.31916,-23.66447],[-47.31916,-23.66433],[-47.3193,-23.66433],[-47.3193,-23.6642],[-47.31916,-23.6642],[-47.31915,-23.66379],[-47.31856,-23.66353],[-47.31856,-23.66394],[-47.31886,-23.66407],[-47.31886,-23.66434],[-47.31813,-23.66421],[-47.31813,-23.66435],[-47.31798,-23.66435],[-47.31798,-23.66421],[-47.31783,-23.66422],[-47.31783,-23.66381],[-47.31753,-23.66368],[-47.31751,-23.6626],[-47.31766,-23.66259],[-47.3178,-23.66219],[-47.31765,-23.66219],[-47.31765,-23.66205],[-47.31691,-23.6622],[-47.31691,-23.66206],[-47.31647,-23.66207],[-47.31617,-23.66167],[-47.31602,-23.66167],[-47.31602,-23.6614],[-47.31587,-23.6614],[-47.31586,-23.66073],[-47.31601,-23.66072],[-47.31601,-23.66086],[-47.3163,-23.66085],[-47.3163,-23.66058],[-47.31659,-23.66044],[-47.31673,-23.66017]],[[-47.32802,-23.64159],[-47.32816,-23.64158],[-47.32817,-23.64172],[-47.32802,-23.64172],[-47.32802,-23.64159]],[[-47.32802,-23.64199],[-47.32788,-23.64199],[-47.32773,-23.64227],[-47.32744,-23.64227],[-47.32745,-23.64254],[-47.32715,-23.64268],[-47.32716,-23.64295],[-47.32687,-23.64309],[-47.32672,-23.64337],[-47.32628,-23.64337],[-47.32629,-23.64351],[-47.32585,-23.64351],[-47.32584,-23.64338],[-47.3257,-23.64338],[-47.3257,-23.64352],[-47.32526,-23.64352],[-47.32526,-23.64366],[-47.32497,-23.64366],[-47.32497,-23.6438],[-47.32439,-23.64421],[-47.32455,-23.64489],[-47.3244,-23.64489],[-47.3244,-23.64516],[-47.32411,-23.64517],[-47.32384,-23.64625],[-47.32295,-23.64613],[-47.32265,-23.64573],[-47.3225,-23.64573],[-47.3225,-23.64546],[-47.3222,-23.64533],[-47.32234,-23.64465],[-47.32263,-23.64465],[-47.32263,-23.64451],[-47.32248,-23.64451],[-47.32247,-23.64397],[-47.32277,-23.64397],[-47.32276,-23.64356],[-47.32261,-23.64356],[-47.32261,-23.64343],[-47.32232,-23.64343],[-47.32233,-23.64397],[-47.32203,-23.64398],[-47.32218,-23.64425],[-47.32189,-23.64425],[-47.32189,-23.64452],[-47.32085,-23.64372],[-47.32099,-23.64332],[-47.32011,-23.6436],[-47.31996,-23.64333],[-47.31938,-23.64334],[-47.31938,-23.64375],[-47.31894,-23.64375],[-47.31895,-23.64416],[-47.31807,-23.64417],[-47.31806,-23.64404],[-47.31792,-23.64404],[-47.3179,-23.64309],[-47.31805,-23.64309],[-47.31804,-23.64282],[-47.31833,-23.64268],[-47.31831,-23.64119],[-47.3186,-23.64119],[-47.3186,-23.64105],[-47.31889,-23.64091],[-47.3189,-23.64132],[-47.31949,-23.64131],[-47.31963,-23.6409],[-47.31977,-23.6409],[-47.31977,-23.64076],[-47.31962,-23.64076],[-47.31962,-23.64036],[-47.32005,-23.64022],[-47.32006,-23.64035],[-47.3205,-23.64034],[-47.3205,-23.64021],[-47.32064,-23.64021],[-47.32049,-23.6398],[-47.32064,-23.6398],[-47.32063,-23.63926],[-47.32048,-23.63926],[-47.32047,-23.63886],[-47.32062,-23.63885],[-47.32062,-23.63872],[-47.3212,-23.63871],[-47.32136,-23.63898],[-47.32195,-23.6391],[-47.32195,-23.63924],[-47.3221,-23.63924],[-47.3221,-23.63964],[-47.32269,-23.63963],[-47.32269,-23.63936],[-47.32283,-23.63936],[-47.32297,-23.63895],[-47.32341,-23.63895],[-47.32342,-23.63908],[-47.32386,-23.63908],[-47.32386,-23.63921],[-47.32401,-23.63921],[-47.324,-23.63894],[-47.32371,-23.63894],[-47.3237,-23.63881],[-47.32385,-23.6388],[-47.32384,-23.6384],[-47.32296,-23.63828],[-47.32266,-23.63787],[-47.32222,-23.63788],[-47.32222,-23.63815],[-47.32178,-23.63816],[-47.32178,-23.63829],[-47.32105,-23.63803],[-47.32119,-23.63763],[-47.32133,-23.63762],[-47.32132,-23.63695],[-47.32117,-23.63695],[-47.32102,-23.63641],[-47.32116,-23.63641],[-47.32116,-23.636],[-47.32145,-23.63586],[-47.32145,-23.63573],[-47.32188,-23.63558],[-47.32173,-23.63532],[-47.32188,-23.63531],[-47.32188,-23.63518],[-47.32173,-23.63518],[-47.32173,-23.63505],[-47.32202,-23.63504],[-47.32187,-23.63477],[-47.32202,-23.63477],[-47.32201,-23.63463],[-47.32143,-23.63464],[-47.32126,-23.63356],[-47.32111,-23.63356],[-47.32111,-23.63343],[-47.32067,-23.63344],[-47.32053,-23.63371],[-47.3195,-23.63386],[-47.3195,-23.63372],[-47.3192,-23.63359],[-47.3192,-23.63332],[-47.3189,-23.63319],[-47.31889,-23.63265],[-47.31904,-23.63265],[-47.31904,-23.63251],[-47.31889,-23.63251],[-47.31889,-23.63238],[-47.31815,-23.63239],[-47.31816,-23.63293],[-47.31802,-23.63293],[-47.31802,-23.6332],[-47.31787,-23.63321],[-47.31774,-23.63375],[-47.3173,-23.63376],[-47.3173,-23.63389],[-47.31715,-23.63389],[-47.3173,-23.6343],[-47.3176,-23.63429],[-47.31775,-23.63456],[-47.31804,-23.63456],[-47.31804,-23.63415],[-47.31818,-23.63415],[-47.31819,-23.63429],[-47.31833,-23.63428],[-47.31819,-23.63469],[-47.31893,-23.63468],[-47.31892,-23.63441],[-47.31922,-23.63441],[-47.31936,-23.63413],[-47.3198,-23.63413],[-47.31966,-23.6344],[-47.3201,-23.63453],[-47.32011,-23.6348],[-47.31967,-23.63481],[-47.31983,-23.63562],[-47.31954,-23.63575],[-47.31954,-23.63589],[-47.31939,-23.63589],[-47.31894,-23.63536],[-47.31879,-23.63536],[-47.31851,-23.63577],[-47.31821,-23.63577],[-47.31823,-23.63659],[-47.31808,-23.63659],[-47.31808,-23.63672],[-47.31764,-23.63646],[-47.31763,-23.63619],[-47.31792,-23.63605],[-47.31792,-23.63564],[-47.31748,-23.63579],[-47.31733,-23.63552],[-47.31689,-23.63552],[-47.31688,-23.63512],[-47.31658,-23.63512],[-47.31659,-23.63539],[-47.31674,-23.63539],[-47.31659,-23.63566],[-47.31674,-23.63566],[-47.3169,-23.63607],[-47.3166,-23.63607],[-47.3166,-23.6362],[-47.3169,-23.6362],[-47.3169,-23.63634],[-47.31646,-23.63634],[-47.31646,-23.63648],[-47.31661,-23.63648],[-47.31647,-23.63675],[-47.31617,-23.63662],[-47.31603,-23.63703],[-47.31559,-23.63703],[-47.31559,-23.63717],[-47.31544,-23.63717],[-47.31545,-23.63771],[-47.3156,-23.63771],[-47.31546,-23.63798],[-47.31561,-23.63798],[-47.31576,-23.63825],[-47.31664,-23.63851],[-47.31665,-23.63864],[-47.31709,-23.63864],[-47.31723,-23.63823],[-47.31708,-23.63823],[-47.31708,-23.63809],[-47.31752,-23.63809],[-47.31752,-23.63795],[-47.31766,-23.63795],[-47.31781,-23.63822],[-47.31811,-23.63821],[-47.31811,-23.63835],[-47.3187,-23.6382],[-47.31869,-23.63793],[-47.31913,-23.63793],[-47.31914,-23.63806],[-47.31943,-23.63819],[-47.31943,-23.63833],[-47.31914,-23.63847],[-47.319,-23.63888],[-47.31856,-23.63888],[-47.31856,-23.63861],[-47.31841,-23.63862],[-47.31841,-23.63875],[-47.31812,-23.63876],[-47.31798,-23.63903],[-47.31783,-23.63903],[-47.31799,-23.63998],[-47.31785,-23.63998],[-47.31785,-23.64011],[-47.31741,-23.64012],[-47.3174,-23.63985],[-47.31696,-23.63959],[-47.31695,-23.63945],[-47.31666,-23.63945],[-47.31667,-23.63972],[-47.31652,-23.63973],[-47.31651,-23.63932],[-47.31636,-23.63932],[-47.31636,-23.63919],[-47.31563,-23.6392],[-47.31563,-23.63933],[-47.31534,-23.63934],[-47.31533,-23.6392],[-47.31519,-23.63921],[-47.31519,-23.63934],[-47.31504,-23.63934],[-47.31504,-23.63921],[-47.31475,-23.63921],[-47.31459,-23.63894],[-47.31415,-23.63881],[-47.31414,-23.63841],[-47.31429,-23.63841],[-47.31429,-23.63814],[-47.31443,-23.63813],[-47.31443,-23.63773],[-47.31472,-23.63772],[-47.31471,-23.63718],[-47.31486,-23.63718],[-47.315,-23.63677],[-47.3147,-23.63664],[-47.3147,-23.6365],[-47.31426,-23.63651],[-47.31396,-23.63611],[-47.31483,-23.63555],[-47.31468,-23.63529],[-47.31497,-23.63528],[-47.31497,-23.63515],[-47.31541,-23.63514],[-47.31541,-23.635],[-47.31555,-23.635],[-47.31556,-23.63514],[-47.31585,-23.635],[-47.31585,-23.63513],[-47.316,-23.63513],[-47.31599,-23.635],[-47.31644,-23.63499],[-47.31641,-23.63377],[-47.31627,-23.63377],[-47.31627,-23.63391],[-47.31333,-23.63395],[-47.31333,-23.63368],[-47.31376,-23.63354],[-47.31376,-23.6334],[-47.31421,-23.63353],[-47.31421,-23.63367],[-47.31465,-23.63353],[-47.31465,-23.6338],[-47.31524,-23.63379],[-47.31524,-23.63365],[-47.31538,-23.63365],[-47.31537,-23.63311],[-47.31523,-23.63311],[-47.31507,-23.63284],[-47.31478,-23.63285],[-47.31478,-23.63298],[-47.31419,-23.63286],[-47.31404,-23.63245],[-47.31419,-23.63245],[-47.31418,-23.63218],[-47.31433,-23.63218],[-47.31447,-23.6319],[-47.31476,-23.6319],[-47.3152,-23.63135],[-47.31564,-23.63134],[-47.31519,-23.63081],[-47.31475,-23.63082],[-47.31475,-23.63095],[-47.31446,-23.63109],[-47.31445,-23.63096],[-47.31416,-23.63083],[-47.314,-23.63015],[-47.31385,-23.63015],[-47.31385,-23.62988],[-47.3137,-23.62988],[-47.31355,-23.62948],[-47.31252,-23.62936],[-47.31252,-23.6295],[-47.31266,-23.62949],[-47.31252,-23.6299],[-47.31267,-23.6299],[-47.31268,-23.63017],[-47.31327,-23.63057],[-47.31357,-23.63097],[-47.31328,-23.63111],[-47.31314,-23.63138],[-47.31284,-23.63125],[-47.31284,-23.63139],[-47.31241,-23.63153],[-47.31242,-23.63221],[-47.31256,-23.6322],[-47.31257,-23.63234],[-47.31242,-23.63234],[-47.31243,-23.63275],[-47.31213,-23.63275],[-47.31198,-23.63248],[-47.31184,-23.63248],[-47.31197,-23.63167],[-47.31109,-23.63168],[-47.31108,-23.63155],[-47.31094,-23.63155],[-47.31094,-23.63169],[-47.3105,-23.63169],[-47.3105,-23.63156],[-47.3102,-23.63156],[-47.3102,-23.63129],[-47.3099,-23.63129],[-47.31005,-23.63102],[-47.30916,-23.63103],[-47.30917,-23.63144],[-47.30961,-23.63143],[-47.30962,-23.63198],[-47.30992,-23.63211],[-47.30992,-23.63238],[-47.31065,-23.63223],[-47.31066,-23.63237],[-47.3108,-23.63236],[-47.31081,-23.63264],[-47.31096,-23.63263],[-47.31097,-23.63345],[-47.31068,-23.63345],[-47.31068,-23.63359],[-47.31097,-23.63358],[-47.31098,-23.63385],[-47.31127,-23.63385],[-47.31127,-23.63398],[-47.31157,-23.63398],[-47.31157,-23.63411],[-47.31142,-23.63412],[-47.31157,-23.63438],[-47.31143,-23.63439],[-47.31143,-23.63452],[-47.31172,-23.63452],[-47.31159,-23.6352],[-47.31174,-23.63519],[-47.31174,-23.63533],[-47.31159,-23.63533],[-47.31159,-23.63547],[-47.31115,-23.63547],[-47.31115,-23.63534],[-47.31071,-23.63521],[-47.31057,-23.63589],[-47.31013,-23.63603],[-47.31014,-23.63617],[-47.30822,-23.63606],[-47.30807,-23.63566],[-47.30792,-23.63566],[-47.30792,-23.63539],[-47.30733,-23.63512],[-47.30716,-23.63404],[-47.30818,-23.63362],[-47.30831,-23.63281],[-47.30846,-23.63281],[-47.30846,-23.63253],[-47.30875,-23.63253],[-47.30874,-23.63226],[-47.30889,-23.63226],[-47.30889,-23.63212],[-47.30874,-23.63212],[-47.30873,-23.63158],[-47.30859,-23.63159],[-47.30843,-23.63132],[-47.30799,-23.63132],[-47.30785,-23.6316],[-47.30755,-23.63147],[-47.30741,-23.63174],[-47.30697,-23.63188],[-47.30697,-23.63174],[-47.30653,-23.63162],[-47.30639,-23.63189],[-47.30595,-23.63217],[-47.30582,-23.63285],[-47.30596,-23.63284],[-47.30596,-23.63298],[-47.30655,-23.63297],[-47.30655,-23.6327],[-47.30684,-23.63269],[-47.30699,-23.63296],[-47.30714,-23.63296],[-47.30714,-23.63323],[-47.30671,-23.63337],[-47.30656,-23.63365],[-47.30627,-23.63365],[-47.30642,-23.63405],[-47.30554,-23.63407],[-47.30554,-23.63393],[-47.30525,-23.63394],[-47.30465,-23.63327],[-47.30524,-23.6334],[-47.30523,-23.63326],[-47.30538,-23.63326],[-47.30522,-23.63245],[-47.30537,-23.63245],[-47.30536,-23.63217],[-47.30551,-23.63217],[-47.3055,-23.6315],[-47.30579,-23.63136],[-47.30578,-23.63109],[-47.30608,-23.63108],[-47.30622,-23.63067],[-47.30724,-23.63039],[-47.30738,-23.63011],[-47.30753,-23.63011],[-47.30753,-23.63025],[-47.30797,-23.63024],[-47.30841,-23.62969],[-47.30884,-23.62955],[-47.30898,-23.62914],[-47.30928,-23.62914],[-47.30942,-23.62886],[-47.30986,-23.62886],[-47.31044,-23.62817],[-47.31073,-23.62817],[-47.31073,-23.62803],[-47.31176,-23.62802],[-47.31176,-23.62815],[-47.31249,-23.62814],[-47.3125,-23.62828],[-47.31293,-23.62814],[-47.31294,-23.62827],[-47.31323,-23.62827],[-47.31323,-23.6284],[-47.31382,-23.62839],[-47.31382,-23.62853],[-47.31397,-23.62853],[-47.31383,-23.6288],[-47.31397,-23.6288],[-47.31398,-23.6292],[-47.31413,-23.6292],[-47.31399,-23.62947],[-47.31413,-23.62947],[-47.31414,-23.62974],[-47.31429,-23.62974],[-47.31429,-23.62988],[-47.31414,-23.62988],[-47.31415,-23.63028],[-47.31459,-23.63041],[-47.31458,-23.63001],[-47.31473,-23.63],[-47.31471,-23.62892],[-47.315,-23.62878],[-47.315,-23.62851],[-47.31515,-23.62851],[-47.31514,-23.62824],[-47.31529,-23.62824],[-47.31528,-23.62783],[-47.31543,-23.62783],[-47.31543,-23.62769],[-47.31601,-23.62768],[-47.31615,-23.62741],[-47.31645,-23.62741],[-47.3166,-23.62781],[-47.31675,-23.62781],[-47.31675,-23.62808],[-47.31734,-23.6282],[-47.31735,-23.62861],[-47.31779,-23.62874],[-47.3178,-23.62887],[-47.31809,-23.62887],[-47.31825,-23.62927],[-47.3181,-23.62928],[-47.3181,-23.62941],[-47.3184,-23.62954],[-47.31841,-23.63022],[-47.31856,-23.63022],[-47.31856,-23.63035],[-47.31944,-23.6302],[-47.31959,-23.63061],[-47.32049,-23.63127],[-47.32049,-23.63168],[-47.32064,-23.63168],[-47.32064,-23.63195],[-47.32079,-23.63194],[-47.3208,-23.63222],[-47.32124,-23.63248],[-47.32124,-23.63261],[-47.32154,-23.63261],[-47.32152,-23.6318],[-47.32093,-23.6314],[-47.32092,-23.63086],[-47.32077,-23.63086],[-47.32077,-23.63059],[-47.32062,-23.63059],[-47.32061,-23.63019],[-47.32047,-23.63019],[-47.32031,-23.62965],[-47.32016,-23.62965],[-47.3203,-23.62924],[-47.31986,-23.62911],[-47.31986,-23.62898],[-47.31956,-23.62898],[-47.31956,-23.62885],[-47.31927,-23.62885],[-47.31911,-23.62804],[-47.31866,-23.62791],[-47.31866,-23.62778],[-47.31837,-23.62778],[-47.31821,-23.62751],[-47.31807,-23.62752],[-47.31819,-23.6263],[-47.31849,-23.62629],[-47.31862,-23.62561],[-47.31906,-23.62547],[-47.31906,-23.62534],[-47.31979,-23.62519],[-47.31993,-23.62478],[-47.32051,-23.62437],[-47.32051,-23.62423],[-47.3208,-23.62423],[-47.3208,-23.62409],[-47.32154,-23.62421],[-47.32184,-23.62462],[-47.32228,-23.62461],[-47.32243,-23.62488],[-47.32316,-23.62487],[-47.32317,-23.625],[-47.3239,-23.62513],[-47.32391,-23.62526],[-47.32435,-23.62553],[-47.32451,-23.6262],[-47.32466,-23.6262],[-47.32466,-23.62661],[-47.32437,-23.62675],[-47.32438,-23.62702],[-47.32423,-23.62702],[-47.32453,-23.62742],[-47.32468,-23.62742],[-47.32482,-23.62714],[-47.32512,-23.62714],[-47.32525,-23.62633],[-47.32554,-23.62619],[-47.32568,-23.62578],[-47.32656,-23.6259],[-47.32656,-23.62576],[-47.327,-23.62576],[-47.327,-23.62589],[-47.32774,-23.62588],[-47.32774,-23.62602],[-47.32803,-23.62601],[-47.32804,-23.62615],[-47.32921,-23.62613],[-47.32921,-23.62627],[-47.32951,-23.62626],[-47.32951,-23.62653],[-47.32981,-23.62666],[-47.32981,-23.6268],[-47.33055,-23.62692],[-47.33055,-23.62719],[-47.331,-23.62732],[-47.331,-23.62759],[-47.33144,-23.62759],[-47.33173,-23.62718],[-47.33202,-23.62717],[-47.33202,-23.62704],[-47.33276,-23.62716],[-47.33276,-23.6273],[-47.33305,-23.62716],[-47.33305,-23.62729],[-47.33335,-23.62742],[-47.33351,-23.6281],[-47.33381,-23.62823],[-47.33381,-23.62836],[-47.3341,-23.62849],[-47.33411,-23.62877],[-47.33426,-23.62876],[-47.33426,-23.62917],[-47.33397,-23.62931],[-47.33398,-23.62958],[-47.33369,-23.62972],[-47.33369,-23.62986],[-47.33325,-23.62986],[-47.33325,-23.63],[-47.3331,-23.63],[-47.33311,-23.63041],[-47.33238,-23.63096],[-47.33239,-23.63123],[-47.33152,-23.63192],[-47.33152,-23.63205],[-47.33137,-23.63206],[-47.33137,-23.63192],[-47.33093,-23.63193],[-47.33063,-23.63153],[-47.33034,-23.63153],[-47.33033,-23.6314],[-47.3296,-23.63141],[-47.3296,-23.63154],[-47.32946,-23.63154],[-47.32946,-23.63209],[-47.32917,-23.63209],[-47.32918,-23.63263],[-47.32903,-23.63263],[-47.32904,-23.63277],[-47.32845,-23.63278],[-47.32845,-23.63291],[-47.32801,-23.63305],[-47.32802,-23.63333],[-47.32787,-23.63333],[-47.32787,-23.6336],[-47.32773,-23.6336],[-47.32774,-23.63401],[-47.32759,-23.63401],[-47.3276,-23.63442],[-47.32716,-23.63456],[-47.32716,-23.63496],[-47.32687,-23.63497],[-47.32688,-23.63524],[-47.32673,-23.63524],[-47.32689,-23.63592],[-47.32703,-23.63591],[-47.32704,-23.63618],[-47.32719,-23.63618],[-47.32704,-23.63645],[-47.32794,-23.63712],[-47.32794,-23.63752],[-47.32809,-23.63752],[-47.32795,-23.63793],[-47.3278,-23.63793],[-47.32781,-23.63834],[-47.32766,-23.63834],[-47.32753,-23.63902],[-47.32724,-23.63916],[-47.32724,-23.6393],[-47.32695,-23.6393],[-47.32695,-23.63944],[-47.3271,-23.63943],[-47.3271,-23.6397],[-47.32754,-23.6397],[-47.32754,-23.63983],[-47.32784,-23.63983],[-47.32784,-23.63996],[-47.32814,-23.64009],[-47.32814,-23.64037],[-47.32844,-23.6405],[-47.32844,-23.64063],[-47.32829,-23.64063],[-47.3283,-23.64118],[-47.32816,-23.64118],[-47.328,-23.64064],[-47.3277,-23.64051],[-47.32755,-23.64024],[-47.32667,-23.64012],[-47.32651,-23.63931],[-47.32562,-23.63918],[-47.32561,-23.63864],[-47.32591,-23.63864],[-47.32591,-23.63877],[-47.3262,-23.63863],[-47.3262,-23.63836],[-47.32575,-23.63823],[-47.32575,-23.6381],[-47.32546,-23.63824],[-47.32547,-23.63878],[-47.32532,-23.63878],[-47.32532,-23.63851],[-47.32488,-23.63852],[-47.32474,-23.63893],[-47.32459,-23.63893],[-47.32474,-23.6392],[-47.32533,-23.63905],[-47.32533,-23.63932],[-47.32563,-23.63946],[-47.32563,-23.63986],[-47.32505,-23.64028],[-47.32506,-23.64055],[-47.32476,-23.64055],[-47.32477,-23.64069],[-47.32536,-23.64081],[-47.32551,-23.64108],[-47.3258,-23.64108],[-47.3258,-23.64081],[-47.32624,-23.6408],[-47.32624,-23.64094],[-47.32595,-23.64094],[-47.32595,-23.64135],[-47.32552,-23.64149],[-47.32552,-23.64162],[-47.32449,-23.64177],[-47.32449,-23.64164],[-47.3242,-23.64164],[-47.32418,-23.64097],[-47.32404,-23.64097],[-47.32402,-23.64029],[-47.32388,-23.64029],[-47.32388,-23.64016],[-47.32343,-23.64017],[-47.32329,-23.64044],[-47.3227,-23.64045],[-47.3227,-23.64031],[-47.32241,-23.64032],[-47.32241,-23.64018],[-47.32226,-23.64018],[-47.32226,-23.64032],[-47.32182,-23.64019],[-47.32182,-23.64005],[-47.32138,-23.64006],[-47.32138,-23.6402],[-47.32123,-23.6402],[-47.32124,-23.6406],[-47.32183,-23.641],[-47.32184,-23.64141],[-47.32213,-23.6414],[-47.32213,-23.64113],[-47.32242,-23.64113],[-47.32242,-23.64099],[-47.32286,-23.64099],[-47.32301,-23.64125],[-47.32331,-23.64125],[-47.32346,-23.64152],[-47.32375,-23.64151],[-47.32376,-23.64179],[-47.32347,-23.64193],[-47.32347,-23.6422],[-47.32332,-23.6422],[-47.32333,-23.6426],[-47.32422,-23.64286],[-47.32422,-23.643],[-47.32437,-23.64299],[-47.32437,-23.6434],[-47.32496,-23.64326],[-47.32496,-23.64312],[-47.32525,-23.64312],[-47.32525,-23.64298],[-47.32569,-23.64297],[-47.32583,-23.64257],[-47.32568,-23.64257],[-47.32568,-23.6423],[-47.32758,-23.64213],[-47.32787,-23.64172],[-47.32802,-23.64172],[-47.32802,-23.64199]],[[-47.31691,-23.63674],[-47.31691,-23.63688],[-47.31706,-23.63688],[-47.31708,-23.63796],[-47.31693,-23.63796],[-47.31693,-23.6381],[-47.31649,-23.6381],[-47.31649,-23.63797],[-47.31619,-23.63797],[-47.31619,-23.6377],[-47.31604,-23.6377],[-47.31603,-23.6373],[-47.31647,-23.63702],[-47.31647,-23.63675],[-47.31691,-23.63674]],[[-47.3108,-23.63223],[-47.31095,-23.63223],[-47.31095,-23.63236],[-47.3108,-23.63236],[-47.3108,-23.63223]],[[-47.16893,-23.72786],[-47.16878,-23.72786],[-47.16878,-23.72772],[-47.16893,-23.72772],[-47.16893,-23.72786]],[[-47.16892,-23.72758],[-47.16849,-23.72773],[-47.16848,-23.72759],[-47.16789,-23.72746],[-47.16788,-23.72679],[-47.16744,-23.72666],[-47.16743,-23.72612],[-47.16684,-23.72612],[-47.16683,-23.72572],[-47.16771,-23.72557],[-47.16787,-23.72611],[-47.16846,-23.72624],[-47.1683,-23.72529],[-47.16815,-23.72529],[-47.16814,-23.72489],[-47.168,-23.72489],[-47.16799,-23.72421],[-47.16769,-23.72422],[-47.16769,-23.72395],[-47.16887,-23.72406],[-47.16887,-23.72433],[-47.16931,-23.72406],[-47.16931,-23.72433],[-47.16946,-23.72433],[-47.16946,-23.72446],[-47.16931,-23.72446],[-47.16932,-23.7246],[-47.16946,-23.7246],[-47.16947,-23.725],[-47.16991,-23.72486],[-47.16977,-23.72513],[-47.17006,-23.72513],[-47.1702,-23.72486],[-47.17035,-23.72486],[-47.1702,-23.72459],[-47.17005,-23.72459],[-47.17004,-23.72418],[-47.17019,-23.72418],[-47.17019,-23.72405],[-47.17004,-23.72405],[-47.17004,-23.72378],[-47.17018,-23.72377],[-47.17017,-23.7231],[-47.17062,-23.72323],[-47.17077,-23.72363],[-47.17136,-23.72362],[-47.17136,-23.72376],[-47.17254,-23.72374],[-47.17254,-23.72361],[-47.17371,-23.72359],[-47.17371,-23.72345],[-47.174,-23.72345],[-47.17386,-23.72372],[-47.17401,-23.72372],[-47.17401,-23.72386],[-47.1743,-23.72385],[-47.17431,-23.72399],[-47.1746,-23.72398],[-47.1749,-23.72439],[-47.1752,-23.72438],[-47.1752,-23.72465],[-47.17505,-23.72465],[-47.17506,-23.72479],[-47.1752,-23.72479],[-47.17507,-23.7256],[-47.17522,-23.7256],[-47.17522,-23.72587],[-47.17493,-23.72587],[-47.17492,-23.7256],[-47.17433,-23.72561],[-47.17419,-23.72602],[-47.1739,-23.72602],[-47.17361,-23.72644],[-47.17332,-23.72644],[-47.17318,-23.72671],[-47.17273,-23.72672],[-47.17273,-23.72645],[-47.17214,-23.72659],[-47.17214,-23.72646],[-47.17185,-23.72632],[-47.1717,-23.72673],[-47.172,-23.72673],[-47.172,-23.72686],[-47.17171,-23.727],[-47.17171,-23.72714],[-47.17083,-23.72729],[-47.17083,-23.72715],[-47.17068,-23.72715],[-47.17069,-23.72756],[-47.17054,-23.72756],[-47.17054,-23.72729],[-47.17009,-23.72716],[-47.1701,-23.72743],[-47.16936,-23.72744],[-47.16952,-23.72785],[-47.16893,-23.72772],[-47.16892,-23.72758]],[[-47.17003,-23.7231],[-47.17002,-23.72296],[-47.17017,-23.72296],[-47.17017,-23.7231],[-47.17003,-23.7231]],[[-47.17434,-23.72575],[-47.17478,-23.72574],[-47.17478,-23.72615],[-47.17449,-23.72615],[-47.17463,-23.72588],[-47.17434,-23.72588],[-47.17434,-23.72575]],[[-47.1674,-23.72436],[-47.1674,-23.72408],[-47.16754,-23.72408],[-47.16769,-23.72435],[-47.1674,-23.72436]],[[-47.22377,-23.6656],[-47.22362,-23.6656],[-47.22361,-23.66506],[-47.22244,-23.66507],[-47.22243,-23.66494],[-47.22199,-23.66481],[-47.22198,-23.6644],[-47.22184,-23.66441],[-47.22181,-23.66278],[-47.22196,-23.66278],[-47.22195,-23.66237],[-47.2221,-23.66237],[-47.22209,-23.6621],[-47.22224,-23.6621],[-47.22238,-23.66155],[-47.22223,-23.66156],[-47.22223,-23.66169],[-47.22179,-23.6617],[-47.22164,-23.66143],[-47.22149,-23.66143],[-47.22135,-23.66184],[-47.2212,-23.66184],[-47.22121,-23.66225],[-47.22106,-23.66225],[-47.22108,-23.66333],[-47.22079,-23.66347],[-47.2208,-23.66388],[-47.22168,-23.66387],[-47.22185,-23.66535],[-47.22141,-23.66536],[-47.22126,-23.66509],[-47.22111,-23.66509],[-47.22113,-23.6659],[-47.22098,-23.66591],[-47.22098,-23.66604],[-47.22025,-23.66619],[-47.22025,-23.66632],[-47.21952,-23.66633],[-47.21942,-23.6662],[-47.21932,-23.66761],[-47.21951,-23.66965],[-47.21921,-23.67205],[-47.2194,-23.67348],[-47.21927,-23.67507],[-47.22089,-23.67849],[-47.22236,-23.68091],[-47.22471,-23.68195],[-47.2282,-23.68233],[-47.23067,-23.68],[-47.23488,-23.68071],[-47.23575,-23.68283],[-47.2338,-23.68533],[-47.23753,-23.68881],[-47.23757,-23.69115],[-47.23728,-23.6936],[-47.23461,-23.69565],[-47.23572,-23.69983],[-47.23628,-23.70343],[-47.23316,-23.7044],[-47.23063,-23.70496],[-47.23013,-23.70661],[-47.22835,-23.70991],[-47.22604,-23.71326],[-47.22365,-23.71918],[-47.22424,-23.72086],[-47.22386,-23.72422],[-47.22538,-23.72862],[-47.22455,-23.7328],[-47.22424,-23.73869],[-47.22604,-23.74206],[-47.22609,-23.74575],[-47.22641,-23.7499],[-47.22956,-23.75452],[-47.23276,-23.75588],[-47.23616,-23.75479],[-47.2381,-23.75179],[-47.23803,-23.74728],[-47.23593,-23.74052],[-47.23652,-23.73294],[-47.23498,-23.7265],[-47.23407,-23.71965],[-47.23691,-23.71625],[-47.23986,-23.71346],[-47.24136,-23.71087],[-47.2444,-23.71038],[-47.24622,-23.70908],[-47.24594,-23.70751],[-47.24787,-23.70835],[-47.25196,-23.70971],[-47.25254,-23.71031],[-47.25341,-23.71223],[-47.25549,-23.71458],[-47.25619,-23.71513],[-47.25919,-23.71655],[-47.25881,-23.72115],[-47.25918,-23.72334],[-47.25985,-23.72524],[-47.26014,-23.72751],[-47.26003,-23.72933],[-47.26051,-23.73102],[-47.26054,-23.73271],[-47.25947,-23.73381],[-47.25834,-23.73681],[-47.2575,-23.73808],[-47.25784,-23.73888],[-47.25797,-23.74012],[-47.25778,-23.74136],[-47.25807,-23.74382],[-47.25904,-23.74598],[-47.25805,-23.74653],[-47.25745,-23.74435],[-47.25687,-23.74306],[-47.25583,-23.74378],[-47.2554,-23.74501],[-47.2555,-23.74667],[-47.25335,-23.74749],[-47.25281,-23.7496],[-47.25383,-23.75085],[-47.2519,-23.75186],[-47.25035,-23.75236],[-47.2457,-23.75439],[-47.24785,-23.75615],[-47.25358,-23.75701],[-47.25235,-23.75997],[-47.25347,-23.76364],[-47.25092,-23.7627],[-47.24686,-23.76455],[-47.24378,-23.76653],[-47.23973,-23.7656],[-47.23703,-23.767],[-47.23531,-23.76508],[-47.23189,-23.7655],[-47.22975,-23.76205],[-47.22732,-23.7597],[-47.22523,-23.76035],[-47.2231,-23.75863],[-47.22046,-23.75335],[-47.21662,-23.75189],[-47.21529,-23.74798],[-47.21592,-23.74625],[-47.21419,-23.74569],[-47.21233,-23.74706],[-47.21016,-23.74461],[-47.21119,-23.74182],[-47.20838,-23.74071],[-47.20432,-23.73805],[-47.20451,-23.73568],[-47.20361,-23.7322],[-47.19863,-23.72622],[-47.1994,-23.72073],[-47.20061,-23.71838],[-47.19992,-23.71545],[-47.20051,-23.71258],[-47.20273,-23.71373],[-47.20502,-23.71763],[-47.21108,-23.72087],[-47.21511,-23.72445],[-47.22051,-23.72245],[-47.22155,-23.71776],[-47.21695,-23.71366],[-47.21399,-23.71235],[-47.21269,-23.71107],[-47.2094,-23.7071],[-47.20771,-23.70449],[-47.20647,-23.70209],[-47.20372,-23.70119],[-47.20389,-23.6985],[-47.20509,-23.69511],[-47.20484,-23.69139],[-47.20496,-23.68726],[-47.20538,-23.68442],[-47.20725,-23.68632],[-47.20735,-23.68892],[-47.2089,-23.69185],[-47.21075,-23.69404],[-47.21146,-23.69726],[-47.21305,-23.69987],[-47.21304,-23.70289],[-47.21496,-23.70513],[-47.21932,-23.70537],[-47.22209,-23.70334],[-47.22341,-23.69952],[-47.22274,-23.69691],[-47.22092,-23.69493],[-47.22001,-23.69101],[-47.21843,-23.6888],[-47.21724,-23.68668],[-47.2169,-23.68445],[-47.21598,-23.68206],[-47.21388,-23.67912],[-47.21117,-23.67717],[-47.21103,-23.6777],[-47.21089,-23.6777],[-47.21104,-23.67797],[-47.21089,-23.67797],[-47.2109,-23.67837],[-47.21178,-23.67863],[-47.21194,-23.6789],[-47.21208,-23.6789],[-47.21209,-23.67917],[-47.21194,-23.67917],[-47.21195,-23.67958],[-47.2118,-23.67958],[-47.2118,-23.67972],[-47.21122,-23.67986],[-47.21064,-23.68054],[-47.21049,-23.68055],[-47.21049,-23.68028],[-47.21005,-23.68042],[-47.21006,-23.68082],[-47.21035,-23.68096],[-47.21021,-23.68136],[-47.21066,-23.68163],[-47.21066,-23.6819],[-47.21052,-23.6819],[-47.21052,-23.68217],[-47.21037,-23.68217],[-47.21038,-23.68244],[-47.2095,-23.68259],[-47.2095,-23.68246],[-47.20891,-23.68247],[-47.20846,-23.68193],[-47.20773,-23.68208],[-47.20772,-23.68153],[-47.20727,-23.68127],[-47.20727,-23.68113],[-47.20697,-23.68114],[-47.20697,-23.681],[-47.20609,-23.68102],[-47.20594,-23.68061],[-47.20579,-23.68061],[-47.20578,-23.68034],[-47.20534,-23.68021],[-47.20519,-23.67981],[-47.20504,-23.67981],[-47.20504,-23.67968],[-47.20533,-23.67954],[-47.20533,-23.67927],[-47.20459,-23.67928],[-47.20444,-23.67901],[-47.20415,-23.67915],[-47.20415,-23.67928],[-47.20371,-23.67929],[-47.20355,-23.67889],[-47.20341,-23.67889],[-47.2034,-23.67848],[-47.20325,-23.67848],[-47.20325,-23.67808],[-47.2028,-23.67781],[-47.20309,-23.6774],[-47.20353,-23.67726],[-47.20352,-23.67672],[-47.20367,-23.67672],[-47.20366,-23.67658],[-47.2041,-23.67658],[-47.2041,-23.67617],[-47.20498,-23.67602],[-47.20512,-23.67575],[-47.20571,-23.67588],[-47.20571,-23.67601],[-47.20542,-23.67615],[-47.20528,-23.67656],[-47.2047,-23.67697],[-47.20456,-23.67765],[-47.20501,-23.67778],[-47.20501,-23.67792],[-47.20589,-23.6779],[-47.20589,-23.67804],[-47.20619,-23.67804],[-47.20619,-23.67817],[-47.20648,-23.67817],[-47.20648,-23.67803],[-47.20764,-23.67707],[-47.20778,-23.67652],[-47.20807,-23.67638],[-47.20806,-23.67598],[-47.20792,-23.67598],[-47.20762,-23.67561],[-47.20617,-23.67519],[-47.20644,-23.67478],[-47.20613,-23.67479],[-47.20613,-23.67465],[-47.20555,-23.67493],[-47.20555,-23.67534],[-47.20541,-23.67534],[-47.20541,-23.67547],[-47.20497,-23.67534],[-47.2051,-23.6748],[-47.20554,-23.67452],[-47.20568,-23.67412],[-47.20656,-23.67424],[-47.20656,-23.6741],[-47.20671,-23.6741],[-47.2067,-23.67383],[-47.20641,-23.6737],[-47.2064,-23.67343],[-47.20655,-23.67343],[-47.20655,-23.67316],[-47.20684,-23.67302],[-47.20682,-23.6722],[-47.20741,-23.67206],[-47.2077,-23.67165],[-47.20784,-23.67165],[-47.20784,-23.67138],[-47.20799,-23.67137],[-47.20798,-23.6711],[-47.20783,-23.67111],[-47.20783,-23.67097],[-47.20798,-23.67097],[-47.20796,-23.67002],[-47.20782,-23.67002],[-47.2078,-23.66921],[-47.20795,-23.66921],[-47.20795,-23.66907],[-47.20854,-23.66933],[-47.20854,-23.66961],[-47.20899,-23.6696],[-47.20899,-23.67001],[-47.20943,-23.67],[-47.20944,-23.67024],[-47.21079,-23.66939],[-47.21326,-23.6692],[-47.21427,-23.66824],[-47.21431,-23.66773],[-47.21384,-23.66751],[-47.21378,-23.66696],[-47.2135,-23.6671],[-47.21335,-23.66683],[-47.21305,-23.6667],[-47.21304,-23.66602],[-47.21334,-23.66602],[-47.21333,-23.66575],[-47.21348,-23.66574],[-47.21332,-23.66534],[-47.21376,-23.6652],[-47.21376,-23.66506],[-47.21406,-23.66506],[-47.21405,-23.66479],[-47.21376,-23.66479],[-47.2136,-23.66452],[-47.21346,-23.66453],[-47.21345,-23.66425],[-47.21404,-23.66398],[-47.21403,-23.66343],[-47.21388,-23.66344],[-47.21388,-23.66316],[-47.21358,-23.66303],[-47.21358,-23.6629],[-47.21372,-23.6629],[-47.21372,-23.66249],[-47.21357,-23.66249],[-47.21342,-23.66209],[-47.21298,-23.66209],[-47.21298,-23.66223],[-47.21283,-23.66223],[-47.21284,-23.66264],[-47.21269,-23.66264],[-47.21269,-23.66278],[-47.21225,-23.66278],[-47.21197,-23.66333],[-47.21167,-23.66333],[-47.21167,-23.6632],[-47.21138,-23.66307],[-47.21152,-23.66266],[-47.21196,-23.66265],[-47.2121,-23.66238],[-47.21225,-23.66238],[-47.21224,-23.66183],[-47.21238,-23.66183],[-47.21238,-23.6617],[-47.21282,-23.66183],[-47.21297,-23.66155],[-47.21326,-23.66141],[-47.21325,-23.66087],[-47.21281,-23.66088],[-47.21282,-23.66142],[-47.21223,-23.66143],[-47.21223,-23.66156],[-47.21209,-23.66157],[-47.21193,-23.6613],[-47.21134,-23.66117],[-47.21134,-23.66103],[-47.21017,-23.66105],[-47.21017,-23.66132],[-47.20958,-23.66133],[-47.20958,-23.66119],[-47.20929,-23.6612],[-47.20913,-23.66093],[-47.20884,-23.66093],[-47.20883,-23.66026],[-47.20853,-23.66013],[-47.20852,-23.65945],[-47.2097,-23.65943],[-47.2097,-23.65957],[-47.20999,-23.65956],[-47.21,-23.6597],[-47.21029,-23.6597],[-47.21029,-23.65956],[-47.21072,-23.65928],[-47.21072,-23.65888],[-47.21057,-23.65888],[-47.21057,-23.65861],[-47.21042,-23.65861],[-47.21026,-23.65794],[-47.21114,-23.65806],[-47.21114,-23.65765],[-47.21143,-23.65751],[-47.21143,-23.65738],[-47.21172,-23.65737],[-47.21273,-23.65627],[-47.21288,-23.65627],[-47.21287,-23.65587],[-47.21317,-23.65586],[-47.21362,-23.6564],[-47.21421,-23.6568],[-47.21405,-23.65612],[-47.2142,-23.65612],[-47.21419,-23.65558],[-47.21463,-23.6553],[-47.21462,-23.65516],[-47.21433,-23.65503],[-47.21432,-23.6549],[-47.21403,-23.6549],[-47.21388,-23.65463],[-47.21417,-23.65449],[-47.21417,-23.65422],[-47.21431,-23.65422],[-47.21431,-23.65395],[-47.21446,-23.65395],[-47.21445,-23.65368],[-47.21474,-23.65354],[-47.21474,-23.65313],[-47.21488,-23.65313],[-47.21488,-23.65299],[-47.21503,-23.65299],[-47.21503,-23.65313],[-47.21591,-23.65311],[-47.21606,-23.65338],[-47.21636,-23.65338],[-47.21651,-23.65365],[-47.21636,-23.65365],[-47.21637,-23.65392],[-47.21666,-23.65392],[-47.21666,-23.65365],[-47.2168,-23.65364],[-47.21695,-23.65337],[-47.21738,-23.65323],[-47.21752,-23.65255],[-47.21737,-23.65255],[-47.21722,-23.65215],[-47.21737,-23.65215],[-47.21736,-23.65188],[-47.21765,-23.65174],[-47.21765,-23.6516],[-47.2175,-23.6516],[-47.2175,-23.65147],[-47.21706,-23.65147],[-47.21677,-23.65188],[-47.21633,-23.65162],[-47.21632,-23.65108],[-47.21676,-23.6508],[-47.21675,-23.65026],[-47.2166,-23.65026],[-47.2166,-23.65013],[-47.21616,-23.65013],[-47.216,-23.64973],[-47.21674,-23.64985],[-47.21674,-23.64972],[-47.21688,-23.64972],[-47.21687,-23.64904],[-47.21673,-23.64904],[-47.21672,-23.64877],[-47.2173,-23.64836],[-47.21729,-23.64768],[-47.21758,-23.64754],[-47.21758,-23.6474],[-47.21787,-23.6474],[-47.21787,-23.64726],[-47.21817,-23.64739],[-47.21817,-23.64767],[-47.21847,-23.6478],[-47.21862,-23.64807],[-47.21935,-23.64792],[-47.2198,-23.64845],[-47.22069,-23.64871],[-47.22099,-23.64911],[-47.22158,-23.64924],[-47.22188,-23.64964],[-47.22276,-23.64963],[-47.22292,-23.65017],[-47.22321,-23.6503],[-47.22322,-23.65071],[-47.22426,-23.65151],[-47.22444,-23.65299],[-47.22458,-23.65299],[-47.22461,-23.65434],[-47.22446,-23.65435],[-47.22463,-23.6557],[-47.22478,-23.6557],[-47.22478,-23.65597],[-47.22508,-23.6561],[-47.22523,-23.65664],[-47.22568,-23.6569],[-47.22556,-23.65853],[-47.22571,-23.65853],[-47.22572,-23.6592],[-47.22557,-23.65921],[-47.22543,-23.65961],[-47.22617,-23.66014],[-47.22618,-23.66042],[-47.22603,-23.66042],[-47.22603,-23.66028],[-47.22574,-23.66042],[-47.22574,-23.66083],[-47.22589,-23.66083],[-47.22604,-23.66109],[-47.22634,-23.66109],[-47.22634,-23.66123],[-47.22693,-23.66122],[-47.22708,-23.66149],[-47.22723,-23.66148],[-47.22724,-23.66203],[-47.22738,-23.66202],[-47.22739,-23.66229],[-47.22753,-23.66229],[-47.22754,-23.66256],[-47.22725,-23.6627],[-47.22725,-23.66297],[-47.2274,-23.66297],[-47.22726,-23.66338],[-47.22667,-23.66325],[-47.22652,-23.66298],[-47.22622,-23.66299],[-47.22622,-23.66285],[-47.22549,-23.66286],[-47.22564,-23.66327],[-47.2252,-23.66327],[-47.22506,-23.66368],[-47.22447,-23.66383],[-47.22448,-23.66423],[-47.22463,-23.66423],[-47.22464,-23.66518],[-47.22435,-23.66518],[-47.22435,-23.66532],[-47.2245,-23.66531],[-47.2245,-23.66545],[-47.22435,-23.66545],[-47.22436,-23.66559],[-47.22406,-23.66559],[-47.22406,-23.66573],[-47.22377,-23.66573],[-47.22377,-23.6656]]],[[[-47.20873,-23.67163],[-47.20892,-23.67136],[-47.20843,-23.67137],[-47.20843,-23.6715],[-47.20872,-23.6715],[-47.20873,-23.67163]]],[[[-47.20915,-23.67058],[-47.20939,-23.67027],[-47.20856,-23.67055],[-47.20856,-23.67069],[-47.20915,-23.67058]]],[[[-47.29524,-23.66713],[-47.29524,-23.66699],[-47.29495,-23.667],[-47.29495,-23.66713],[-47.29524,-23.66713]]],[[[-47.30346,-23.66646],[-47.30332,-23.66646],[-47.30332,-23.66687],[-47.30391,-23.66686],[-47.30391,-23.66673],[-47.30464,-23.66658],[-47.30478,-23.66617],[-47.30464,-23.66617],[-47.30433,-23.66577],[-47.30404,-23.66578],[-47.30404,-23.66564],[-47.30433,-23.6655],[-47.30433,-23.66523],[-47.3052,-23.66495],[-47.3052,-23.66468],[-47.3049,-23.66455],[-47.3049,-23.66441],[-47.3046,-23.66441],[-47.30461,-23.66455],[-47.30431,-23.66455],[-47.30432,-23.66482],[-47.30403,-23.66496],[-47.30418,-23.66523],[-47.30315,-23.66525],[-47.30315,-23.66552],[-47.30345,-23.66565],[-47.30346,-23.66606],[-47.3036,-23.66605],[-47.30346,-23.66646]]],[[[-47.22405,-23.66519],[-47.22435,-23.66518],[-47.2242,-23.66491],[-47.2239,-23.66492],[-47.22405,-23.66519]]],[[[-47.22111,-23.66482],[-47.22096,-23.66482],[-47.22082,-23.6651],[-47.22111,-23.66509],[-47.22111,-23.66482]]],[[[-47.21964,-23.66484],[-47.21963,-23.66417],[-47.21948,-23.66417],[-47.21948,-23.6639],[-47.21933,-23.6639],[-47.21932,-23.66336],[-47.21902,-23.66323],[-47.21903,-23.66336],[-47.21888,-23.66336],[-47.21873,-23.6631],[-47.21829,-23.6631],[-47.21815,-23.66351],[-47.21785,-23.66365],[-47.21773,-23.66379],[-47.21909,-23.6643],[-47.21943,-23.66606],[-47.21966,-23.66606],[-47.21964,-23.66511],[-47.21979,-23.66511],[-47.21979,-23.66484],[-47.21964,-23.66484]]],[[[-47.20758,-23.65581],[-47.20743,-23.65581],[-47.20743,-23.65594],[-47.20758,-23.65594],[-47.20758,-23.65581]]],[[[-47.32462,-23.64055],[-47.32476,-23.64055],[-47.32476,-23.64042],[-47.32461,-23.64042],[-47.32462,-23.64055]]],[[[-47.32666,-23.63118],[-47.32636,-23.63118],[-47.32637,-23.63145],[-47.32563,-23.63147],[-47.32563,-23.6312],[-47.32518,-23.63093],[-47.32518,-23.63107],[-47.32489,-23.63107],[-47.3249,-23.63175],[-47.32505,-23.63175],[-47.3252,-23.63215],[-47.32594,-23.63214],[-47.32639,-23.63267],[-47.32698,-23.6328],[-47.32712,-23.63239],[-47.32741,-23.63252],[-47.32755,-23.63198],[-47.32696,-23.63158],[-47.32666,-23.63118]]],[[[-47.31563,-23.63107],[-47.31563,-23.63121],[-47.31593,-23.6312],[-47.31593,-23.63107],[-47.31563,-23.63107]]],[[[-47.31178,-23.6291],[-47.31251,-23.62909],[-47.31251,-23.62882],[-47.31221,-23.62882],[-47.31191,-23.62842],[-47.31088,-23.62857],[-47.31089,-23.62871],[-47.31059,-23.62858],[-47.31059,-23.62871],[-47.3103,-23.62885],[-47.31031,-23.62912],[-47.31075,-23.62939],[-47.31076,-23.62966],[-47.3109,-23.62965],[-47.31106,-23.63006],[-47.3115,-23.62992],[-47.31178,-23.6291]]],[[[-47.37497,-23.58826],[-47.37299,-23.58983],[-47.37354,-23.58984],[-47.37564,-23.5882],[-47.37497,-23.58826]]],[[[-47.25682,-23.57013],[-47.25686,-23.57014],[-47.2576,-23.56998],[-47.25682,-23.57013]]],[[[-47.26424,-23.56507],[-47.26224,-23.56759],[-47.26025,-23.56963],[-47.26067,-23.5696],[-47.26193,-23.56845],[-47.26482,-23.56491],[-47.26586,-23.56298],[-47.26703,-23.56141],[-47.26905,-23.5593],[-47.27114,-23.55646],[-47.27079,-23.5564],[-47.26983,-23.55747],[-47.26863,-23.55921],[-47.26703,-23.56089],[-47.26519,-23.56318],[-47.26424,-23.56507]]],[[[-47.28451,-23.56232],[-47.28306,-23.56342],[-47.28162,-23.56423],[-47.28196,-23.56432],[-47.28368,-23.56332],[-47.28497,-23.56225],[-47.2872,-23.56107],[-47.28693,-23.56093],[-47.28451,-23.56232]]],[[[-47.29266,-23.56263],[-47.29305,-23.56183],[-47.29374,-23.56157],[-47.29255,-23.56192],[-47.29196,-23.56284],[-47.29229,-23.56299],[-47.29266,-23.56263]]],[[[-47.29649,-23.56186],[-47.29653,-23.56187],[-47.29659,-23.56186],[-47.29649,-23.56186]]],[[[-47.32514,-23.56146],[-47.32424,-23.56127],[-47.32258,-23.56147],[-47.32082,-23.56195],[-47.31965,-23.56197],[-47.31719,-23.56092],[-47.3154,-23.5596],[-47.31425,-23.56051],[-47.31056,-23.5621],[-47.3086,-23.56195],[-47.30811,-23.56214],[-47.30694,-23.56215],[-47.30519,-23.56272],[-47.30431,-23.5633],[-47.3048,-23.56329],[-47.30569,-23.56263],[-47.30695,-23.56223],[-47.30707,-23.56359],[-47.3132,-23.56213],[-47.32286,-23.56245],[-47.32514,-23.56146]]],[[[-47.20583,-23.84445],[-47.2044,-23.84303],[-47.20397,-23.8431],[-47.2051,-23.84446],[-47.2071,-23.8453],[-47.20775,-23.84523],[-47.20583,-23.84445]]],[[[-47.18789,-23.82959],[-47.18943,-23.83049],[-47.18983,-23.83165],[-47.18923,-23.83288],[-47.19271,-23.83338],[-47.19462,-23.83439],[-47.19607,-23.83611],[-47.19633,-23.83798],[-47.19636,-23.83937],[-47.19696,-23.84145],[-47.1991,-23.84216],[-47.20105,-23.843],[-47.20234,-23.84324],[-47.20283,-23.84316],[-47.20217,-23.84314],[-47.20093,-23.84249],[-47.19769,-23.84152],[-47.19711,-23.83936],[-47.1969,-23.83631],[-47.19537,-23.83435],[-47.19328,-23.83329],[-47.18997,-23.83287],[-47.19053,-23.83173],[-47.19018,-23.83052],[-47.18836,-23.82952],[-47.18789,-23.82959]]],[[[-47.18667,-23.82965],[-47.18703,-23.82961],[-47.18518,-23.82851],[-47.18395,-23.82801],[-47.18211,-23.82769],[-47.18133,-23.8277],[-47.18324,-23.82805],[-47.18667,-23.82965]]],[[[-47.18249,-23.81439],[-47.18274,-23.81526],[-47.18196,-23.81701],[-47.18056,-23.8182],[-47.17963,-23.81922],[-47.178,-23.82041],[-47.17556,-23.82188],[-47.17506,-23.82306],[-47.175,-23.82493],[-47.17629,-23.82837],[-47.17703,-23.82832],[-47.17655,-23.82667],[-47.17576,-23.82513],[-47.17574,-23.8232],[-47.1763,-23.82191],[-47.17683,-23.8214],[-47.17864,-23.82056],[-47.18029,-23.81929],[-47.18267,-23.81708],[-47.18354,-23.81523],[-47.18317,-23.81433],[-47.18118,-23.81299],[-47.18055,-23.813],[-47.18249,-23.81439]]],[[[-47.20265,-23.65932],[-47.20279,-23.65932],[-47.20265,-23.65926],[-47.20265,-23.65932]]],[[[-47.20263,-23.65893],[-47.20263,-23.65886],[-47.2025,-23.65894],[-47.20263,-23.65893]]],[[[-47.20206,-23.65873],[-47.20208,-23.65878],[-47.20248,-23.65872],[-47.20206,-23.65873]]],[[[-47.19675,-23.65894],[-47.1966,-23.65894],[-47.19648,-23.65881],[-47.19657,-23.65901],[-47.19676,-23.65898],[-47.19719,-23.65858],[-47.1972,-23.65844],[-47.19806,-23.65838],[-47.19718,-23.65839],[-47.19675,-23.65894]]],[[[-47.20195,-23.6586],[-47.20195,-23.65864],[-47.20204,-23.65859],[-47.20195,-23.6586]]],[[[-47.20174,-23.65812],[-47.20188,-23.6581],[-47.20174,-23.65806],[-47.20174,-23.65812]]],[[[-47.20159,-23.65779],[-47.20173,-23.65796],[-47.20173,-23.65779],[-47.20159,-23.65779]]],[[[-47.19806,-23.65823],[-47.19821,-23.65792],[-47.19836,-23.65792],[-47.19836,-23.65776],[-47.19865,-23.65774],[-47.19864,-23.65765],[-47.19835,-23.6577],[-47.19835,-23.65783],[-47.19806,-23.65797],[-47.19806,-23.65823]]],[[[-47.20158,-23.65776],[-47.20158,-23.65765],[-47.20115,-23.65766],[-47.20114,-23.65772],[-47.20158,-23.65776]]],[[[-47.19687,-23.6575],[-47.19686,-23.65785],[-47.19688,-23.65785],[-47.19687,-23.6575]]],[[[-47.20103,-23.65758],[-47.20114,-23.65752],[-47.201,-23.65753],[-47.20103,-23.65758]]],[[[-47.19894,-23.65761],[-47.19893,-23.65752],[-47.19864,-23.65756],[-47.19864,-23.65762],[-47.19894,-23.65761]]],[[[-47.19951,-23.65741],[-47.19893,-23.65742],[-47.19951,-23.65747],[-47.19951,-23.65741]]],[[[-47.20056,-23.65726],[-47.2007,-23.6575],[-47.20099,-23.65751],[-47.20099,-23.65739],[-47.2007,-23.65739],[-47.20069,-23.65726],[-47.20056,-23.65726]]],[[[-47.20054,-23.65713],[-47.2001,-23.65713],[-47.2001,-23.65727],[-47.19952,-23.65728],[-47.19952,-23.65734],[-47.20011,-23.65732],[-47.20011,-23.65719],[-47.20054,-23.65713]]],[[[-47.19667,-23.65724],[-47.19687,-23.65724],[-47.19674,-23.65718],[-47.19667,-23.65724]]],[[[-47.19662,-23.65716],[-47.19672,-23.65716],[-47.19662,-23.65705],[-47.19662,-23.65716]]],[[[-47.19695,-23.65645],[-47.19696,-23.6565],[-47.197,-23.65645],[-47.19695,-23.65645]]],[[[-47.19715,-23.65624],[-47.19714,-23.65634],[-47.19714,-23.65636],[-47.19715,-23.65636],[-47.19715,-23.65624]]],[[[-47.19701,-23.65619],[-47.19715,-23.65619],[-47.197,-23.65609],[-47.19701,-23.65619]]],[[[-47.20743,-23.65567],[-47.20728,-23.65568],[-47.20728,-23.65581],[-47.20743,-23.65581],[-47.20743,-23.65567]]],[[[-47.19699,-23.65582],[-47.19685,-23.65578],[-47.19683,-23.65591],[-47.197,-23.656],[-47.19699,-23.65582]]],[[[-47.19626,-23.6557],[-47.19625,-23.65556],[-47.19604,-23.65565],[-47.19626,-23.65577],[-47.19685,-23.65576],[-47.19626,-23.6557]]],[[[-47.1961,-23.65519],[-47.19609,-23.65543],[-47.1961,-23.65543],[-47.1961,-23.65519]]],[[[-47.18421,-23.65316],[-47.18431,-23.65329],[-47.18431,-23.65316],[-47.18421,-23.65316]]],[[[-47.18411,-23.65302],[-47.18416,-23.65309],[-47.18416,-23.65302],[-47.18411,-23.65302]]],[[[-47.18554,-23.64786],[-47.18613,-23.64785],[-47.18613,-23.64812],[-47.18584,-23.64826],[-47.18584,-23.6484],[-47.18599,-23.64839],[-47.186,-23.6488],[-47.18542,-23.64921],[-47.18542,-23.64949],[-47.18616,-23.64961],[-47.18615,-23.64907],[-47.18644,-23.64893],[-47.18628,-23.64825],[-47.18672,-23.64798],[-47.18672,-23.64784],[-47.18657,-23.64784],[-47.18656,-23.6473],[-47.18524,-23.64719],[-47.1851,-23.64759],[-47.18466,-23.64774],[-47.18467,-23.64828],[-47.18481,-23.64827],[-47.18525,-23.64773],[-47.18539,-23.64773],[-47.18539,-23.64745],[-47.18583,-23.64745],[-47.18554,-23.64786]]],[[[-47.11137,-23.81686],[-47.10929,-23.81432],[-47.10616,-23.813],[-47.10595,-23.81321],[-47.10855,-23.81425],[-47.11081,-23.81692],[-47.11137,-23.81686]]],[[[-47.10216,-23.81434],[-47.10258,-23.81423],[-47.10048,-23.8127],[-47.09924,-23.81236],[-47.09913,-23.8125],[-47.09968,-23.81264],[-47.10096,-23.8134],[-47.10216,-23.81434]]],[[[-47.17474,-23.81282],[-47.1746,-23.81143],[-47.17421,-23.80983],[-47.17371,-23.80885],[-47.1704,-23.80812],[-47.17016,-23.80821],[-47.17308,-23.80888],[-47.17383,-23.81117],[-47.17409,-23.81277],[-47.17585,-23.81362],[-47.17661,-23.81357],[-47.17474,-23.81282]]],[[[-47.09088,-23.81339],[-47.08793,-23.81237],[-47.08788,-23.81136],[-47.08822,-23.81021],[-47.08764,-23.80921],[-47.08699,-23.80924],[-47.08751,-23.81016],[-47.08722,-23.8114],[-47.08724,-23.81234],[-47.08828,-23.8128],[-47.09032,-23.81341],[-47.09138,-23.81405],[-47.09206,-23.81409],[-47.09088,-23.81339]]],[[[-47.12068,-23.80894],[-47.12127,-23.81059],[-47.12284,-23.811],[-47.12294,-23.81083],[-47.12198,-23.8106],[-47.12145,-23.80908],[-47.12031,-23.80773],[-47.11963,-23.8078],[-47.12068,-23.80894]]],[[[-47.12656,-23.80618],[-47.12603,-23.80612],[-47.12641,-23.80626],[-47.12656,-23.80618]]],[[[-47.13507,-23.80659],[-47.13427,-23.80536],[-47.13336,-23.80463],[-47.13279,-23.80462],[-47.1336,-23.80542],[-47.13432,-23.80658],[-47.13507,-23.80659]]],[[[-47.16602,-23.80721],[-47.165,-23.80651],[-47.16182,-23.80379],[-47.161,-23.80238],[-47.15947,-23.80175],[-47.15931,-23.80198],[-47.16023,-23.80238],[-47.1612,-23.80381],[-47.16241,-23.80496],[-47.16525,-23.80716],[-47.16645,-23.80853],[-47.16708,-23.80857],[-47.16602,-23.80721]]],[[[-47.13194,-23.80387],[-47.1314,-23.80403],[-47.13169,-23.80458],[-47.13241,-23.80457],[-47.13194,-23.80387]]],[[[-47.14476,-23.80344],[-47.14529,-23.80347],[-47.14533,-23.80342],[-47.14476,-23.80344]]],[[[-47.15104,-23.80108],[-47.1504,-23.80105],[-47.15111,-23.80243],[-47.15113,-23.80382],[-47.15247,-23.80471],[-47.15506,-23.80505],[-47.15316,-23.80471],[-47.15188,-23.80384],[-47.15176,-23.80232],[-47.15104,-23.80108]]],[[[-47.1493,-23.80022],[-47.14837,-23.79963],[-47.14826,-23.79997],[-47.14871,-23.80029],[-47.14929,-23.80102],[-47.15004,-23.80101],[-47.1493,-23.80022]]],[[[-47.07684,-23.79227],[-47.07623,-23.79014],[-47.07538,-23.78962],[-47.07486,-23.78966],[-47.07554,-23.79019],[-47.07598,-23.79208],[-47.07704,-23.79377],[-47.07995,-23.79571],[-47.08151,-23.79636],[-47.08288,-23.79754],[-47.08342,-23.79914],[-47.08274,-23.80123],[-47.08297,-23.80312],[-47.08146,-23.80532],[-47.0825,-23.80597],[-47.08303,-23.80691],[-47.08336,-23.80832],[-47.0846,-23.80859],[-47.08513,-23.80925],[-47.08585,-23.80924],[-47.08517,-23.80856],[-47.0841,-23.80837],[-47.08333,-23.80604],[-47.08209,-23.80527],[-47.0837,-23.80329],[-47.08344,-23.80113],[-47.08416,-23.79934],[-47.08362,-23.79769],[-47.08282,-23.79679],[-47.0814,-23.79616],[-47.07891,-23.7945],[-47.07776,-23.79391],[-47.07684,-23.79227]]],[[[-47.08967,-23.75609],[-47.08968,-23.75608],[-47.08491,-23.75583],[-47.08967,-23.75609]]],[[[-47.10742,-23.74986],[-47.10775,-23.74964],[-47.10305,-23.75191],[-47.10082,-23.75267],[-47.10307,-23.75193],[-47.10742,-23.74986]]],[[[-47.07418,-23.74821],[-47.07458,-23.74918],[-47.07394,-23.74759],[-47.07418,-23.74821]]],[[[-47.0734,-23.7473],[-47.06796,-23.74552],[-47.0704,-23.74633],[-47.0734,-23.7473]]],[[[-47.17039,-23.72716],[-47.17068,-23.72715],[-47.17068,-23.72702],[-47.17039,-23.72702],[-47.17039,-23.72716]]],[[[-47.17052,-23.72621],[-47.17125,-23.72606],[-47.1711,-23.72552],[-47.1708,-23.72553],[-47.1708,-23.72512],[-47.17035,-23.72486],[-47.17035,-23.72499],[-47.17006,-23.72513],[-47.17007,-23.72554],[-47.17051,-23.72553],[-47.17051,-23.7258],[-47.17007,-23.72567],[-47.17008,-23.72621],[-47.16993,-23.72622],[-47.16993,-23.72635],[-47.17037,-23.72635],[-47.17038,-23.72648],[-47.17052,-23.72648],[-47.17052,-23.72621]]],[[[-47.17491,-23.72466],[-47.17505,-23.72465],[-47.17505,-23.72452],[-47.1749,-23.72452],[-47.17491,-23.72466]]],[[[-47.08367,-23.66026],[-47.08365,-23.66062],[-47.08366,-23.66063],[-47.08367,-23.66026]]],[[[-47.15289,-23.6471],[-47.15289,-23.64711],[-47.15296,-23.6471],[-47.15289,-23.6471]]],[[[-47.16055,-23.64759],[-47.16068,-23.64658],[-47.16097,-23.64658],[-47.16111,-23.64617],[-47.15538,-23.64638],[-47.15509,-23.6468],[-47.15348,-23.64682],[-47.15334,-23.64707],[-47.15941,-23.64697],[-47.16055,-23.64759]]],[[[-47.16213,-23.64575],[-47.16214,-23.64602],[-47.16317,-23.64614],[-47.16316,-23.64573],[-47.16257,-23.64574],[-47.16257,-23.64561],[-47.16243,-23.64561],[-47.16243,-23.64574],[-47.16213,-23.64575]]],[[[-47.06613,-23.75671],[-47.07017,-23.75539],[-47.06607,-23.75671],[-47.06613,-23.75671]]],[[[-47.06485,-23.75186],[-47.06432,-23.74801],[-47.06484,-23.75185],[-47.06485,-23.75186]]],[[[-47.06773,-23.74546],[-47.0654,-23.7472],[-47.06774,-23.74546],[-47.06773,-23.74546]]],[[[-47.04254,-23.71415],[-47.04183,-23.7144],[-47.04047,-23.7149],[-47.04254,-23.71415]]],[[[-47.04446,-23.71423],[-47.04495,-23.71423],[-47.04338,-23.71407],[-47.04446,-23.71423]]],[[[-46.99435,-23.69045],[-46.99464,-23.69213],[-46.99536,-23.69445],[-46.9968,-23.69588],[-46.99801,-23.69634],[-46.99882,-23.69749],[-46.99928,-23.6994],[-46.99991,-23.70024],[-46.99938,-23.70178],[-46.99841,-23.70305],[-46.99771,-23.70533],[-46.99776,-23.70863],[-46.99808,-23.70959],[-46.99959,-23.7109],[-47.00139,-23.71144],[-47.00502,-23.71458],[-47.00529,-23.71583],[-47.00531,-23.71725],[-47.00471,-23.71822],[-47.00244,-23.71939],[-47.00401,-23.72124],[-47.00388,-23.72449],[-47.0013,-23.72591],[-47.00103,-23.72847],[-47.0023,-23.73084],[-47.00307,-23.73271],[-47.00402,-23.73395],[-47.00465,-23.73536],[-47.005,-23.73752],[-47.00564,-23.73939],[-47.00831,-23.74234],[-47.00835,-23.74471],[-47.00758,-23.7486],[-47.00793,-23.75134],[-47.00781,-23.75565],[-47.00682,-23.75851],[-47.00601,-23.75899],[-47.00737,-23.76039],[-47.0079,-23.76181],[-47.01124,-23.76432],[-47.01148,-23.76668],[-47.01265,-23.76932],[-47.01235,-23.76998],[-47.01082,-23.77057],[-47.01157,-23.77265],[-47.01117,-23.7736],[-47.00933,-23.7741],[-47.00861,-23.77458],[-47.00811,-23.77553],[-47.00806,-23.77837],[-47.0091,-23.77949],[-47.00996,-23.78185],[-47.01101,-23.78288],[-47.01277,-23.7838],[-47.01422,-23.78426],[-47.01558,-23.78537],[-47.01715,-23.78706],[-47.0182,-23.78894],[-47.02254,-23.78935],[-47.02382,-23.79008],[-47.02404,-23.79121],[-47.02559,-23.79138],[-47.02692,-23.79117],[-47.02899,-23.79181],[-47.03105,-23.79206],[-47.03269,-23.79157],[-47.03656,-23.78868],[-47.03812,-23.78932],[-47.04038,-23.78929],[-47.04222,-23.78851],[-47.04346,-23.78878],[-47.0445,-23.78923],[-47.04532,-23.78922],[-47.04688,-23.79034],[-47.05062,-23.79237],[-47.05198,-23.79377],[-47.05323,-23.79423],[-47.0558,-23.79401],[-47.05752,-23.79228],[-47.05957,-23.79178],[-47.06089,-23.79082],[-47.06264,-23.79032],[-47.06519,-23.78915],[-47.0665,-23.78743],[-47.06818,-23.78726],[-47.07022,-23.78581],[-47.07176,-23.78598],[-47.07281,-23.78672],[-47.07282,-23.78786],[-47.07244,-23.78976],[-47.07313,-23.78969],[-47.07358,-23.7879],[-47.07335,-23.78366],[-47.07373,-23.78045],[-47.07095,-23.77921],[-47.06703,-23.77554],[-47.06668,-23.77298],[-47.06663,-23.76782],[-47.06372,-23.76485],[-47.0602,-23.76329],[-47.06013,-23.75928],[-47.06052,-23.75608],[-47.06015,-23.75475],[-47.06035,-23.75076],[-47.06014,-23.74741],[-47.0573,-23.74285],[-47.0537,-23.7399],[-47.04944,-23.73937],[-47.04441,-23.73741],[-47.042,-23.73744],[-47.03854,-23.73807],[-47.03604,-23.73797],[-47.03318,-23.73583],[-47.03028,-23.73559],[-47.03008,-23.73765],[-47.03238,-23.7392],[-47.03213,-23.74236],[-47.03059,-23.7448],[-47.02843,-23.74589],[-47.02614,-23.74539],[-47.02582,-23.7427],[-47.02254,-23.73977],[-47.0242,-23.73652],[-47.02262,-23.73263],[-47.02257,-23.73],[-47.02229,-23.72855],[-47.02189,-23.72734],[-47.02093,-23.72606],[-47.02033,-23.72482],[-47.01968,-23.71953],[-47.01744,-23.71761],[-47.01582,-23.71574],[-47.01373,-23.71248],[-47.01213,-23.70783],[-47.01197,-23.69784],[-47.01084,-23.6933],[-47.00749,-23.68459],[-47.00492,-23.67621],[-47.00482,-23.66948],[-47.00301,-23.6668],[-47.00082,-23.66964],[-46.9951,-23.67142],[-46.99406,-23.67042],[-46.99341,-23.66826],[-46.98944,-23.66661],[-46.98865,-23.666],[-46.98869,-23.66409],[-46.98937,-23.66161],[-46.98909,-23.66021],[-46.98719,-23.65819],[-46.98744,-23.65688],[-46.9884,-23.6558],[-46.98835,-23.65465],[-46.98767,-23.65343],[-46.98757,-23.65252],[-46.9887,-23.65067],[-46.98916,-23.64889],[-46.99065,-23.64619],[-46.99149,-23.64526],[-46.99189,-23.64267],[-46.99238,-23.64147],[-46.99401,-23.63851],[-46.99398,-23.63754],[-46.99477,-23.63594],[-46.99616,-23.63504],[-46.99878,-23.63432],[-46.99995,-23.63347],[-46.99993,-23.63203],[-46.99904,-23.6276],[-46.99752,-23.62676],[-46.99845,-23.62743],[-46.99864,-23.62815],[-46.99936,-23.63289],[-46.99918,-23.63339],[-46.99812,-23.63422],[-46.99698,-23.63463],[-46.99545,-23.63492],[-46.99446,-23.63576],[-46.99403,-23.63593],[-46.99326,-23.63744],[-46.99327,-23.6384],[-46.99213,-23.64072],[-46.9916,-23.64149],[-46.99121,-23.64264],[-46.99078,-23.64521],[-46.99,-23.64604],[-46.98898,-23.64784],[-46.98847,-23.64882],[-46.98797,-23.65066],[-46.98685,-23.65246],[-46.98696,-23.65333],[-46.98761,-23.65453],[-46.98773,-23.65574],[-46.98675,-23.65681],[-46.98651,-23.6581],[-46.98837,-23.66011],[-46.98866,-23.66155],[-46.98806,-23.66364],[-46.98794,-23.66591],[-46.98873,-23.66653],[-46.99032,-23.66724],[-46.99095,-23.66733],[-46.9927,-23.66817],[-46.99336,-23.67034],[-46.99438,-23.67132],[-46.99429,-23.67239],[-46.99368,-23.67394],[-46.9947,-23.67528],[-46.99498,-23.67625],[-46.99633,-23.6785],[-46.99626,-23.68106],[-46.99637,-23.6813],[-46.99555,-23.68274],[-46.99557,-23.68439],[-46.99653,-23.685],[-46.99787,-23.68668],[-46.99709,-23.68775],[-46.99569,-23.68874],[-46.99435,-23.69045]]],[[[-47.06127,-23.69917],[-47.06135,-23.69985],[-47.0612,-23.69845],[-47.06127,-23.69917]]],[[[-47.06137,-23.69448],[-47.06231,-23.69275],[-47.06193,-23.6934],[-47.06137,-23.69448]]],[[[-47.06245,-23.69168],[-47.06248,-23.69114],[-47.06231,-23.69275],[-47.06245,-23.69168]]],[[[-47.06189,-23.68646],[-47.06156,-23.68588],[-47.06213,-23.6873],[-47.06233,-23.6884],[-47.06214,-23.68729],[-47.06189,-23.68646]]],[[[-46.99728,-23.61768],[-46.99686,-23.61197],[-46.99999,-23.60736],[-46.99999,-23.60689],[-47.00053,-23.60688],[-47.00251,-23.60563],[-47.00393,-23.60508],[-47.00348,-23.60503],[-47.00172,-23.60567],[-46.99907,-23.60746],[-46.9981,-23.6091],[-46.9961,-23.6119],[-46.99643,-23.61483],[-46.99656,-23.61836],[-46.99611,-23.62205],[-46.99577,-23.62331],[-46.99575,-23.62433],[-46.9962,-23.62587],[-46.99681,-23.62628],[-46.99649,-23.62367],[-46.99728,-23.61768]]],[[[-47.02056,-23.60018],[-47.02066,-23.60028],[-47.02131,-23.60024],[-47.02134,-23.60011],[-47.02119,-23.6001],[-47.02056,-23.60018]]],[[[-47.0068,-23.60028],[-47.00653,-23.60261],[-47.00683,-23.60247],[-47.00682,-23.60233],[-47.0072,-23.60233],[-47.00747,-23.60063],[-47.00747,-23.59865],[-47.00808,-23.59812],[-47.00852,-23.59801],[-47.00753,-23.59802],[-47.00677,-23.59852],[-47.0068,-23.60028]]],[[[-47.01035,-23.59886],[-47.01056,-23.59903],[-47.01168,-23.59883],[-47.01344,-23.59805],[-47.01451,-23.59638],[-47.01666,-23.59495],[-47.01807,-23.59469],[-47.01773,-23.59458],[-47.01605,-23.59488],[-47.01378,-23.59632],[-47.01273,-23.59795],[-47.01098,-23.59882],[-47.01035,-23.59886]]]]}},{"type":"Feature","properties":{"zona":"ZOR","nome":"Zona de Ocupação Rural","area_km2":251.04,"pct_apa":26.8},"bbox":[-47.39757,-23.767,-47.01968,-23.55632],"geometry":{"type":"MultiPolygon","coordinates":[[[[-47.21431,-23.66773],[-47.21427,-23.66824],[-47.21326,-23.6692],[-47.21079,-23.66939],[-47.2092,-23.67039],[-47.20915,-23.67082],[-47.2093,-23.67081],[-47.2093,-23.67108],[-47.20892,-23.67136],[-47.20873,-23.67204],[-47.20918,-23.67217],[-47.20918,-23.67244],[-47.20948,-23.67257],[-47.20948,-23.67284],[-47.21008,-23.67324],[-47.21008,-23.67351],[-47.21067,-23.67377],[-47.21068,-23.67404],[-47.21112,-23.67431],[-47.21099,-23.67499],[-47.21143,-23.67525],[-47.21159,-23.67566],[-47.21203,-23.67579],[-47.21204,-23.67633],[-47.21175,-23.67647],[-47.21175,-23.67674],[-47.21117,-23.67717],[-47.21388,-23.67912],[-47.21598,-23.68206],[-47.2169,-23.68445],[-47.21724,-23.68668],[-47.21843,-23.6888],[-47.22001,-23.69101],[-47.22092,-23.69493],[-47.22274,-23.69691],[-47.22341,-23.69952],[-47.22209,-23.70334],[-47.21932,-23.70537],[-47.21496,-23.70513],[-47.21304,-23.70289],[-47.21305,-23.69987],[-47.21146,-23.69726],[-47.21075,-23.69404],[-47.2089,-23.69185],[-47.20735,-23.68892],[-47.20725,-23.68632],[-47.20538,-23.68442],[-47.20496,-23.68726],[-47.20484,-23.69139],[-47.20509,-23.69511],[-47.20389,-23.6985],[-47.20372,-23.70119],[-47.20647,-23.70209],[-47.20771,-23.70449],[-47.2094,-23.7071],[-47.21269,-23.71107],[-47.21399,-23.71235],[-47.21695,-23.71366],[-47.22155,-23.71776],[-47.22051,-23.72245],[-47.21511,-23.72445],[-47.21108,-23.72087],[-47.20502,-23.71763],[-47.20273,-23.71373],[-47.20051,-23.71258],[-47.19992,-23.71545],[-47.20061,-23.71838],[-47.1994,-23.72073],[-47.19863,-23.72622],[-47.20361,-23.7322],[-47.20451,-23.73568],[-47.20432,-23.73805],[-47.20838,-23.74071],[-47.21119,-23.74182],[-47.21016,-23.74461],[-47.21233,-23.74706],[-47.21419,-23.74569],[-47.21592,-23.74625],[-47.21529,-23.74798],[-47.21662,-23.75189],[-47.22046,-23.75335],[-47.2231,-23.75863],[-47.22523,-23.76035],[-47.22732,-23.7597],[-47.22975,-23.76205],[-47.23189,-23.7655],[-47.23531,-23.76508],[-47.23703,-23.767],[-47.23973,-23.7656],[-47.24378,-23.76653],[-47.24686,-23.76455],[-47.25092,-23.7627],[-47.25347,-23.76364],[-47.25235,-23.75997],[-47.25358,-23.75701],[-47.24785,-23.75615],[-47.2457,-23.75439],[-47.25035,-23.75236],[-47.2519,-23.75186],[-47.25383,-23.75085],[-47.25281,-23.7496],[-47.25335,-23.74749],[-47.2555,-23.74667],[-47.2554,-23.74501],[-47.25583,-23.74378],[-47.25687,-23.74306],[-47.25745,-23.74435],[-47.25805,-23.74653],[-47.25904,-23.74598],[-47.25807,-23.74382],[-47.25778,-23.74136],[-47.25797,-23.74012],[-47.25784,-23.73888],[-47.2575,-23.73808],[-47.25834,-23.73681],[-47.25947,-23.73381],[-47.26054,-23.73271],[-47.26051,-23.73102],[-47.26003,-23.72933],[-47.26014,-23.72751],[-47.25985,-23.72524],[-47.25918,-23.72334],[-47.25881,-23.72115],[-47.25919,-23.71655],[-47.25619,-23.71513],[-47.25549,-23.71458],[-47.25341,-23.71223],[-47.25254,-23.71031],[-47.25196,-23.70971],[-47.24787,-23.70835],[-47.24594,-23.70751],[-47.24622,-23.70908],[-47.2444,-23.71038],[-47.24136,-23.71087],[-47.23986,-23.71346],[-47.23691,-23.71625],[-47.23407,-23.71965],[-47.23498,-23.7265],[-47.23652,-23.73294],[-47.23593,-23.74052],[-47.23803,-23.74728],[-47.2381,-23.75179],[-47.23616,-23.75479],[-47.23276,-23.75588],[-47.22956,-23.75452],[-47.22641,-23.7499],[-47.22609,-23.74575],[-47.22604,-23.74206],[-47.22424,-23.73869],[-47.22455,-23.7328],[-47.22538,-23.72862],[-47.22386,-23.72422],[-47.22424,-23.72086],[-47.22365,-23.71918],[-47.22604,-23.71326],[-47.22835,-23.70991],[-47.23013,-23.70661],[-47.23063,-23.70496],[-47.23316,-23.7044],[-47.23628,-23.70343],[-47.23572,-23.69983],[-47.23461,-23.69565],[-47.23728,-23.6936],[-47.23757,-23.69115],[-47.23753,-23.68881],[-47.2338,-23.68533],[-47.23575,-23.68283],[-47.23488,-23.68071],[-47.23067,-23.68],[-47.2282,-23.68233],[-47.22471,-23.68195],[-47.22236,-23.68091],[-47.22089,-23.67849],[-47.21927,-23.67507],[-47.2194,-23.67348],[-47.21921,-23.67205],[-47.21951,-23.66965],[-47.21932,-23.66761],[-47.21946,-23.6657],[-47.21909,-23.6643],[-47.21773,-23.66379],[-47.21697,-23.6638],[-47.21698,-23.66393],[-47.21654,-23.66394],[-47.21654,-23.66407],[-47.2161,-23.66408],[-47.21566,-23.66463],[-47.21523,-23.66477],[-47.21523,-23.66518],[-47.21465,-23.66559],[-47.21437,-23.66641],[-47.21408,-23.66655],[-47.21409,-23.66695],[-47.21378,-23.66696],[-47.21375,-23.66707],[-47.21384,-23.66751],[-47.21431,-23.66773]]],[[[-47.32693,-23.66713],[-47.32773,-23.66956],[-47.32822,-23.67002],[-47.33119,-23.67102],[-47.33258,-23.67197],[-47.33312,-23.6725],[-47.33323,-23.6728],[-47.33333,-23.67551],[-47.33169,-23.67838],[-47.32978,-23.67832],[-47.32887,-23.67804],[-47.328,-23.67741],[-47.32156,-23.67688],[-47.31938,-23.67622],[-47.31598,-23.67491],[-47.31441,-23.67532],[-47.31347,-23.67637],[-47.31279,-23.67658],[-47.31178,-23.67664],[-47.30831,-23.67626],[-47.30678,-23.67673],[-47.30506,-23.6765],[-47.3038,-23.67711],[-47.30261,-23.67707],[-47.3016,-23.67597],[-47.30087,-23.67687],[-47.29948,-23.67731],[-47.29874,-23.67782],[-47.2974,-23.677],[-47.2958,-23.67656],[-47.29514,-23.67557],[-47.29409,-23.67628],[-47.29276,-23.6762],[-47.29154,-23.67519],[-47.29053,-23.67519],[-47.29053,-23.67505],[-47.29024,-23.67505],[-47.29023,-23.67492],[-47.28964,-23.67484],[-47.28789,-23.67536],[-47.28438,-23.6771],[-47.2824,-23.67962],[-47.28111,-23.68224],[-47.27913,-23.68318],[-47.27769,-23.68324],[-47.27567,-23.68375],[-47.27453,-23.68418],[-47.27369,-23.685],[-47.26957,-23.68382],[-47.26883,-23.6838],[-47.26768,-23.68566],[-47.26707,-23.68461],[-47.26547,-23.68385],[-47.26021,-23.68385],[-47.25759,-23.68323],[-47.25552,-23.68398],[-47.25287,-23.68399],[-47.25205,-23.68377],[-47.24918,-23.68264],[-47.24602,-23.6801],[-47.2433,-23.67742],[-47.24243,-23.67724],[-47.24206,-23.67736],[-47.24419,-23.68038],[-47.24451,-23.68199],[-47.24437,-23.68353],[-47.24512,-23.6857],[-47.24584,-23.6869],[-47.24839,-23.68932],[-47.24886,-23.69015],[-47.24937,-23.69167],[-47.25051,-23.69281],[-47.25096,-23.69351],[-47.25085,-23.69409],[-47.25101,-23.6946],[-47.25227,-23.69584],[-47.25263,-23.69662],[-47.2534,-23.69759],[-47.25443,-23.69855],[-47.25484,-23.69982],[-47.25484,-23.70031],[-47.25745,-23.6996],[-47.25912,-23.69855],[-47.26198,-23.69704],[-47.26434,-23.69667],[-47.26525,-23.69666],[-47.26777,-23.69704],[-47.26983,-23.69788],[-47.27109,-23.69858],[-47.27202,-23.69958],[-47.27254,-23.7006],[-47.27283,-23.70188],[-47.27264,-23.70311],[-47.27229,-23.70406],[-47.27183,-23.70474],[-47.27049,-23.70585],[-47.26907,-23.70642],[-47.2686,-23.70696],[-47.26992,-23.7063],[-47.27206,-23.70581],[-47.27321,-23.70575],[-47.27503,-23.70601],[-47.27645,-23.7063],[-47.27993,-23.70779],[-47.2804,-23.70776],[-47.28285,-23.70824],[-47.28559,-23.70947],[-47.2866,-23.71039],[-47.28774,-23.71175],[-47.28845,-23.71332],[-47.28895,-23.71362],[-47.29123,-23.71572],[-47.29176,-23.71669],[-47.29241,-23.71919],[-47.29258,-23.72099],[-47.29298,-23.72284],[-47.28954,-23.73157],[-47.29069,-23.73167],[-47.29157,-23.72873],[-47.29304,-23.72612],[-47.29445,-23.72475],[-47.29514,-23.72247],[-47.29679,-23.71936],[-47.29703,-23.71607],[-47.29902,-23.71279],[-47.29964,-23.71037],[-47.30176,-23.70973],[-47.30432,-23.70865],[-47.30755,-23.70882],[-47.30998,-23.70609],[-47.31251,-23.70388],[-47.31591,-23.70384],[-47.31955,-23.70327],[-47.32369,-23.70393],[-47.32683,-23.70194],[-47.32807,-23.70354],[-47.32947,-23.7059],[-47.33199,-23.70515],[-47.33482,-23.70568],[-47.33518,-23.70695],[-47.33737,-23.70906],[-47.33883,-23.70887],[-47.33991,-23.70835],[-47.34046,-23.70688],[-47.34398,-23.70904],[-47.3515,-23.69841],[-47.35784,-23.67661],[-47.35241,-23.67267],[-47.34648,-23.66932],[-47.34085,-23.66402],[-47.32728,-23.66182],[-47.3263,-23.665],[-47.32645,-23.66623],[-47.32693,-23.66713]]],[[[-47.20762,-23.67558],[-47.20752,-23.67558],[-47.20762,-23.67561],[-47.20762,-23.67558]]],[[[-47.20617,-23.67519],[-47.20747,-23.67556],[-47.20746,-23.67504],[-47.20731,-23.67504],[-47.20731,-23.6749],[-47.20658,-23.67492],[-47.20657,-23.67478],[-47.20644,-23.67478],[-47.20617,-23.67519]]],[[[-47.16386,-23.66116],[-47.16415,-23.66116],[-47.16401,-23.6617],[-47.16416,-23.6617],[-47.16416,-23.66184],[-47.16475,-23.66183],[-47.16474,-23.66142],[-47.16504,-23.66128],[-47.16503,-23.66115],[-47.16533,-23.66114],[-47.16517,-23.6606],[-47.16561,-23.66046],[-47.16561,-23.66033],[-47.16546,-23.66033],[-47.16545,-23.65965],[-47.16574,-23.65951],[-47.16573,-23.65897],[-47.16529,-23.65911],[-47.16545,-23.65952],[-47.16515,-23.65952],[-47.16502,-23.6602],[-47.16429,-23.66075],[-47.16429,-23.66089],[-47.16385,-23.66089],[-47.16386,-23.66116]]],[[[-47.16679,-23.66085],[-47.16782,-23.66084],[-47.16782,-23.66057],[-47.16796,-23.66056],[-47.16796,-23.66029],[-47.16811,-23.66029],[-47.1681,-23.65989],[-47.16795,-23.65989],[-47.16795,-23.65975],[-47.1681,-23.65975],[-47.16809,-23.65907],[-47.16765,-23.65921],[-47.16766,-23.65989],[-47.16736,-23.6599],[-47.16737,-23.66003],[-47.16722,-23.66003],[-47.16722,-23.6599],[-47.16648,-23.65991],[-47.16649,-23.66045],[-47.16634,-23.66045],[-47.16635,-23.66059],[-47.16679,-23.66072],[-47.16679,-23.66085]]],[[[-47.16528,-23.65816],[-47.16484,-23.65817],[-47.16484,-23.65831],[-47.16469,-23.65831],[-47.16499,-23.65871],[-47.16573,-23.6587],[-47.16588,-23.65897],[-47.16603,-23.65897],[-47.16602,-23.65883],[-47.16647,-23.65882],[-47.16646,-23.65828],[-47.16616,-23.65829],[-47.16614,-23.65707],[-47.166,-23.65707],[-47.16599,-23.6568],[-47.16526,-23.65681],[-47.16525,-23.6564],[-47.16481,-23.65627],[-47.16481,-23.65682],[-47.16452,-23.65696],[-47.16453,-23.65736],[-47.16424,-23.65737],[-47.16424,-23.65791],[-47.16439,-23.65791],[-47.16439,-23.65804],[-47.16528,-23.65803],[-47.16528,-23.65816]]],[[[-47.16451,-23.64693],[-47.16495,-23.64693],[-47.16495,-23.64688],[-47.1645,-23.64682],[-47.16451,-23.64693]]],[[[-47.32155,-23.5668],[-47.32155,-23.56666],[-47.32199,-23.56666],[-47.32184,-23.56625],[-47.32199,-23.56625],[-47.32213,-23.56598],[-47.32257,-23.56597],[-47.32271,-23.5657],[-47.32315,-23.56556],[-47.32315,-23.56542],[-47.32403,-23.56541],[-47.32402,-23.56527],[-47.32432,-23.56527],[-47.32432,-23.56513],[-47.32461,-23.56499],[-47.32474,-23.56431],[-47.32533,-23.56417],[-47.32547,-23.5639],[-47.32664,-23.56388],[-47.32679,-23.56361],[-47.32693,-23.5636],[-47.32693,-23.5632],[-47.32774,-23.56305],[-47.3277,-23.56279],[-47.3268,-23.56156],[-47.32553,-23.56129],[-47.32286,-23.56245],[-47.3132,-23.56213],[-47.30707,-23.56359],[-47.30695,-23.56223],[-47.30569,-23.56263],[-47.3048,-23.56329],[-47.30335,-23.56333],[-47.30104,-23.56168],[-47.29873,-23.56155],[-47.29653,-23.56187],[-47.29418,-23.56141],[-47.29305,-23.56183],[-47.29266,-23.56263],[-47.29229,-23.56299],[-47.28754,-23.56087],[-47.28497,-23.56225],[-47.28368,-23.56332],[-47.28196,-23.56432],[-47.28012,-23.56387],[-47.27871,-23.56336],[-47.27761,-23.56184],[-47.27522,-23.55953],[-47.27389,-23.55783],[-47.27248,-23.55646],[-47.27126,-23.55632],[-47.27027,-23.55748],[-47.26905,-23.5593],[-47.26703,-23.56141],[-47.26586,-23.56298],[-47.26482,-23.56491],[-47.26193,-23.56845],[-47.26067,-23.5696],[-47.25871,-23.56973],[-47.25686,-23.57014],[-47.25467,-23.56949],[-47.25288,-23.56967],[-47.24963,-23.56844],[-47.25123,-23.56753],[-47.24848,-23.56483],[-47.24492,-23.56377],[-47.23954,-23.56139],[-47.2374,-23.56098],[-47.23332,-23.56102],[-47.22921,-23.56015],[-47.22882,-23.56239],[-47.22966,-23.56443],[-47.23116,-23.56669],[-47.2271,-23.56761],[-47.22073,-23.56672],[-47.21948,-23.56822],[-47.21787,-23.56909],[-47.2154,-23.56929],[-47.21391,-23.57083],[-47.21172,-23.57141],[-47.21036,-23.57237],[-47.20933,-23.57531],[-47.20725,-23.5765],[-47.20587,-23.57906],[-47.20489,-23.58129],[-47.20689,-23.58359],[-47.20909,-23.58518],[-47.21226,-23.58376],[-47.21267,-23.58239],[-47.21412,-23.58244],[-47.21395,-23.58385],[-47.21652,-23.58502],[-47.21787,-23.58622],[-47.21819,-23.5848],[-47.21927,-23.58642],[-47.21923,-23.58584],[-47.21967,-23.58563],[-47.21974,-23.58473],[-47.22148,-23.58566],[-47.2235,-23.58745],[-47.22469,-23.58632],[-47.22584,-23.58764],[-47.22637,-23.58661],[-47.2272,-23.58666],[-47.23007,-23.58765],[-47.23058,-23.58861],[-47.22962,-23.59203],[-47.22975,-23.59456],[-47.23091,-23.59495],[-47.23418,-23.59409],[-47.23507,-23.59473],[-47.23553,-23.59562],[-47.23492,-23.5962],[-47.23386,-23.59654],[-47.23334,-23.59729],[-47.23212,-23.59804],[-47.23222,-23.59878],[-47.23349,-23.59933],[-47.23439,-23.60054],[-47.23562,-23.60089],[-47.23638,-23.60094],[-47.23679,-23.60149],[-47.23819,-23.60049],[-47.23835,-23.59983],[-47.23966,-23.59842],[-47.24064,-23.59874],[-47.24012,-23.59964],[-47.24146,-23.60021],[-47.24165,-23.60076],[-47.24219,-23.60125],[-47.24139,-23.60126],[-47.24129,-23.60159],[-47.24085,-23.60145],[-47.2406,-23.6016],[-47.24053,-23.60208],[-47.24348,-23.60232],[-47.24432,-23.60186],[-47.24591,-23.60279],[-47.24596,-23.60223],[-47.24626,-23.60195],[-47.24687,-23.60194],[-47.2473,-23.60243],[-47.24719,-23.60299],[-47.24732,-23.60366],[-47.24817,-23.60387],[-47.24954,-23.60397],[-47.24985,-23.60333],[-47.25001,-23.60251],[-47.25055,-23.60253],[-47.25068,-23.60283],[-47.25088,-23.60283],[-47.25112,-23.60389],[-47.25165,-23.60301],[-47.25285,-23.60301],[-47.25322,-23.60252],[-47.25392,-23.60246],[-47.25419,-23.60296],[-47.25489,-23.60294],[-47.25535,-23.60268],[-47.2566,-23.60261],[-47.2571,-23.60308],[-47.25768,-23.60259],[-47.25767,-23.60206],[-47.25845,-23.60191],[-47.2589,-23.60252],[-47.25874,-23.60368],[-47.2592,-23.60337],[-47.25963,-23.60276],[-47.26027,-23.60274],[-47.2609,-23.60246],[-47.26149,-23.60269],[-47.26192,-23.60237],[-47.26199,-23.60143],[-47.26249,-23.60142],[-47.26255,-23.60192],[-47.26285,-23.60228],[-47.26459,-23.60187],[-47.26602,-23.60177],[-47.26586,-23.60116],[-47.2675,-23.60162],[-47.26834,-23.60169],[-47.2702,-23.6011],[-47.27054,-23.60071],[-47.26886,-23.60015],[-47.26798,-23.60014],[-47.26499,-23.59919],[-47.26435,-23.59911],[-47.26324,-23.59863],[-47.26137,-23.59924],[-47.26077,-23.59922],[-47.25976,-23.5978],[-47.25933,-23.59764],[-47.2587,-23.59783],[-47.25811,-23.59779],[-47.25672,-23.5968],[-47.25599,-23.59686],[-47.25462,-23.59739],[-47.25393,-23.59727],[-47.25128,-23.59512],[-47.24966,-23.59583],[-47.24862,-23.59612],[-47.24736,-23.59621],[-47.24609,-23.59509],[-47.24513,-23.59273],[-47.24387,-23.59192],[-47.24251,-23.59139],[-47.2407,-23.59104],[-47.23973,-23.59053],[-47.23896,-23.58869],[-47.2383,-23.58821],[-47.23596,-23.58772],[-47.23492,-23.58668],[-47.23439,-23.58567],[-47.23399,-23.5844],[-47.23486,-23.58336],[-47.23444,-23.58259],[-47.2344,-23.58098],[-47.23426,-23.58046],[-47.23268,-23.57753],[-47.23397,-23.57627],[-47.23455,-23.57486],[-47.23531,-23.57482],[-47.23578,-23.5752],[-47.23645,-23.57516],[-47.23639,-23.57439],[-47.23841,-23.57507],[-47.24003,-23.57634],[-47.24426,-23.57902],[-47.24755,-23.5788],[-47.24993,-23.5778],[-47.25275,-23.57716],[-47.25493,-23.57542],[-47.25697,-23.57508],[-47.25976,-23.57339],[-47.26176,-23.57456],[-47.26447,-23.57401],[-47.26807,-23.57282],[-47.26982,-23.57254],[-47.27195,-23.57338],[-47.27395,-23.57315],[-47.27709,-23.57359],[-47.27744,-23.57522],[-47.27846,-23.57643],[-47.28084,-23.57682],[-47.28207,-23.57437],[-47.28208,-23.57637],[-47.28336,-23.57741],[-47.28427,-23.57892],[-47.2861,-23.58078],[-47.28884,-23.58443],[-47.29141,-23.58528],[-47.29274,-23.58709],[-47.29334,-23.58979],[-47.29373,-23.59267],[-47.29143,-23.59542],[-47.29259,-23.5979],[-47.29394,-23.59931],[-47.29601,-23.59789],[-47.29736,-23.59515],[-47.29898,-23.59415],[-47.30231,-23.59079],[-47.30334,-23.58944],[-47.30276,-23.58792],[-47.30309,-23.58625],[-47.30443,-23.5855],[-47.30549,-23.587],[-47.30549,-23.58854],[-47.30694,-23.59039],[-47.30893,-23.59054],[-47.31,-23.58963],[-47.31076,-23.5886],[-47.3123,-23.58855],[-47.31376,-23.59002],[-47.3152,-23.59087],[-47.31618,-23.591],[-47.3176,-23.59025],[-47.31868,-23.58851],[-47.32013,-23.58967],[-47.32119,-23.59091],[-47.32326,-23.59174],[-47.32655,-23.59208],[-47.32939,-23.59278],[-47.33178,-23.59275],[-47.33366,-23.59356],[-47.33592,-23.59413],[-47.33801,-23.59524],[-47.3394,-23.59547],[-47.3396,-23.59757],[-47.33728,-23.59848],[-47.33481,-23.59652],[-47.33207,-23.59721],[-47.33005,-23.5971],[-47.32671,-23.59916],[-47.32556,-23.60185],[-47.32844,-23.603],[-47.32962,-23.60504],[-47.33169,-23.60453],[-47.33405,-23.60329],[-47.33652,-23.60394],[-47.33776,-23.6057],[-47.33803,-23.6067],[-47.34219,-23.60893],[-47.34421,-23.60964],[-47.34549,-23.60815],[-47.34844,-23.60774],[-47.35167,-23.60845],[-47.35416,-23.60978],[-47.35703,-23.61069],[-47.35929,-23.60686],[-47.35941,-23.60588],[-47.3611,-23.60569],[-47.36209,-23.60698],[-47.36212,-23.60827],[-47.36377,-23.6088],[-47.36567,-23.60878],[-47.36624,-23.60736],[-47.36733,-23.60591],[-47.3687,-23.60587],[-47.37015,-23.60711],[-47.37031,-23.60813],[-47.37188,-23.60912],[-47.37314,-23.61082],[-47.37461,-23.61147],[-47.37677,-23.61117],[-47.37759,-23.61002],[-47.37907,-23.60994],[-47.38043,-23.61153],[-47.38035,-23.61038],[-47.38319,-23.61099],[-47.38552,-23.61053],[-47.38131,-23.60654],[-47.38061,-23.60335],[-47.38529,-23.60401],[-47.39024,-23.60935],[-47.39188,-23.61083],[-47.39298,-23.61153],[-47.39354,-23.61158],[-47.39512,-23.61241],[-47.39591,-23.61257],[-47.39699,-23.61241],[-47.39757,-23.61283],[-47.39606,-23.60975],[-47.39342,-23.60725],[-47.39177,-23.60463],[-47.39156,-23.60067],[-47.39036,-23.59919],[-47.38701,-23.59716],[-47.38515,-23.59478],[-47.38387,-23.5899],[-47.38245,-23.58912],[-47.37903,-23.58787],[-47.37569,-23.58816],[-47.37354,-23.58984],[-47.37077,-23.58979],[-47.36727,-23.58803],[-47.36266,-23.58684],[-47.35954,-23.58443],[-47.35591,-23.5829],[-47.35112,-23.58144],[-47.34819,-23.58097],[-47.34111,-23.58144],[-47.33899,-23.58035],[-47.3386,-23.57937],[-47.33837,-23.57358],[-47.33592,-23.57303],[-47.33197,-23.57343],[-47.33088,-23.57281],[-47.32973,-23.57096],[-47.32925,-23.56922],[-47.32955,-23.57133],[-47.33105,-23.5734],[-47.33194,-23.574],[-47.33329,-23.57405],[-47.33314,-23.57407],[-47.33315,-23.57434],[-47.33241,-23.57436],[-47.33241,-23.57449],[-47.33212,-23.5745],[-47.33154,-23.57518],[-47.33111,-23.57532],[-47.33111,-23.57573],[-47.33097,-23.57573],[-47.33097,-23.576],[-47.33082,-23.576],[-47.33068,-23.57628],[-47.33009,-23.57629],[-47.3301,-23.57642],[-47.3298,-23.57643],[-47.32981,-23.57656],[-47.32951,-23.57657],[-47.32951,-23.5767],[-47.32687,-23.57688],[-47.32688,-23.57701],[-47.32614,-23.57716],[-47.32586,-23.57757],[-47.32527,-23.57771],[-47.32527,-23.57785],[-47.32102,-23.57805],[-47.32101,-23.57791],[-47.32087,-23.57791],[-47.32086,-23.57751],[-47.32101,-23.57751],[-47.321,-23.5771],[-47.32144,-23.57682],[-47.32172,-23.57641],[-47.32246,-23.5764],[-47.32246,-23.57626],[-47.3229,-23.57626],[-47.32289,-23.57612],[-47.3248,-23.57609],[-47.3248,-23.57596],[-47.32509,-23.57595],[-47.32538,-23.57554],[-47.32553,-23.57554],[-47.32567,-23.57513],[-47.32596,-23.57513],[-47.3261,-23.57486],[-47.32625,-23.57485],[-47.32639,-23.57445],[-47.32683,-23.5743],[-47.32668,-23.57404],[-47.32638,-23.57404],[-47.32638,-23.57377],[-47.32521,-23.57392],[-47.32506,-23.57419],[-47.32477,-23.5742],[-47.32477,-23.57433],[-47.3233,-23.57436],[-47.32329,-23.57368],[-47.32358,-23.57354],[-47.32343,-23.57327],[-47.32387,-23.57299],[-47.32386,-23.57259],[-47.32415,-23.57258],[-47.32443,-23.57136],[-47.32472,-23.57122],[-47.32471,-23.57109],[-47.3253,-23.57094],[-47.3253,-23.57081],[-47.32588,-23.5708],[-47.32588,-23.57066],[-47.32735,-23.57064],[-47.32721,-23.57091],[-47.32692,-23.57105],[-47.32692,-23.57132],[-47.32663,-23.57146],[-47.32664,-23.57173],[-47.32634,-23.57187],[-47.32635,-23.57201],[-47.32576,-23.57202],[-47.32577,-23.57256],[-47.32606,-23.57255],[-47.3262,-23.57228],[-47.32665,-23.57228],[-47.32665,-23.57241],[-47.32841,-23.57238],[-47.3284,-23.57171],[-47.32869,-23.57157],[-47.32868,-23.57116],[-47.32883,-23.57116],[-47.32882,-23.57089],[-47.32897,-23.57089],[-47.32896,-23.57048],[-47.32911,-23.57048],[-47.32909,-23.56939],[-47.3285,-23.569],[-47.32849,-23.56873],[-47.32805,-23.56846],[-47.32788,-23.56752],[-47.32729,-23.56739],[-47.3273,-23.56753],[-47.32642,-23.56767],[-47.32641,-23.56754],[-47.32612,-23.56754],[-47.32612,-23.56741],[-47.32641,-23.5674],[-47.32655,-23.56713],[-47.3267,-23.56713],[-47.3264,-23.56646],[-47.32596,-23.56646],[-47.32596,-23.56687],[-47.32553,-23.56715],[-47.32466,-23.56811],[-47.32437,-23.56811],[-47.32437,-23.56838],[-47.32423,-23.56838],[-47.32425,-23.56947],[-47.32439,-23.56947],[-47.3244,-23.56974],[-47.32454,-23.56973],[-47.32456,-23.57041],[-47.31838,-23.57037],[-47.31838,-23.56983],[-47.31867,-23.56969],[-47.31866,-23.56955],[-47.31954,-23.5694],[-47.31954,-23.569],[-47.31909,-23.56887],[-47.31909,-23.5686],[-47.31938,-23.56846],[-47.31937,-23.56819],[-47.31982,-23.56818],[-47.31981,-23.56791],[-47.31966,-23.56791],[-47.31965,-23.56723],[-47.32024,-23.56723],[-47.32024,-23.56709],[-47.32155,-23.5668]],[[-47.23737,-23.56614],[-47.23722,-23.56614],[-47.23722,-23.56601],[-47.23692,-23.56601],[-47.23692,-23.5656],[-47.23647,-23.56547],[-47.23632,-23.56521],[-47.23603,-23.56535],[-47.23603,-23.56548],[-47.23618,-23.56548],[-47.23633,-23.56588],[-47.23648,-23.56588],[-47.23649,-23.56615],[-47.23605,-23.56629],[-47.23605,-23.56643],[-47.23575,-23.5663],[-47.23576,-23.56643],[-47.23517,-23.56644],[-47.23517,-23.56658],[-47.23502,-23.56658],[-47.2337,-23.5666],[-47.2337,-23.56646],[-47.23355,-23.56646],[-47.23355,-23.56633],[-47.23399,-23.56632],[-47.23399,-23.56605],[-47.23354,-23.56592],[-47.23354,-23.56565],[-47.23324,-23.56552],[-47.23324,-23.56539],[-47.2328,-23.56526],[-47.23293,-23.56431],[-47.23249,-23.56431],[-47.23248,-23.56391],[-47.23292,-23.5639],[-47.23306,-23.56349],[-47.23335,-23.56335],[-47.23333,-23.56173],[-47.23347,-23.56173],[-47.23376,-23.56132],[-47.2342,-23.56131],[-47.2342,-23.56117],[-47.23567,-23.56115],[-47.23567,-23.56129],[-47.23596,-23.56128],[-47.23626,-23.56169],[-47.2367,-23.56168],[-47.23671,-23.56181],[-47.237,-23.56181],[-47.237,-23.56195],[-47.23803,-23.56207],[-47.23804,-23.5622],[-47.23833,-23.5622],[-47.23833,-23.56233],[-47.23877,-23.56246],[-47.23864,-23.56314],[-47.23893,-23.56314],[-47.23894,-23.56368],[-47.23909,-23.56368],[-47.23909,-23.56395],[-47.23924,-23.56394],[-47.23925,-23.56462],[-47.2394,-23.56462],[-47.23926,-23.56489],[-47.23882,-23.56517],[-47.23898,-23.56571],[-47.23912,-23.56571],[-47.23913,-23.56584],[-47.23986,-23.56583],[-47.24015,-23.56542],[-47.24044,-23.56542],[-47.24044,-23.56555],[-47.24074,-23.56555],[-47.24089,-23.56609],[-47.24119,-23.56622],[-47.24119,-23.56663],[-47.2409,-23.56676],[-47.2409,-23.56663],[-47.23958,-23.56665],[-47.23958,-23.56651],[-47.23914,-23.56652],[-47.23914,-23.56665],[-47.23796,-23.56667],[-47.23796,-23.56654],[-47.23811,-23.56653],[-47.2381,-23.56613],[-47.23795,-23.56613],[-47.23795,-23.56599],[-47.23736,-23.566],[-47.23737,-23.56614]]],[[[-47.31938,-23.56873],[-47.31939,-23.56886],[-47.31953,-23.56886],[-47.31953,-23.56873],[-47.31938,-23.56873]]],[[[-47.32879,-23.5674],[-47.3287,-23.56652],[-47.32816,-23.56512],[-47.32839,-23.56657],[-47.32879,-23.5674]]],[[[-47.10465,-23.70951],[-47.10465,-23.70965],[-47.1048,-23.70965],[-47.1048,-23.70951],[-47.10465,-23.70951]]],[[[-47.12623,-23.70692],[-47.12593,-23.70692],[-47.12593,-23.70706],[-47.12623,-23.70705],[-47.12623,-23.70692]]],[[[-47.16762,-23.64879],[-47.16777,-23.64879],[-47.16778,-23.64933],[-47.16763,-23.64933],[-47.16763,-23.64946],[-47.16793,-23.6496],[-47.16793,-23.64973],[-47.16867,-23.64972],[-47.16882,-23.64999],[-47.16926,-23.65012],[-47.16956,-23.65052],[-47.16986,-23.65052],[-47.16987,-23.65106],[-47.1703,-23.65092],[-47.17031,-23.65119],[-47.1706,-23.65118],[-47.1706,-23.65132],[-47.1709,-23.65145],[-47.17106,-23.65226],[-47.1715,-23.65212],[-47.1715,-23.65225],[-47.1718,-23.65239],[-47.1718,-23.65279],[-47.1721,-23.65292],[-47.17211,-23.65319],[-47.17255,-23.65332],[-47.17255,-23.65346],[-47.17211,-23.65346],[-47.17211,-23.6536],[-47.17182,-23.65374],[-47.17182,-23.65387],[-47.17197,-23.65387],[-47.17198,-23.65428],[-47.17212,-23.65428],[-47.17213,-23.65482],[-47.17228,-23.65482],[-47.17228,-23.65509],[-47.17243,-23.65508],[-47.17245,-23.6563],[-47.1723,-23.65631],[-47.17231,-23.65671],[-47.17216,-23.65671],[-47.17203,-23.65753],[-47.17188,-23.65753],[-47.17189,-23.6578],[-47.1716,-23.65794],[-47.1716,-23.65808],[-47.17116,-23.65835],[-47.17117,-23.65862],[-47.17087,-23.65876],[-47.17073,-23.65917],[-47.17059,-23.65917],[-47.17045,-23.65985],[-47.1703,-23.65985],[-47.17031,-23.66012],[-47.17016,-23.66013],[-47.17018,-23.66135],[-47.17033,-23.66134],[-47.17049,-23.66215],[-47.17064,-23.66215],[-47.17065,-23.66283],[-47.17079,-23.66283],[-47.1708,-23.6631],[-47.17095,-23.6631],[-47.17095,-23.6635],[-47.17022,-23.66338],[-47.17022,-23.66351],[-47.16992,-23.66352],[-47.16992,-23.66338],[-47.16948,-23.66339],[-47.16948,-23.66325],[-47.16933,-23.66325],[-47.16934,-23.66393],[-47.16979,-23.66419],[-47.16979,-23.66433],[-47.17053,-23.66432],[-47.17052,-23.66405],[-47.17067,-23.66405],[-47.17067,-23.66418],[-47.17097,-23.66431],[-47.17097,-23.66458],[-47.17082,-23.66459],[-47.17083,-23.66499],[-47.17068,-23.66499],[-47.17083,-23.66526],[-47.17054,-23.6654],[-47.17055,-23.66567],[-47.1704,-23.66568],[-47.17041,-23.66622],[-47.17026,-23.66622],[-47.17012,-23.66676],[-47.16998,-23.66677],[-47.16984,-23.66731],[-47.16969,-23.66731],[-47.1697,-23.66758],[-47.16867,-23.6676],[-47.16867,-23.66787],[-47.16794,-23.66788],[-47.16794,-23.66801],[-47.16618,-23.66804],[-47.16618,-23.66817],[-47.16603,-23.66817],[-47.16603,-23.66804],[-47.16515,-23.66805],[-47.16514,-23.66792],[-47.16485,-23.66792],[-47.16486,-23.66833],[-47.16457,-23.66847],[-47.16457,-23.66874],[-47.16428,-23.66888],[-47.16428,-23.66915],[-47.16414,-23.66915],[-47.16399,-23.66942],[-47.16341,-23.66943],[-47.16341,-23.66997],[-47.16312,-23.66998],[-47.16311,-23.66957],[-47.16267,-23.66971],[-47.16268,-23.66985],[-47.16239,-23.66999],[-47.16239,-23.67026],[-47.16224,-23.67026],[-47.16226,-23.67107],[-47.1624,-23.67107],[-47.16241,-23.67148],[-47.16256,-23.67147],[-47.16256,-23.67174],[-47.16286,-23.67188],[-47.16301,-23.67242],[-47.16316,-23.67241],[-47.16317,-23.67323],[-47.16303,-23.67323],[-47.16303,-23.6735],[-47.16318,-23.6735],[-47.16318,-23.67336],[-47.16376,-23.67335],[-47.16377,-23.67349],[-47.1645,-23.67334],[-47.1645,-23.67361],[-47.16436,-23.67362],[-47.16436,-23.67375],[-47.16392,-23.67376],[-47.16378,-23.67403],[-47.16304,-23.67404],[-47.16304,-23.6739],[-47.16274,-23.67377],[-47.16288,-23.6735],[-47.16259,-23.6735],[-47.16259,-23.67364],[-47.16215,-23.67365],[-47.16215,-23.67378],[-47.16186,-23.67379],[-47.16186,-23.67392],[-47.16157,-23.67392],[-47.16143,-23.6742],[-47.16084,-23.67434],[-47.16084,-23.67448],[-47.16011,-23.67449],[-47.16006,-23.67164],[-47.15991,-23.67165],[-47.15987,-23.66907],[-47.16016,-23.66893],[-47.16015,-23.66826],[-47.1603,-23.66825],[-47.1603,-23.66812],[-47.16,-23.66812],[-47.15999,-23.66758],[-47.16029,-23.66744],[-47.16042,-23.66663],[-47.16027,-23.66663],[-47.16012,-23.66636],[-47.15968,-23.66637],[-47.15954,-23.66664],[-47.15939,-23.66664],[-47.15939,-23.66691],[-47.15925,-23.66692],[-47.15911,-23.66759],[-47.15867,-23.66747],[-47.15864,-23.6657],[-47.15849,-23.66571],[-47.15819,-23.6653],[-47.15775,-23.66531],[-47.15775,-23.66518],[-47.15745,-23.66518],[-47.15745,-23.66504],[-47.15701,-23.66492],[-47.157,-23.66451],[-47.15686,-23.66451],[-47.15683,-23.66289],[-47.15698,-23.66288],[-47.15697,-23.66275],[-47.15815,-23.66273],[-47.15815,-23.66287],[-47.1583,-23.66287],[-47.15831,-23.66327],[-47.15845,-23.66327],[-47.15846,-23.66368],[-47.15861,-23.66367],[-47.15861,-23.66408],[-47.15876,-23.66408],[-47.15891,-23.66435],[-47.15979,-23.66433],[-47.15979,-23.6642],[-47.16008,-23.6642],[-47.16022,-23.66365],[-47.16066,-23.66365],[-47.16066,-23.66337],[-47.16022,-23.66325],[-47.1602,-23.66203],[-47.16005,-23.66203],[-47.16005,-23.66189],[-47.15931,-23.66177],[-47.15931,-23.66163],[-47.15887,-23.66164],[-47.15886,-23.6615],[-47.15842,-23.66151],[-47.15842,-23.66137],[-47.15798,-23.66138],[-47.15768,-23.66098],[-47.15739,-23.66098],[-47.15738,-23.66085],[-47.15709,-23.66072],[-47.15708,-23.66031],[-47.15693,-23.66031],[-47.15663,-23.65991],[-47.15634,-23.65991],[-47.15633,-23.65964],[-47.15604,-23.65951],[-47.15602,-23.65829],[-47.15617,-23.65829],[-47.15616,-23.65802],[-47.15645,-23.65788],[-47.15644,-23.65734],[-47.15674,-23.6572],[-47.15673,-23.65693],[-47.15702,-23.65679],[-47.15702,-23.65652],[-47.15761,-23.65651],[-47.1576,-23.65638],[-47.1579,-23.65637],[-47.1579,-23.65624],[-47.15922,-23.65635],[-47.15922,-23.65622],[-47.15937,-23.65622],[-47.15921,-23.65595],[-47.15936,-23.65594],[-47.15936,-23.65581],[-47.15951,-23.65581],[-47.15951,-23.65608],[-47.1598,-23.65594],[-47.15965,-23.65567],[-47.15936,-23.65567],[-47.15935,-23.6554],[-47.16009,-23.65539],[-47.16023,-23.65512],[-47.16052,-23.65512],[-47.16067,-23.65484],[-47.16096,-23.65484],[-47.16096,-23.65511],[-47.16141,-23.65524],[-47.16156,-23.65564],[-47.16171,-23.65564],[-47.16184,-23.65496],[-47.16199,-23.65496],[-47.16211,-23.65333],[-47.16241,-23.65346],[-47.16241,-23.65333],[-47.16284,-23.65305],[-47.16284,-23.65278],[-47.16298,-23.65278],[-47.16298,-23.65251],[-47.16269,-23.65251],[-47.16253,-23.65211],[-47.16239,-23.65211],[-47.16234,-23.64913],[-47.16219,-23.64913],[-47.16218,-23.64886],[-47.16204,-23.64887],[-47.16204,-23.64927],[-47.1619,-23.64927],[-47.16176,-23.64955],[-47.16146,-23.64941],[-47.16145,-23.64901],[-47.16189,-23.64873],[-47.16174,-23.64846],[-47.16086,-23.64848],[-47.16086,-23.64888],[-47.16057,-23.64902],[-47.16056,-23.64861],[-47.16071,-23.64861],[-47.16071,-23.64848],[-47.16056,-23.64848],[-47.16055,-23.64759],[-47.15941,-23.64697],[-47.15296,-23.6471],[-47.15261,-23.64751],[-47.15231,-23.64751],[-47.15232,-23.64805],[-47.15247,-23.64805],[-47.15247,-23.64819],[-47.15291,-23.64818],[-47.15305,-23.64791],[-47.15335,-23.64777],[-47.1535,-23.64804],[-47.15379,-23.64817],[-47.15381,-23.64884],[-47.1544,-23.64924],[-47.15456,-23.64992],[-47.1547,-23.64992],[-47.15472,-23.65073],[-47.15443,-23.65087],[-47.15414,-23.65128],[-47.15458,-23.65154],[-47.15461,-23.65317],[-47.15476,-23.65316],[-47.15477,-23.65371],[-47.15491,-23.6537],[-47.15493,-23.65492],[-47.15464,-23.65506],[-47.1545,-23.65534],[-47.15362,-23.65562],[-47.15333,-23.65603],[-47.15275,-23.65617],[-47.15203,-23.65699],[-47.1513,-23.65714],[-47.1513,-23.65728],[-47.15071,-23.65728],[-47.15043,-23.65796],[-47.1494,-23.65811],[-47.1494,-23.65825],[-47.14896,-23.65826],[-47.14896,-23.65839],[-47.14793,-23.65841],[-47.14793,-23.65827],[-47.14749,-23.65801],[-47.14747,-23.65692],[-47.14541,-23.65709],[-47.14526,-23.65682],[-47.14497,-23.65682],[-47.14496,-23.65642],[-47.14481,-23.65642],[-47.14466,-23.65574],[-47.1448,-23.65574],[-47.1448,-23.6556],[-47.14539,-23.6556],[-47.14539,-23.65546],[-47.14656,-23.65545],[-47.14685,-23.65503],[-47.14744,-23.65503],[-47.14758,-23.65475],[-47.14787,-23.65475],[-47.14802,-23.65448],[-47.14919,-23.65446],[-47.14934,-23.65419],[-47.14948,-23.65419],[-47.14948,-23.65378],[-47.14933,-23.65378],[-47.14933,-23.65365],[-47.14874,-23.65365],[-47.14889,-23.65406],[-47.14875,-23.65406],[-47.14874,-23.65393],[-47.14786,-23.65394],[-47.14786,-23.6538],[-47.14771,-23.6538],[-47.14771,-23.65394],[-47.14698,-23.65409],[-47.14698,-23.65422],[-47.1461,-23.65423],[-47.1461,-23.6541],[-47.14581,-23.6541],[-47.1458,-23.65397],[-47.14551,-23.65397],[-47.14551,-23.65383],[-47.14463,-23.65385],[-47.14448,-23.65412],[-47.14404,-23.65413],[-47.14404,-23.65426],[-47.14213,-23.65429],[-47.14213,-23.65415],[-47.14169,-23.65389],[-47.14168,-23.65321],[-47.14123,-23.65295],[-47.14123,-23.65268],[-47.14078,-23.65268],[-47.14079,-23.65282],[-47.14049,-23.65269],[-47.14049,-23.65282],[-47.14035,-23.65282],[-47.14034,-23.65269],[-47.14005,-23.65269],[-47.14005,-23.65256],[-47.13916,-23.6523],[-47.13888,-23.65311],[-47.13903,-23.65311],[-47.13903,-23.65352],[-47.13918,-23.65352],[-47.13934,-23.65406],[-47.13948,-23.65405],[-47.13949,-23.65446],[-47.13978,-23.65446],[-47.14008,-23.65486],[-47.14082,-23.65485],[-47.14112,-23.65525],[-47.14141,-23.65525],[-47.14142,-23.65538],[-47.1423,-23.6555],[-47.1423,-23.65577],[-47.14216,-23.65578],[-47.14202,-23.65605],[-47.14172,-23.65605],[-47.14172,-23.65619],[-47.14128,-23.65606],[-47.14128,-23.6562],[-47.14084,-23.6562],[-47.14084,-23.65634],[-47.1407,-23.65634],[-47.14069,-23.6562],[-47.13585,-23.65641],[-47.13584,-23.65627],[-47.1357,-23.65627],[-47.13568,-23.65546],[-47.13583,-23.65546],[-47.13583,-23.65519],[-47.13597,-23.65519],[-47.13597,-23.65478],[-47.13611,-23.65478],[-47.13611,-23.65424],[-47.13625,-23.65423],[-47.13639,-23.65383],[-47.13669,-23.65382],[-47.13668,-23.65355],[-47.13683,-23.65355],[-47.13682,-23.65328],[-47.13697,-23.65328],[-47.13697,-23.65287],[-47.13711,-23.65287],[-47.13711,-23.65246],[-47.13725,-23.65246],[-47.13724,-23.65192],[-47.13739,-23.65192],[-47.13737,-23.65056],[-47.13722,-23.65056],[-47.13721,-23.65002],[-47.13707,-23.64999],[-47.13622,-23.65033],[-47.13365,-23.65057],[-47.13036,-23.65159],[-47.12674,-23.65469],[-47.12437,-23.65571],[-47.12102,-23.6565],[-47.11796,-23.65653],[-47.10768,-23.65588],[-47.10682,-23.65737],[-47.10459,-23.65714],[-47.10399,-23.65893],[-47.10066,-23.65948],[-47.09747,-23.65764],[-47.09593,-23.65868],[-47.09313,-23.65868],[-47.09099,-23.65731],[-47.08906,-23.65754],[-47.08863,-23.65855],[-47.0869,-23.65916],[-47.08376,-23.65865],[-47.08366,-23.66063],[-47.08542,-23.66572],[-47.08529,-23.66811],[-47.08425,-23.67079],[-47.0816,-23.67201],[-47.07999,-23.67337],[-47.07953,-23.67436],[-47.07935,-23.6763],[-47.0784,-23.67979],[-47.07686,-23.68153],[-47.07406,-23.68178],[-47.06811,-23.68188],[-47.06485,-23.68235],[-47.06313,-23.68322],[-47.06177,-23.6844],[-47.06156,-23.68588],[-47.06214,-23.68729],[-47.06246,-23.68909],[-47.06245,-23.69168],[-47.06231,-23.69275],[-47.06129,-23.69464],[-47.06118,-23.69831],[-47.0614,-23.70032],[-47.06011,-23.70152],[-47.05994,-23.70256],[-47.06168,-23.70461],[-47.06261,-23.70613],[-47.06173,-23.70883],[-47.06049,-23.71142],[-47.05881,-23.7129],[-47.0574,-23.7144],[-47.05688,-23.71606],[-47.05525,-23.71628],[-47.05177,-23.71627],[-47.04962,-23.71555],[-47.0486,-23.71397],[-47.04692,-23.71359],[-47.04494,-23.71424],[-47.04338,-23.71407],[-47.04257,-23.71414],[-47.04038,-23.71494],[-47.04019,-23.71462],[-47.03948,-23.71429],[-47.03894,-23.71313],[-47.03327,-23.71529],[-47.0268,-23.71672],[-47.02366,-23.71769],[-47.02287,-23.71862],[-47.02183,-23.71869],[-47.01968,-23.71953],[-47.02033,-23.72482],[-47.02093,-23.72606],[-47.02189,-23.72734],[-47.02257,-23.73],[-47.02262,-23.73263],[-47.0242,-23.73652],[-47.02254,-23.73977],[-47.02582,-23.7427],[-47.02614,-23.74539],[-47.02843,-23.74589],[-47.03059,-23.7448],[-47.03213,-23.74236],[-47.03238,-23.7392],[-47.03008,-23.73765],[-47.03028,-23.73559],[-47.03318,-23.73583],[-47.03604,-23.73797],[-47.03854,-23.73807],[-47.042,-23.73744],[-47.04441,-23.73741],[-47.04944,-23.73937],[-47.0537,-23.7399],[-47.0573,-23.74285],[-47.06014,-23.74741],[-47.06035,-23.75076],[-47.06015,-23.75475],[-47.06052,-23.75608],[-47.06607,-23.75671],[-47.07017,-23.75539],[-47.06484,-23.75185],[-47.06431,-23.74801],[-47.06775,-23.74545],[-47.0739,-23.74746],[-47.07541,-23.75116],[-47.079,-23.7521],[-47.08361,-23.75576],[-47.08968,-23.75608],[-47.09457,-23.75478],[-47.10305,-23.75191],[-47.10747,-23.74983],[-47.11072,-23.74763],[-47.11461,-23.7499],[-47.11859,-23.74907],[-47.11826,-23.74692],[-47.11834,-23.74342],[-47.11936,-23.74119],[-47.12188,-23.73908],[-47.12422,-23.7387],[-47.1262,-23.73932],[-47.12741,-23.73996],[-47.12934,-23.73941],[-47.1305,-23.73861],[-47.13201,-23.73874],[-47.13374,-23.73611],[-47.13368,-23.73467],[-47.13422,-23.73304],[-47.13457,-23.7305],[-47.13642,-23.72826],[-47.13853,-23.72729],[-47.13986,-23.72647],[-47.14144,-23.72677],[-47.14251,-23.72677],[-47.14377,-23.72715],[-47.14545,-23.72792],[-47.14746,-23.724],[-47.14909,-23.72259],[-47.15159,-23.72141],[-47.15352,-23.72097],[-47.15632,-23.72079],[-47.15834,-23.72144],[-47.15994,-23.72217],[-47.16061,-23.72351],[-47.16148,-23.7235],[-47.16258,-23.72237],[-47.16441,-23.71943],[-47.16854,-23.71726],[-47.17053,-23.71703],[-47.17248,-23.71747],[-47.17352,-23.71732],[-47.17448,-23.71676],[-47.17903,-23.7126],[-47.18175,-23.71203],[-47.18359,-23.71133],[-47.18702,-23.71264],[-47.18872,-23.70801],[-47.1908,-23.70375],[-47.19155,-23.70119],[-47.18896,-23.70211],[-47.18558,-23.70178],[-47.18372,-23.70117],[-47.18005,-23.70266],[-47.17513,-23.70232],[-47.16832,-23.71043],[-47.1644,-23.71413],[-47.16095,-23.7142],[-47.15856,-23.71236],[-47.15762,-23.70953],[-47.15909,-23.70655],[-47.16265,-23.70267],[-47.16612,-23.69827],[-47.16986,-23.6945],[-47.17241,-23.69352],[-47.17542,-23.69334],[-47.17814,-23.69351],[-47.17933,-23.69281],[-47.18456,-23.69185],[-47.18705,-23.69249],[-47.18888,-23.69148],[-47.19358,-23.69111],[-47.1931,-23.68842],[-47.19461,-23.68409],[-47.19277,-23.68258],[-47.19022,-23.68088],[-47.19,-23.67823],[-47.19235,-23.67688],[-47.19566,-23.67595],[-47.19702,-23.67287],[-47.19988,-23.67054],[-47.20013,-23.66998],[-47.20011,-23.66948],[-47.19673,-23.671],[-47.19555,-23.67236],[-47.1919,-23.67508],[-47.18731,-23.67444],[-47.18566,-23.67139],[-47.18691,-23.66814],[-47.19014,-23.66433],[-47.19261,-23.66276],[-47.19492,-23.66264],[-47.19756,-23.66091],[-47.20278,-23.65989],[-47.20279,-23.65932],[-47.20265,-23.65932],[-47.20263,-23.65893],[-47.20248,-23.65879],[-47.20208,-23.65878],[-47.20189,-23.6586],[-47.20188,-23.6581],[-47.20174,-23.65812],[-47.20172,-23.65784],[-47.20114,-23.65772],[-47.20098,-23.6575],[-47.2007,-23.6575],[-47.20054,-23.65719],[-47.19864,-23.65762],[-47.19865,-23.65774],[-47.19836,-23.65776],[-47.19836,-23.65792],[-47.19807,-23.65802],[-47.19806,-23.65841],[-47.1972,-23.65844],[-47.19691,-23.65886],[-47.19657,-23.65901],[-47.19644,-23.65813],[-47.19686,-23.65785],[-47.19687,-23.6575],[-47.19687,-23.65724],[-47.19667,-23.65724],[-47.19657,-23.65705],[-47.19656,-23.65637],[-47.19686,-23.65637],[-47.19696,-23.6565],[-47.19715,-23.65619],[-47.19701,-23.65619],[-47.19685,-23.65576],[-47.19626,-23.65577],[-47.19604,-23.65565],[-47.19596,-23.65543],[-47.19609,-23.65543],[-47.1961,-23.65512],[-47.19222,-23.6561],[-47.19156,-23.65753],[-47.18947,-23.65859],[-47.18824,-23.65654],[-47.18608,-23.65566],[-47.18328,-23.65191],[-47.17951,-23.64995],[-47.17704,-23.64793],[-47.17355,-23.64669],[-47.16911,-23.64665],[-47.16627,-23.64705],[-47.16628,-23.64759],[-47.16613,-23.64759],[-47.16614,-23.64772],[-47.16584,-23.64773],[-47.16599,-23.64813],[-47.16673,-23.64812],[-47.16674,-23.64853],[-47.16747,-23.64838],[-47.16762,-23.64879]],[[-47.12447,-23.71642],[-47.12476,-23.71642],[-47.12476,-23.71655],[-47.1252,-23.71641],[-47.12521,-23.71668],[-47.12565,-23.71667],[-47.12565,-23.71681],[-47.12654,-23.71707],[-47.12654,-23.7172],[-47.12683,-23.7172],[-47.12684,-23.71734],[-47.12757,-23.71733],[-47.12757,-23.71719],[-47.12786,-23.71719],[-47.12786,-23.71705],[-47.1283,-23.71704],[-47.12844,-23.71664],[-47.12874,-23.71663],[-47.12888,-23.71636],[-47.13035,-23.71634],[-47.13035,-23.7162],[-47.13064,-23.71606],[-47.13064,-23.71579],[-47.13137,-23.71578],[-47.13137,-23.71592],[-47.13181,-23.71591],[-47.13182,-23.71605],[-47.13196,-23.71605],[-47.13183,-23.71686],[-47.13213,-23.71699],[-47.13244,-23.71821],[-47.13229,-23.71821],[-47.1323,-23.71848],[-47.13156,-23.71862],[-47.13099,-23.71931],[-47.13069,-23.71931],[-47.13056,-23.72013],[-47.12968,-23.72041],[-47.12939,-23.72082],[-47.1291,-23.72096],[-47.12911,-23.72137],[-47.12837,-23.72138],[-47.12837,-23.72111],[-47.12778,-23.72111],[-47.12777,-23.72071],[-47.12704,-23.72072],[-47.1269,-23.72126],[-47.12528,-23.72142],[-47.12529,-23.72155],[-47.12484,-23.72143],[-47.12485,-23.72156],[-47.12455,-23.72156],[-47.12455,-23.72143],[-47.1244,-23.72143],[-47.12439,-23.72048],[-47.12468,-23.72034],[-47.12467,-23.72007],[-47.12482,-23.72007],[-47.12465,-23.71885],[-47.12495,-23.71872],[-47.12494,-23.71831],[-47.12479,-23.71831],[-47.12479,-23.71818],[-47.1242,-23.71791],[-47.12418,-23.71697],[-47.12448,-23.71696],[-47.12447,-23.71642]],[[-47.12045,-23.71363],[-47.12075,-23.71363],[-47.12074,-23.71349],[-47.12148,-23.71348],[-47.12191,-23.71293],[-47.1225,-23.71293],[-47.12251,-23.71333],[-47.12295,-23.71319],[-47.12296,-23.71387],[-47.12281,-23.71387],[-47.12281,-23.71414],[-47.12252,-23.71428],[-47.12253,-23.71469],[-47.12238,-23.71469],[-47.12224,-23.71523],[-47.1221,-23.71523],[-47.1221,-23.7155],[-47.12195,-23.71551],[-47.12196,-23.71578],[-47.12181,-23.71578],[-47.12183,-23.71673],[-47.12197,-23.71672],[-47.12227,-23.71713],[-47.12271,-23.71712],[-47.12257,-23.71753],[-47.12272,-23.71753],[-47.12273,-23.7178],[-47.12317,-23.71806],[-47.12318,-23.7186],[-47.12215,-23.71862],[-47.12201,-23.71903],[-47.12113,-23.71917],[-47.12082,-23.71837],[-47.12053,-23.71837],[-47.12037,-23.71769],[-47.12052,-23.71769],[-47.12052,-23.71756],[-47.12096,-23.71755],[-47.1211,-23.71728],[-47.12125,-23.71728],[-47.12124,-23.71714],[-47.1211,-23.71714],[-47.12109,-23.71647],[-47.12079,-23.71661],[-47.1208,-23.71688],[-47.12021,-23.71688],[-47.12021,-23.71675],[-47.11991,-23.71675],[-47.11976,-23.71648],[-47.11903,-23.71663],[-47.11902,-23.71622],[-47.11917,-23.71622],[-47.11917,-23.71636],[-47.11961,-23.71635],[-47.11961,-23.71622],[-47.11946,-23.71622],[-47.11946,-23.71568],[-47.1196,-23.71567],[-47.1196,-23.7154],[-47.11989,-23.71526],[-47.12002,-23.71431],[-47.12017,-23.71431],[-47.12016,-23.71391],[-47.12045,-23.71377],[-47.12045,-23.71363]],[[-47.10406,-23.70966],[-47.10406,-23.70925],[-47.10449,-23.70897],[-47.10463,-23.70816],[-47.10477,-23.70816],[-47.10477,-23.70802],[-47.10462,-23.70802],[-47.10447,-23.70762],[-47.10432,-23.70762],[-47.10432,-23.70722],[-47.10402,-23.70722],[-47.10374,-23.70763],[-47.10315,-23.70764],[-47.10315,-23.7075],[-47.103,-23.7075],[-47.10299,-23.7071],[-47.10343,-23.70696],[-47.10342,-23.70628],[-47.10253,-23.70561],[-47.10252,-23.70521],[-47.10296,-23.70507],[-47.10296,-23.70493],[-47.10355,-23.70492],[-47.10385,-23.70533],[-47.10399,-23.70532],[-47.10415,-23.70586],[-47.1043,-23.70586],[-47.1043,-23.70613],[-47.1046,-23.70626],[-47.1046,-23.7064],[-47.10475,-23.7064],[-47.10489,-23.70612],[-47.10562,-23.70611],[-47.10577,-23.70638],[-47.10607,-23.70651],[-47.10622,-23.70692],[-47.10579,-23.70706],[-47.10579,-23.7072],[-47.1052,-23.7072],[-47.1052,-23.70734],[-47.10505,-23.70734],[-47.10506,-23.70775],[-47.10491,-23.70775],[-47.10507,-23.70802],[-47.10551,-23.70815],[-47.10566,-23.70869],[-47.1064,-23.70854],[-47.1064,-23.70841],[-47.10772,-23.70839],[-47.10772,-23.70852],[-47.10802,-23.70852],[-47.10802,-23.70865],[-47.10846,-23.70878],[-47.10817,-23.70919],[-47.10773,-23.7092],[-47.10773,-23.70934],[-47.10744,-23.70948],[-47.10745,-23.71002],[-47.1076,-23.71001],[-47.10775,-23.71028],[-47.10864,-23.71054],[-47.10879,-23.71108],[-47.10894,-23.71108],[-47.10895,-23.71149],[-47.10924,-23.71162],[-47.10925,-23.71202],[-47.1094,-23.71202],[-47.1094,-23.71243],[-47.10955,-23.71243],[-47.10971,-23.7131],[-47.10985,-23.7131],[-47.11001,-23.71337],[-47.11045,-23.7135],[-47.11045,-23.71363],[-47.1103,-23.71363],[-47.11046,-23.71404],[-47.11031,-23.71404],[-47.11047,-23.71472],[-47.11017,-23.71472],[-47.11017,-23.71445],[-47.10988,-23.71445],[-47.10988,-23.71486],[-47.10974,-23.71486],[-47.10959,-23.71513],[-47.109,-23.71514],[-47.109,-23.71501],[-47.10871,-23.71501],[-47.10855,-23.71461],[-47.10811,-23.71461],[-47.10781,-23.71421],[-47.10767,-23.71421],[-47.10766,-23.71367],[-47.1078,-23.71367],[-47.1078,-23.7134],[-47.10795,-23.7134],[-47.10794,-23.71272],[-47.10735,-23.71259],[-47.10735,-23.71273],[-47.10705,-23.71273],[-47.1066,-23.7122],[-47.10616,-23.7122],[-47.10615,-23.71152],[-47.10586,-23.71153],[-47.10585,-23.71126],[-47.10526,-23.71127],[-47.10526,-23.71099],[-47.10629,-23.71098],[-47.10629,-23.71085],[-47.10541,-23.71086],[-47.10538,-23.7095],[-47.10494,-23.70951],[-47.10495,-23.70978],[-47.1045,-23.70965],[-47.10451,-23.70992],[-47.10436,-23.70992],[-47.10436,-23.70965],[-47.10406,-23.70966]],[[-47.12623,-23.70692],[-47.12637,-23.70691],[-47.12637,-23.70678],[-47.12681,-23.70664],[-47.1271,-23.70623],[-47.12754,-23.70622],[-47.12754,-23.70636],[-47.12783,-23.70635],[-47.12784,-23.70649],[-47.12813,-23.70648],[-47.12813,-23.70662],[-47.13049,-23.70659],[-47.13049,-23.70672],[-47.13078,-23.70672],[-47.13079,-23.70699],[-47.1302,-23.707],[-47.1302,-23.70713],[-47.12991,-23.70714],[-47.12991,-23.70741],[-47.12976,-23.70741],[-47.12977,-23.70768],[-47.13066,-23.70794],[-47.13066,-23.70807],[-47.13051,-23.70808],[-47.13052,-23.70848],[-47.13022,-23.70849],[-47.13038,-23.70903],[-47.13009,-23.70917],[-47.13025,-23.71011],[-47.1304,-23.71011],[-47.1304,-23.71065],[-47.13026,-23.71065],[-47.13026,-23.71079],[-47.12967,-23.71066],[-47.12953,-23.71093],[-47.12909,-23.71094],[-47.1288,-23.71135],[-47.1285,-23.71135],[-47.1285,-23.71095],[-47.1276,-23.71028],[-47.1276,-23.71001],[-47.12701,-23.70988],[-47.12685,-23.70907],[-47.12729,-23.70893],[-47.12728,-23.70839],[-47.1264,-23.7084],[-47.12639,-23.70813],[-47.12625,-23.70813],[-47.12609,-23.70773],[-47.12595,-23.70773],[-47.12595,-23.70787],[-47.12551,-23.70787],[-47.12522,-23.70828],[-47.1239,-23.7083],[-47.12389,-23.70817],[-47.1236,-23.70817],[-47.12359,-23.70776],[-47.12374,-23.70776],[-47.12403,-23.70735],[-47.12579,-23.70733],[-47.12579,-23.70692],[-47.12608,-23.70678],[-47.12607,-23.70665],[-47.12622,-23.70665],[-47.12623,-23.70692]],[[-47.11858,-23.69808],[-47.11873,-23.69808],[-47.11873,-23.69822],[-47.11859,-23.69822],[-47.11858,-23.69808]],[[-47.11827,-23.69687],[-47.11842,-23.69687],[-47.11841,-23.6966],[-47.11768,-23.69661],[-47.11796,-23.69606],[-47.11782,-23.69606],[-47.11781,-23.69579],[-47.11766,-23.69579],[-47.11764,-23.6943],[-47.11779,-23.6943],[-47.11778,-23.69417],[-47.11837,-23.69416],[-47.11837,-23.69402],[-47.11866,-23.69388],[-47.11865,-23.69334],[-47.11895,-23.6932],[-47.11894,-23.69266],[-47.11923,-23.69252],[-47.11923,-23.69239],[-47.12011,-23.69237],[-47.1201,-23.6917],[-47.12039,-23.69156],[-47.12039,-23.69142],[-47.12083,-23.69142],[-47.12082,-23.69115],[-47.12068,-23.69115],[-47.12067,-23.69101],[-47.12082,-23.69101],[-47.12081,-23.69047],[-47.12096,-23.69047],[-47.12096,-23.6906],[-47.1214,-23.6906],[-47.12154,-23.69019],[-47.12184,-23.69005],[-47.12183,-23.68978],[-47.12213,-23.68977],[-47.12212,-23.6895],[-47.12227,-23.6895],[-47.12225,-23.68855],[-47.12196,-23.68842],[-47.12194,-23.68734],[-47.12179,-23.68734],[-47.12179,-23.6872],[-47.12194,-23.6872],[-47.12193,-23.68666],[-47.12237,-23.68679],[-47.12237,-23.68666],[-47.12296,-23.68665],[-47.12295,-23.68651],[-47.12398,-23.6865],[-47.12414,-23.6869],[-47.12458,-23.6869],[-47.12458,-23.68676],[-47.12487,-23.68676],[-47.12486,-23.68635],[-47.12472,-23.68635],[-47.12471,-23.68581],[-47.12485,-23.68581],[-47.12485,-23.68567],[-47.12471,-23.68568],[-47.1247,-23.6854],[-47.12441,-23.68541],[-47.12441,-23.68527],[-47.12426,-23.68528],[-47.12426,-23.68541],[-47.12382,-23.68528],[-47.12382,-23.68542],[-47.12367,-23.68542],[-47.12368,-23.68582],[-47.12339,-23.68596],[-47.12324,-23.68624],[-47.12295,-23.68624],[-47.12295,-23.68638],[-47.12251,-23.68638],[-47.12251,-23.68625],[-47.12207,-23.68625],[-47.12207,-23.68612],[-47.12192,-23.68612],[-47.1219,-23.68504],[-47.12161,-23.68491],[-47.12175,-23.6845],[-47.1216,-23.6845],[-47.12159,-23.68409],[-47.12145,-23.68409],[-47.12129,-23.68328],[-47.12099,-23.68315],[-47.12097,-23.6818],[-47.12111,-23.6818],[-47.1211,-23.68112],[-47.12125,-23.68112],[-47.12125,-23.68085],[-47.12227,-23.68056],[-47.12227,-23.68029],[-47.1227,-23.68015],[-47.1227,-23.67974],[-47.12285,-23.67974],[-47.12283,-23.67907],[-47.12269,-23.67907],[-47.12253,-23.67866],[-47.12239,-23.67866],[-47.12223,-23.67813],[-47.12208,-23.67813],[-47.12208,-23.67786],[-47.12193,-23.67786],[-47.12193,-23.67759],[-47.12178,-23.67759],[-47.12178,-23.67745],[-47.1206,-23.67747],[-47.12032,-23.67829],[-47.12018,-23.67829],[-47.12018,-23.67856],[-47.11974,-23.67884],[-47.11975,-23.67897],[-47.11989,-23.67897],[-47.11989,-23.67911],[-47.11975,-23.67911],[-47.1199,-23.67951],[-47.11917,-23.67966],[-47.11917,-23.67952],[-47.11858,-23.67953],[-47.11843,-23.67926],[-47.11813,-23.67926],[-47.11813,-23.67913],[-47.11798,-23.67913],[-47.11797,-23.67859],[-47.11768,-23.67859],[-47.11753,-23.67833],[-47.11694,-23.67833],[-47.11679,-23.67806],[-47.11561,-23.67808],[-47.11561,-23.67795],[-47.11473,-23.67796],[-47.11473,-23.67782],[-47.11399,-23.6777],[-47.11412,-23.67648],[-47.11353,-23.67662],[-47.11339,-23.67703],[-47.1131,-23.67703],[-47.1131,-23.6773],[-47.11295,-23.6773],[-47.11295,-23.67717],[-47.11281,-23.67717],[-47.11265,-23.6769],[-47.11236,-23.67691],[-47.11191,-23.67637],[-47.11102,-23.67611],[-47.11102,-23.67571],[-47.11087,-23.67571],[-47.11085,-23.67422],[-47.1107,-23.67422],[-47.11069,-23.67354],[-47.11113,-23.67327],[-47.11112,-23.673],[-47.11289,-23.67311],[-47.11289,-23.67324],[-47.11304,-23.67324],[-47.11306,-23.67446],[-47.1135,-23.67445],[-47.11349,-23.67432],[-47.11364,-23.67432],[-47.11379,-23.67458],[-47.11423,-23.67458],[-47.11424,-23.67471],[-47.11497,-23.6747],[-47.11512,-23.67497],[-47.11527,-23.67497],[-47.11542,-23.67537],[-47.11586,-23.67537],[-47.11586,-23.6751],[-47.11615,-23.67509],[-47.11631,-23.67536],[-47.11719,-23.67535],[-47.11718,-23.67522],[-47.11733,-23.67521],[-47.11748,-23.67548],[-47.11792,-23.67548],[-47.11793,-23.67561],[-47.11822,-23.67561],[-47.11836,-23.67533],[-47.11851,-23.67533],[-47.1185,-23.67493],[-47.11909,-23.67492],[-47.11923,-23.67465],[-47.11938,-23.67464],[-47.11938,-23.67437],[-47.12011,-23.67436],[-47.12011,-23.67409],[-47.12231,-23.67393],[-47.12231,-23.67406],[-47.12305,-23.67405],[-47.12305,-23.67432],[-47.12335,-23.67445],[-47.12336,-23.675],[-47.1235,-23.67499],[-47.12366,-23.6754],[-47.12439,-23.67539],[-47.12439,-23.67525],[-47.12454,-23.67525],[-47.12469,-23.67552],[-47.12498,-23.67551],[-47.12513,-23.67578],[-47.12572,-23.67591],[-47.12573,-23.67618],[-47.12544,-23.67632],[-47.12545,-23.677],[-47.1253,-23.677],[-47.1253,-23.67727],[-47.12516,-23.67727],[-47.12502,-23.67809],[-47.12517,-23.67809],[-47.12518,-23.67836],[-47.12532,-23.67835],[-47.12551,-23.68065],[-47.12565,-23.68065],[-47.12566,-23.68092],[-47.12581,-23.68092],[-47.12581,-23.68146],[-47.12596,-23.68146],[-47.12596,-23.6816],[-47.12611,-23.68159],[-47.1261,-23.68092],[-47.12625,-23.68091],[-47.12624,-23.68078],[-47.1261,-23.68078],[-47.12608,-23.67983],[-47.12593,-23.67984],[-47.12593,-23.67956],[-47.12608,-23.67956],[-47.12607,-23.67916],[-47.12622,-23.67915],[-47.1262,-23.67807],[-47.12635,-23.67807],[-47.12634,-23.67753],[-47.12649,-23.67753],[-47.12647,-23.67658],[-47.12662,-23.67658],[-47.12676,-23.67603],[-47.12705,-23.67589],[-47.12704,-23.67549],[-47.12719,-23.67548],[-47.12733,-23.67521],[-47.1288,-23.67519],[-47.12911,-23.67586],[-47.12954,-23.67559],[-47.12955,-23.67586],[-47.12969,-23.67586],[-47.1297,-23.67599],[-47.12925,-23.676],[-47.12926,-23.67613],[-47.12882,-23.67627],[-47.12883,-23.67682],[-47.12927,-23.67681],[-47.12942,-23.67708],[-47.12986,-23.67734],[-47.12989,-23.6787],[-47.12959,-23.67884],[-47.1296,-23.67938],[-47.12931,-23.67952],[-47.12932,-23.67992],[-47.12903,-23.68006],[-47.12904,-23.68061],[-47.12889,-23.68061],[-47.12889,-23.68101],[-47.12875,-23.68102],[-47.12875,-23.68142],[-47.12861,-23.68142],[-47.12861,-23.68183],[-47.12818,-23.68211],[-47.12818,-23.68238],[-47.12789,-23.68238],[-47.12789,-23.68225],[-47.1273,-23.68225],[-47.1273,-23.68239],[-47.12745,-23.68239],[-47.1276,-23.68279],[-47.12804,-23.68292],[-47.12805,-23.68319],[-47.1279,-23.68319],[-47.12791,-23.68387],[-47.12806,-23.68387],[-47.12807,-23.68427],[-47.12821,-23.68427],[-47.12823,-23.68509],[-47.12837,-23.68508],[-47.12837,-23.68522],[-47.12823,-23.68522],[-47.12823,-23.68563],[-47.12868,-23.68576],[-47.12868,-23.68616],[-47.12883,-23.68616],[-47.12884,-23.68643],[-47.12898,-23.68643],[-47.12899,-23.68684],[-47.12943,-23.6871],[-47.12944,-23.68751],[-47.12974,-23.68764],[-47.1299,-23.68831],[-47.13004,-23.68831],[-47.1302,-23.68871],[-47.13034,-23.68871],[-47.13035,-23.68898],[-47.13079,-23.68911],[-47.13094,-23.68938],[-47.13124,-23.68938],[-47.13124,-23.68951],[-47.13153,-23.68964],[-47.13154,-23.69005],[-47.13169,-23.69005],[-47.13169,-23.69045],[-47.13184,-23.69045],[-47.13185,-23.69086],[-47.132,-23.69086],[-47.132,-23.6914],[-47.13186,-23.6914],[-47.13186,-23.69154],[-47.13216,-23.69167],[-47.13217,-23.69234],[-47.13158,-23.69276],[-47.13159,-23.69303],[-47.13115,-23.69331],[-47.13101,-23.69358],[-47.13072,-23.69358],[-47.13072,-23.69412],[-47.13102,-23.69426],[-47.13103,-23.69453],[-47.13059,-23.69467],[-47.13044,-23.6944],[-47.12999,-23.69441],[-47.13,-23.69468],[-47.13029,-23.69467],[-47.13029,-23.69481],[-47.12971,-23.69495],[-47.12971,-23.69509],[-47.12927,-23.69509],[-47.12927,-23.69523],[-47.12869,-23.69537],[-47.12869,-23.69551],[-47.12825,-23.69551],[-47.12825,-23.69565],[-47.12796,-23.69565],[-47.12796,-23.69579],[-47.12708,-23.69607],[-47.12707,-23.69566],[-47.12693,-23.69567],[-47.12692,-23.6954],[-47.12677,-23.6954],[-47.12677,-23.69486],[-47.12662,-23.69486],[-47.12661,-23.69418],[-47.12646,-23.69418],[-47.12612,-23.69134],[-47.12597,-23.69135],[-47.12597,-23.69107],[-47.12568,-23.69108],[-47.12568,-23.69121],[-47.12538,-23.69122],[-47.12539,-23.69135],[-47.1248,-23.6915],[-47.1248,-23.69163],[-47.12436,-23.69164],[-47.12423,-23.69232],[-47.12364,-23.69273],[-47.12337,-23.69409],[-47.12322,-23.69409],[-47.12323,-23.69436],[-47.12308,-23.69436],[-47.12312,-23.69653],[-47.12268,-23.69654],[-47.12268,-23.69667],[-47.12077,-23.6967],[-47.12063,-23.69711],[-47.12048,-23.69711],[-47.12048,-23.69738],[-47.11902,-23.69754],[-47.11887,-23.69781],[-47.11844,-23.69808],[-47.11843,-23.69795],[-47.11829,-23.69795],[-47.11827,-23.69687]],[[-47.10184,-23.6719],[-47.10184,-23.67177],[-47.10081,-23.67178],[-47.10081,-23.67165],[-47.10022,-23.67165],[-47.10022,-23.67179],[-47.09963,-23.67166],[-47.0999,-23.67003],[-47.09986,-23.6676],[-47.09971,-23.6676],[-47.09971,-23.66719],[-47.09956,-23.66719],[-47.09955,-23.66652],[-47.10013,-23.66637],[-47.10014,-23.66651],[-47.10028,-23.66651],[-47.10028,-23.6661],[-47.09984,-23.66611],[-47.09983,-23.66597],[-47.09881,-23.66612],[-47.0988,-23.66599],[-47.09866,-23.66599],[-47.09868,-23.66721],[-47.09824,-23.66721],[-47.09823,-23.66708],[-47.09809,-23.66708],[-47.09793,-23.6664],[-47.09778,-23.66641],[-47.09777,-23.66559],[-47.09792,-23.66559],[-47.09791,-23.66519],[-47.09806,-23.66518],[-47.09805,-23.66478],[-47.0982,-23.66477],[-47.09819,-23.6645],[-47.09848,-23.66436],[-47.09846,-23.6626],[-47.0986,-23.6626],[-47.0986,-23.66206],[-47.09874,-23.66206],[-47.09873,-23.66138],[-47.09917,-23.66124],[-47.09917,-23.66111],[-47.09946,-23.6611],[-47.09976,-23.6615],[-47.10064,-23.66149],[-47.10064,-23.66136],[-47.10108,-23.66121],[-47.10108,-23.66108],[-47.10152,-23.66121],[-47.10152,-23.66107],[-47.10181,-23.66107],[-47.10181,-23.66093],[-47.10211,-23.66093],[-47.1021,-23.66079],[-47.10254,-23.66065],[-47.10254,-23.66079],[-47.10299,-23.66092],[-47.10299,-23.66105],[-47.10328,-23.66105],[-47.10329,-23.66118],[-47.10534,-23.66116],[-47.10535,-23.66129],[-47.10608,-23.66128],[-47.10623,-23.66155],[-47.10638,-23.66155],[-47.10638,-23.66182],[-47.10741,-23.66181],[-47.10741,-23.66194],[-47.10756,-23.66194],[-47.10759,-23.66343],[-47.10788,-23.66356],[-47.10788,-23.6637],[-47.10818,-23.66369],[-47.10848,-23.66409],[-47.10877,-23.66409],[-47.10877,-23.66423],[-47.10907,-23.66422],[-47.10907,-23.66436],[-47.10937,-23.66449],[-47.1093,-23.66977],[-47.10593,-23.67022],[-47.10581,-23.67171],[-47.10537,-23.67186],[-47.10523,-23.67213],[-47.10376,-23.67215],[-47.10375,-23.67201],[-47.10287,-23.67202],[-47.10287,-23.67189],[-47.10184,-23.6719]]],[[[-47.127,-23.68226],[-47.1273,-23.68225],[-47.1273,-23.68212],[-47.127,-23.68212],[-47.127,-23.68226]]],[[[-47.13769,-23.64974],[-47.13794,-23.64974],[-47.13794,-23.64964],[-47.13769,-23.64974]]],[[[-47.14014,-23.64917],[-47.14014,-23.64905],[-47.13907,-23.64918],[-47.14014,-23.64917]]],[[[-47.14439,-23.64844],[-47.1441,-23.64884],[-47.14454,-23.64884],[-47.14454,-23.64843],[-47.14468,-23.64837],[-47.14439,-23.64844]]],[[[-47.14659,-23.64827],[-47.14703,-23.64813],[-47.14717,-23.64773],[-47.145,-23.64829],[-47.14527,-23.64842],[-47.14527,-23.64856],[-47.14572,-23.64855],[-47.14572,-23.64869],[-47.14631,-23.64868],[-47.14659,-23.64827]]],[[[-47.16437,-23.6468],[-47.16421,-23.64678],[-47.16421,-23.6468],[-47.16437,-23.6468]]],[[[-47.14717,-23.61836],[-47.14412,-23.61784],[-47.1423,-23.61805],[-47.13644,-23.61944],[-47.1328,-23.62005],[-47.12895,-23.61973],[-47.12328,-23.62187],[-47.11942,-23.62155],[-47.11602,-23.62235],[-47.10788,-23.62282],[-47.10466,-23.62342],[-47.10042,-23.62537],[-47.09801,-23.62594],[-47.09595,-23.626],[-47.0948,-23.62635],[-47.08822,-23.63018],[-47.08114,-23.63333],[-47.07791,-23.63529],[-47.0762,-23.63668],[-47.07379,-23.63933],[-47.07277,-23.63977],[-47.06669,-23.63957],[-47.06591,-23.63966],[-47.06326,-23.64175],[-47.0621,-23.64233],[-47.06339,-23.64269],[-47.06494,-23.64423],[-47.06684,-23.64485],[-47.07173,-23.64538],[-47.07532,-23.64683],[-47.07609,-23.65019],[-47.08067,-23.65214],[-47.0829,-23.65003],[-47.09018,-23.64797],[-47.09137,-23.642],[-47.09676,-23.63527],[-47.10056,-23.63515],[-47.1125,-23.63886],[-47.1175,-23.63722],[-47.12002,-23.63827],[-47.12122,-23.64055],[-47.12199,-23.64296],[-47.12513,-23.64166],[-47.12846,-23.63958],[-47.13133,-23.63941],[-47.13416,-23.63746],[-47.13674,-23.63719],[-47.13985,-23.6363],[-47.14246,-23.63699],[-47.1462,-23.63562],[-47.14896,-23.63654],[-47.15218,-23.63614],[-47.15403,-23.63683],[-47.15778,-23.63641],[-47.16223,-23.63719],[-47.16468,-23.63692],[-47.16796,-23.6376],[-47.16926,-23.63678],[-47.1713,-23.63715],[-47.17335,-23.63672],[-47.1782,-23.63709],[-47.17988,-23.63623],[-47.17998,-23.63456],[-47.18031,-23.63317],[-47.18006,-23.63113],[-47.18089,-23.62766],[-47.18326,-23.62416],[-47.18257,-23.62213],[-47.18497,-23.62026],[-47.18782,-23.61941],[-47.19163,-23.61882],[-47.19425,-23.61864],[-47.19631,-23.61996],[-47.19809,-23.62088],[-47.20087,-23.62125],[-47.20498,-23.6228],[-47.20884,-23.62518],[-47.21252,-23.62687],[-47.21663,-23.62803],[-47.22196,-23.63266],[-47.22793,-23.6311],[-47.23152,-23.62701],[-47.23057,-23.62271],[-47.22774,-23.61979],[-47.22426,-23.62118],[-47.21815,-23.62302],[-47.21534,-23.62118],[-47.21149,-23.61827],[-47.21,-23.61654],[-47.2075,-23.61603],[-47.20458,-23.61581],[-47.20106,-23.61505],[-47.19766,-23.61307],[-47.1934,-23.61166],[-47.18856,-23.61118],[-47.18287,-23.61167],[-47.17776,-23.61147],[-47.17686,-23.61014],[-47.17483,-23.61069],[-47.17261,-23.61165],[-47.17079,-23.61168],[-47.17016,-23.61038],[-47.16892,-23.60928],[-47.16708,-23.60818],[-47.16567,-23.60952],[-47.16349,-23.61197],[-47.15885,-23.61278],[-47.15763,-23.61354],[-47.15725,-23.61467],[-47.15281,-23.61604],[-47.15222,-23.61699],[-47.15019,-23.61776],[-47.14717,-23.61836]]]]}},{"type":"Feature","properties":{"zona":"ZOD","nome":"Zona de Ocupação Diversificada","area_km2":71.2,"pct_apa":7.6},"bbox":[-47.08542,-23.71953,-46.98719,-23.59247],"geometry":{"type":"MultiPolygon","coordinates":[[[[-47.00305,-23.62459],[-47.00305,-23.62486],[-47.0032,-23.62486],[-47.0032,-23.62513],[-47.00305,-23.62513],[-47.00307,-23.62595],[-47.00292,-23.62595],[-47.00293,-23.62635],[-47.00219,-23.62636],[-47.00234,-23.62677],[-47.00264,-23.62663],[-47.0025,-23.62731],[-47.00265,-23.62731],[-47.00265,-23.62771],[-47.0028,-23.62771],[-47.00281,-23.62852],[-47.00311,-23.62865],[-47.00342,-23.6296],[-47.00386,-23.62973],[-47.00372,-23.63014],[-47.00387,-23.63013],[-47.00402,-23.6304],[-47.00564,-23.63079],[-47.00565,-23.63119],[-47.00697,-23.63118],[-47.00697,-23.63131],[-47.00727,-23.63144],[-47.00727,-23.63185],[-47.00742,-23.63185],[-47.00742,-23.63212],[-47.00728,-23.63212],[-47.00744,-23.63334],[-47.00715,-23.63334],[-47.00715,-23.63348],[-47.00686,-23.63362],[-47.00701,-23.63402],[-47.00672,-23.63403],[-47.00672,-23.63416],[-47.00643,-23.63416],[-47.00642,-23.63403],[-47.00569,-23.63404],[-47.00569,-23.6339],[-47.0051,-23.63405],[-47.00496,-23.63445],[-47.00555,-23.63445],[-47.00555,-23.63458],[-47.00511,-23.63459],[-47.00482,-23.635],[-47.00394,-23.63474],[-47.00393,-23.63447],[-47.00364,-23.63434],[-47.00363,-23.63407],[-47.00378,-23.63406],[-47.00392,-23.63366],[-47.00362,-23.63352],[-47.00348,-23.6338],[-47.00333,-23.6338],[-47.00334,-23.63434],[-47.00319,-23.63434],[-47.0032,-23.63448],[-47.00305,-23.63448],[-47.00305,-23.63434],[-47.00217,-23.63435],[-47.00217,-23.63449],[-47.00188,-23.63463],[-47.00188,-23.6349],[-47.00233,-23.63517],[-47.00233,-23.6353],[-47.00218,-23.6353],[-47.00219,-23.63571],[-47.00248,-23.63571],[-47.00247,-23.63516],[-47.00262,-23.63516],[-47.00262,-23.63503],[-47.0035,-23.63501],[-47.00351,-23.63569],[-47.00395,-23.63569],[-47.00395,-23.63555],[-47.00527,-23.63567],[-47.00542,-23.6354],[-47.00556,-23.63539],[-47.00541,-23.63513],[-47.0057,-23.63499],[-47.0057,-23.63485],[-47.00614,-23.63485],[-47.00614,-23.63471],[-47.00643,-23.63471],[-47.00643,-23.63457],[-47.00717,-23.63456],[-47.00716,-23.63429],[-47.00731,-23.63429],[-47.00731,-23.63442],[-47.00761,-23.63442],[-47.00761,-23.63456],[-47.0079,-23.63442],[-47.0079,-23.63455],[-47.00805,-23.63455],[-47.00807,-23.63577],[-47.00763,-23.63604],[-47.00763,-23.63632],[-47.00778,-23.63631],[-47.00778,-23.63618],[-47.00793,-23.63618],[-47.00793,-23.63631],[-47.00852,-23.6363],[-47.00867,-23.63657],[-47.00896,-23.63657],[-47.00897,-23.63698],[-47.00882,-23.63698],[-47.00882,-23.63711],[-47.00823,-23.63698],[-47.00809,-23.63739],[-47.00765,-23.63726],[-47.00765,-23.63713],[-47.00735,-23.63713],[-47.0072,-23.63686],[-47.00691,-23.637],[-47.00677,-23.63727],[-47.00618,-23.63728],[-47.00618,-23.63715],[-47.00603,-23.63715],[-47.00603,-23.63742],[-47.00633,-23.63755],[-47.00634,-23.63796],[-47.0056,-23.6381],[-47.00561,-23.63837],[-47.00546,-23.63838],[-47.00561,-23.63878],[-47.00547,-23.63878],[-47.00548,-23.63946],[-47.00533,-23.63946],[-47.00533,-23.63973],[-47.00519,-23.63973],[-47.0052,-23.64041],[-47.00535,-23.64041],[-47.00535,-23.64068],[-47.0052,-23.64068],[-47.00521,-23.64095],[-47.00506,-23.64095],[-47.00507,-23.6415],[-47.00478,-23.64163],[-47.00478,-23.64177],[-47.00448,-23.64177],[-47.00449,-23.64191],[-47.00419,-23.64191],[-47.00419,-23.64205],[-47.00302,-23.64193],[-47.00287,-23.6422],[-47.00214,-23.64221],[-47.00214,-23.64207],[-47.00184,-23.64194],[-47.00184,-23.64167],[-47.00081,-23.64169],[-47.00095,-23.64128],[-47.00065,-23.64128],[-47.00065,-23.64074],[-47.0005,-23.64074],[-47.0005,-23.64047],[-47.00035,-23.64047],[-47.00034,-23.6402],[-47.0002,-23.6402],[-47.00004,-23.63953],[-46.99989,-23.63953],[-46.99988,-23.63845],[-47.00002,-23.63845],[-46.99995,-23.63347],[-46.99878,-23.63432],[-46.99616,-23.63504],[-46.99477,-23.63594],[-46.99398,-23.63754],[-46.99401,-23.63851],[-46.99238,-23.64147],[-46.99189,-23.64267],[-46.99149,-23.64526],[-46.99065,-23.64619],[-46.98916,-23.64889],[-46.9887,-23.65067],[-46.98757,-23.65252],[-46.98767,-23.65343],[-46.98835,-23.65465],[-46.9884,-23.6558],[-46.98744,-23.65688],[-46.98719,-23.65819],[-46.98909,-23.66021],[-46.98937,-23.66161],[-46.98869,-23.66409],[-46.98865,-23.666],[-46.98944,-23.66661],[-46.99341,-23.66826],[-46.99406,-23.67042],[-46.9951,-23.67142],[-47.00082,-23.66964],[-47.00301,-23.6668],[-47.00482,-23.66948],[-47.00492,-23.67621],[-47.00749,-23.68459],[-47.01084,-23.6933],[-47.01197,-23.69784],[-47.01213,-23.70783],[-47.01373,-23.71248],[-47.01622,-23.71633],[-47.01744,-23.71761],[-47.01968,-23.71953],[-47.02183,-23.71869],[-47.02287,-23.71861],[-47.02366,-23.71769],[-47.0268,-23.71672],[-47.03327,-23.71529],[-47.03894,-23.71313],[-47.03948,-23.71429],[-47.04019,-23.71462],[-47.04038,-23.71494],[-47.04257,-23.71414],[-47.04337,-23.71407],[-47.04495,-23.71423],[-47.04692,-23.71359],[-47.0486,-23.71397],[-47.04962,-23.71555],[-47.05177,-23.71627],[-47.05524,-23.71628],[-47.05688,-23.71606],[-47.0574,-23.7144],[-47.05881,-23.7129],[-47.06049,-23.71142],[-47.06173,-23.70883],[-47.06261,-23.70613],[-47.06168,-23.70461],[-47.05994,-23.70256],[-47.06011,-23.70152],[-47.0614,-23.70032],[-47.06118,-23.69831],[-47.06129,-23.69464],[-47.06231,-23.69275],[-47.06245,-23.69167],[-47.06246,-23.68909],[-47.06213,-23.6873],[-47.06156,-23.68588],[-47.06177,-23.6844],[-47.06313,-23.68322],[-47.06485,-23.68235],[-47.06811,-23.68188],[-47.07406,-23.68178],[-47.07686,-23.68153],[-47.0784,-23.67979],[-47.07935,-23.6763],[-47.07953,-23.67436],[-47.07999,-23.67337],[-47.0816,-23.67201],[-47.08425,-23.67079],[-47.08529,-23.66811],[-47.08542,-23.66572],[-47.08365,-23.66062],[-47.08392,-23.65558],[-47.08096,-23.65436],[-47.07617,-23.65364],[-47.0735,-23.6514],[-47.07135,-23.64719],[-47.06694,-23.64662],[-47.06459,-23.6458],[-47.06226,-23.64401],[-47.06148,-23.64263],[-47.0621,-23.64233],[-47.06007,-23.63967],[-47.05969,-23.63743],[-47.05901,-23.63609],[-47.05896,-23.63495],[-47.06015,-23.63012],[-47.06015,-23.62848],[-47.05962,-23.62747],[-47.05848,-23.62593],[-47.05791,-23.62448],[-47.05739,-23.62204],[-47.05732,-23.62007],[-47.05541,-23.61759],[-47.05427,-23.61741],[-47.0534,-23.61752],[-47.0521,-23.6184],[-47.05047,-23.61846],[-47.04952,-23.61797],[-47.0481,-23.61684],[-47.04775,-23.61574],[-47.04801,-23.61477],[-47.04805,-23.61358],[-47.04349,-23.61197],[-47.04267,-23.61133],[-47.04159,-23.60847],[-47.04024,-23.60554],[-47.03697,-23.60201],[-47.03659,-23.60018],[-47.03648,-23.60019],[-47.03648,-23.60046],[-47.03575,-23.60047],[-47.03559,-23.59979],[-47.03544,-23.59979],[-47.03529,-23.59952],[-47.03441,-23.59954],[-47.03441,-23.59981],[-47.03397,-23.59981],[-47.03397,-23.59995],[-47.03309,-23.59969],[-47.03309,-23.59982],[-47.0328,-23.59983],[-47.03265,-23.6001],[-47.03192,-23.60011],[-47.03206,-23.59984],[-47.03236,-23.59983],[-47.03235,-23.5997],[-47.03279,-23.59956],[-47.03293,-23.59928],[-47.03352,-23.59928],[-47.03352,-23.59914],[-47.03411,-23.599],[-47.03425,-23.59859],[-47.03439,-23.59859],[-47.03454,-23.59832],[-47.03541,-23.59803],[-47.03599,-23.59708],[-47.03613,-23.59708],[-47.03614,-23.59735],[-47.03599,-23.59735],[-47.03585,-23.59776],[-47.036,-23.59775],[-47.036,-23.59789],[-47.03659,-23.59788],[-47.03669,-23.59802],[-47.03646,-23.59735],[-47.03463,-23.59512],[-47.03306,-23.59247],[-47.03187,-23.59281],[-47.02947,-23.59308],[-47.02754,-23.59398],[-47.02668,-23.59494],[-47.02606,-23.59612],[-47.02571,-23.59787],[-47.02584,-23.59832],[-47.02572,-23.59876],[-47.02387,-23.59956],[-47.02501,-23.59972],[-47.02516,-23.60047],[-47.02531,-23.60047],[-47.02533,-23.60142],[-47.02518,-23.60142],[-47.02518,-23.60155],[-47.02577,-23.60168],[-47.02578,-23.60195],[-47.02636,-23.60208],[-47.02637,-23.60248],[-47.02725,-23.60261],[-47.02741,-23.60315],[-47.0277,-23.60314],[-47.02787,-23.60409],[-47.02846,-23.60449],[-47.02846,-23.60476],[-47.02861,-23.60476],[-47.02862,-23.60516],[-47.02832,-23.6053],[-47.02833,-23.60557],[-47.02862,-23.60557],[-47.02876,-23.60516],[-47.02906,-23.60516],[-47.0289,-23.60475],[-47.0292,-23.60461],[-47.02905,-23.60435],[-47.02963,-23.60434],[-47.02979,-23.60474],[-47.03052,-23.60473],[-47.03066,-23.60446],[-47.03096,-23.60446],[-47.03095,-23.60391],[-47.0311,-23.60391],[-47.03109,-23.60364],[-47.03124,-23.60364],[-47.03123,-23.60337],[-47.03255,-23.60322],[-47.03255,-23.60308],[-47.03314,-23.60321],[-47.03314,-23.60294],[-47.03358,-23.6028],[-47.03386,-23.60239],[-47.03445,-23.60224],[-47.03445,-23.60211],[-47.03504,-23.6021],[-47.03503,-23.60169],[-47.03576,-23.60155],[-47.0359,-23.60128],[-47.0362,-23.60127],[-47.03636,-23.60195],[-47.03606,-23.60195],[-47.03592,-23.60236],[-47.03548,-23.60237],[-47.03534,-23.60277],[-47.03519,-23.60278],[-47.0352,-23.60305],[-47.03564,-23.60318],[-47.0358,-23.60399],[-47.03624,-23.60412],[-47.03625,-23.60452],[-47.03596,-23.60453],[-47.03596,-23.60507],[-47.03641,-23.6052],[-47.03656,-23.60547],[-47.03685,-23.60546],[-47.03685,-23.6056],[-47.03744,-23.60573],[-47.03745,-23.60586],[-47.03788,-23.60572],[-47.03788,-23.60558],[-47.03877,-23.60571],[-47.03877,-23.60611],[-47.03892,-23.60611],[-47.03907,-23.60652],[-47.03893,-23.60652],[-47.03893,-23.60665],[-47.0376,-23.60667],[-47.03777,-23.60775],[-47.03733,-23.60789],[-47.03733,-23.60803],[-47.03704,-23.60817],[-47.03704,-23.6083],[-47.03646,-23.60872],[-47.03646,-23.60899],[-47.03558,-23.609],[-47.03544,-23.60954],[-47.03559,-23.60954],[-47.0356,-23.60981],[-47.03589,-23.60994],[-47.03603,-23.60967],[-47.03633,-23.60967],[-47.03647,-23.60926],[-47.03662,-23.60926],[-47.03676,-23.60899],[-47.0372,-23.60898],[-47.0372,-23.60911],[-47.03735,-23.60911],[-47.03749,-23.60884],[-47.03823,-23.60883],[-47.03807,-23.60856],[-47.03749,-23.60857],[-47.03749,-23.60843],[-47.03734,-23.60844],[-47.03763,-23.60803],[-47.03807,-23.60802],[-47.03806,-23.60788],[-47.03909,-23.60787],[-47.0391,-23.60855],[-47.03881,-23.60855],[-47.03881,-23.60882],[-47.03911,-23.60895],[-47.03912,-23.6099],[-47.03898,-23.6099],[-47.03898,-23.61031],[-47.03957,-23.6103],[-47.03957,-23.61044],[-47.03987,-23.61057],[-47.03988,-23.61098],[-47.03944,-23.61112],[-47.03944,-23.61125],[-47.03973,-23.61125],[-47.03959,-23.61152],[-47.03929,-23.61139],[-47.0393,-23.61152],[-47.03886,-23.6118],[-47.03887,-23.61221],[-47.03901,-23.61221],[-47.03902,-23.61261],[-47.03946,-23.61274],[-47.04006,-23.61341],[-47.04182,-23.61312],[-47.04211,-23.61271],[-47.04255,-23.6127],[-47.0427,-23.61311],[-47.04285,-23.6131],[-47.043,-23.61337],[-47.04344,-23.61337],[-47.04344,-23.61364],[-47.0433,-23.61364],[-47.0433,-23.61391],[-47.04315,-23.61391],[-47.04316,-23.61418],[-47.04301,-23.61418],[-47.04273,-23.615],[-47.04347,-23.61499],[-47.04346,-23.61486],[-47.04361,-23.61485],[-47.0436,-23.61391],[-47.04374,-23.6139],[-47.04389,-23.61363],[-47.04433,-23.61363],[-47.04433,-23.61376],[-47.04565,-23.61374],[-47.04565,-23.61361],[-47.04594,-23.6136],[-47.04594,-23.61347],[-47.04697,-23.61346],[-47.04712,-23.61386],[-47.04727,-23.61386],[-47.04728,-23.61467],[-47.04699,-23.61467],[-47.04699,-23.61508],[-47.04685,-23.61508],[-47.04702,-23.61684],[-47.04673,-23.61698],[-47.04673,-23.61712],[-47.04614,-23.61712],[-47.0463,-23.6178],[-47.04586,-23.6178],[-47.04586,-23.61794],[-47.04542,-23.61794],[-47.04542,-23.61808],[-47.04528,-23.61808],[-47.04527,-23.61795],[-47.04484,-23.61809],[-47.04483,-23.61795],[-47.04395,-23.61783],[-47.04366,-23.61824],[-47.04337,-23.61824],[-47.04337,-23.61838],[-47.04293,-23.61852],[-47.04293,-23.61865],[-47.04264,-23.61866],[-47.04265,-23.61906],[-47.04191,-23.61921],[-47.04192,-23.61935],[-47.04162,-23.61948],[-47.04163,-23.61989],[-47.04089,-23.61977],[-47.0409,-23.6199],[-47.04016,-23.61991],[-47.04016,-23.62005],[-47.03987,-23.62005],[-47.03987,-23.62018],[-47.03958,-23.62019],[-47.03958,-23.62032],[-47.03767,-23.62035],[-47.03767,-23.62021],[-47.03723,-23.62022],[-47.03722,-23.62008],[-47.03693,-23.62009],[-47.03693,-23.61995],[-47.03634,-23.61983],[-47.03633,-23.61955],[-47.03604,-23.61942],[-47.03603,-23.61902],[-47.03589,-23.61902],[-47.03588,-23.61848],[-47.03558,-23.61862],[-47.03557,-23.61753],[-47.03572,-23.61753],[-47.03585,-23.61658],[-47.03599,-23.61658],[-47.03599,-23.61644],[-47.0357,-23.61645],[-47.03569,-23.61591],[-47.03628,-23.6159],[-47.03628,-23.61576],[-47.03671,-23.61562],[-47.03671,-23.61549],[-47.03744,-23.61534],[-47.03773,-23.61493],[-47.03788,-23.61493],[-47.03802,-23.61452],[-47.03905,-23.61464],[-47.03905,-23.61451],[-47.03978,-23.6145],[-47.03962,-23.61369],[-47.03933,-23.61356],[-47.03918,-23.61329],[-47.03859,-23.61329],[-47.03859,-23.61316],[-47.03844,-23.61316],[-47.03858,-23.61275],[-47.03814,-23.61262],[-47.03799,-23.61235],[-47.03754,-23.61209],[-47.03754,-23.61182],[-47.03739,-23.61182],[-47.03724,-23.61142],[-47.03709,-23.61142],[-47.03709,-23.61155],[-47.0365,-23.61156],[-47.03635,-23.61129],[-47.03621,-23.61129],[-47.0362,-23.61102],[-47.03606,-23.61103],[-47.03604,-23.61035],[-47.03575,-23.61035],[-47.03575,-23.61022],[-47.03472,-23.61023],[-47.03472,-23.61037],[-47.03458,-23.61037],[-47.03457,-23.61023],[-47.03428,-23.6101],[-47.03427,-23.60983],[-47.03457,-23.60983],[-47.03441,-23.60915],[-47.03396,-23.60889],[-47.03396,-23.60862],[-47.03366,-23.60848],[-47.03366,-23.60835],[-47.03322,-23.60835],[-47.03308,-23.60863],[-47.03205,-23.60864],[-47.03206,-23.60905],[-47.03191,-23.60905],[-47.03177,-23.60973],[-47.03192,-23.60973],[-47.03192,-23.61],[-47.03237,-23.61026],[-47.03238,-23.6108],[-47.03193,-23.61067],[-47.03193,-23.61054],[-47.02885,-23.61058],[-47.02884,-23.61044],[-47.02855,-23.61045],[-47.02855,-23.61031],[-47.02781,-23.61032],[-47.02767,-23.61059],[-47.02708,-23.61047],[-47.02708,-23.61033],[-47.02574,-23.60926],[-47.02573,-23.60859],[-47.02529,-23.60846],[-47.02529,-23.60832],[-47.02543,-23.60832],[-47.02526,-23.60697],[-47.02497,-23.60684],[-47.02497,-23.6067],[-47.02453,-23.60671],[-47.02452,-23.60657],[-47.02423,-23.60658],[-47.02408,-23.60631],[-47.02378,-23.60631],[-47.02364,-23.60658],[-47.02276,-23.60687],[-47.02277,-23.60727],[-47.02233,-23.60755],[-47.02234,-23.60795],[-47.02219,-23.60796],[-47.02205,-23.60823],[-47.02102,-23.60824],[-47.02102,-23.60838],[-47.02088,-23.60838],[-47.02088,-23.60852],[-47.02118,-23.60865],[-47.02103,-23.60906],[-47.02148,-23.60932],[-47.02148,-23.60959],[-47.02163,-23.60959],[-47.02166,-23.61135],[-47.02151,-23.61135],[-47.02152,-23.61176],[-47.02137,-23.61176],[-47.02138,-23.61217],[-47.02123,-23.61217],[-47.02124,-23.61271],[-47.02095,-23.61285],[-47.02095,-23.61312],[-47.02051,-23.61299],[-47.02051,-23.61313],[-47.01992,-23.61313],[-47.01992,-23.61327],[-47.01963,-23.61327],[-47.01963,-23.61341],[-47.01934,-23.61341],[-47.01934,-23.61328],[-47.01919,-23.61328],[-47.01919,-23.61341],[-47.01846,-23.61342],[-47.01845,-23.61329],[-47.01801,-23.61329],[-47.01813,-23.6114],[-47.01769,-23.6114],[-47.01754,-23.61113],[-47.01813,-23.61112],[-47.01812,-23.61085],[-47.019,-23.61084],[-47.01929,-23.61043],[-47.01841,-23.61044],[-47.01841,-23.61017],[-47.01723,-23.61032],[-47.01723,-23.61019],[-47.01694,-23.61019],[-47.01694,-23.61033],[-47.0165,-23.61047],[-47.0165,-23.6106],[-47.01621,-23.61061],[-47.0162,-23.61034],[-47.01576,-23.61021],[-47.01575,-23.6098],[-47.01546,-23.60967],[-47.01559,-23.60858],[-47.01515,-23.60873],[-47.01515,-23.609],[-47.01472,-23.60914],[-47.01472,-23.60927],[-47.01398,-23.60928],[-47.01399,-23.60942],[-47.01369,-23.60942],[-47.01369,-23.60956],[-47.0134,-23.60956],[-47.0134,-23.6097],[-47.01311,-23.60984],[-47.01312,-23.61024],[-47.01268,-23.61038],[-47.01239,-23.61079],[-47.0121,-23.6108],[-47.01165,-23.61026],[-47.01135,-23.61026],[-47.01121,-23.61067],[-47.01136,-23.61067],[-47.01136,-23.61094],[-47.01166,-23.61107],[-47.01166,-23.61121],[-47.01181,-23.61121],[-47.01181,-23.61134],[-47.01152,-23.61148],[-47.01152,-23.61175],[-47.01109,-23.61203],[-47.01124,-23.61243],[-47.01139,-23.61243],[-47.01139,-23.6127],[-47.01227,-23.61269],[-47.01227,-23.61255],[-47.01315,-23.61268],[-47.01315,-23.61254],[-47.01374,-23.61254],[-47.01403,-23.61213],[-47.01432,-23.61212],[-47.01432,-23.61199],[-47.01476,-23.61212],[-47.0149,-23.61184],[-47.01476,-23.61185],[-47.01475,-23.61157],[-47.01446,-23.61158],[-47.01446,-23.61144],[-47.0146,-23.61144],[-47.01475,-23.61117],[-47.01504,-23.61116],[-47.01504,-23.61103],[-47.01578,-23.61116],[-47.01578,-23.61143],[-47.01637,-23.61142],[-47.01623,-23.6121],[-47.01638,-23.6121],[-47.01638,-23.61237],[-47.01595,-23.61264],[-47.0158,-23.61292],[-47.01595,-23.61291],[-47.01595,-23.61318],[-47.01625,-23.61318],[-47.01639,-23.61291],[-47.01683,-23.6129],[-47.01684,-23.61317],[-47.01639,-23.61318],[-47.0164,-23.61331],[-47.01654,-23.61331],[-47.0167,-23.61399],[-47.01714,-23.61412],[-47.01715,-23.61439],[-47.017,-23.61439],[-47.01686,-23.61466],[-47.01642,-23.61453],[-47.01641,-23.61426],[-47.01567,-23.61414],[-47.01567,-23.61373],[-47.01552,-23.61373],[-47.01523,-23.61414],[-47.01465,-23.61428],[-47.01465,-23.61415],[-47.0145,-23.61415],[-47.01449,-23.61374],[-47.01435,-23.61375],[-47.01434,-23.61361],[-47.0139,-23.61362],[-47.01375,-23.61321],[-47.01331,-23.61335],[-47.01331,-23.61322],[-47.01316,-23.61322],[-47.01316,-23.61336],[-47.01287,-23.61336],[-47.01287,-23.6135],[-47.01243,-23.6135],[-47.01258,-23.61391],[-47.01185,-23.61378],[-47.01185,-23.61391],[-47.01215,-23.61405],[-47.01215,-23.61432],[-47.012,-23.61432],[-47.01215,-23.61459],[-47.01201,-23.61459],[-47.01201,-23.61486],[-47.01172,-23.615],[-47.01173,-23.61541],[-47.01217,-23.6154],[-47.01216,-23.61513],[-47.01275,-23.61512],[-47.01275,-23.61485],[-47.01304,-23.61485],[-47.01304,-23.61471],[-47.01377,-23.61484],[-47.01377,-23.6147],[-47.01392,-23.6147],[-47.01407,-23.61497],[-47.01481,-23.61496],[-47.01496,-23.61523],[-47.01481,-23.61523],[-47.01481,-23.61537],[-47.01496,-23.61536],[-47.01526,-23.61577],[-47.01555,-23.61576],[-47.01554,-23.61495],[-47.01598,-23.61494],[-47.01598,-23.61508],[-47.01613,-23.61508],[-47.01599,-23.61549],[-47.0157,-23.61563],[-47.01542,-23.61685],[-47.01527,-23.61685],[-47.01528,-23.61712],[-47.01513,-23.61712],[-47.01514,-23.61766],[-47.0147,-23.61794],[-47.01456,-23.61821],[-47.01412,-23.61835],[-47.01412,-23.61795],[-47.01367,-23.61768],[-47.01381,-23.61728],[-47.01352,-23.61714],[-47.01351,-23.61701],[-47.01307,-23.61715],[-47.01322,-23.61674],[-47.01292,-23.61661],[-47.01306,-23.61634],[-47.01277,-23.61634],[-47.01277,-23.61661],[-47.01263,-23.61661],[-47.01263,-23.61688],[-47.01248,-23.61689],[-47.01249,-23.61729],[-47.01279,-23.61742],[-47.01279,-23.61756],[-47.0125,-23.6177],[-47.0125,-23.61783],[-47.0122,-23.61784],[-47.01205,-23.6173],[-47.0119,-23.6173],[-47.0119,-23.61689],[-47.01175,-23.6169],[-47.01174,-23.61662],[-47.0116,-23.61663],[-47.01159,-23.61636],[-47.01101,-23.61636],[-47.011,-23.61623],[-47.00924,-23.61639],[-47.00951,-23.61489],[-47.00937,-23.61489],[-47.00921,-23.61463],[-47.00804,-23.61464],[-47.00804,-23.61491],[-47.00848,-23.61477],[-47.00849,-23.61504],[-47.00834,-23.61504],[-47.0085,-23.61572],[-47.0082,-23.61586],[-47.00821,-23.61599],[-47.00777,-23.616],[-47.00763,-23.61641],[-47.00748,-23.61641],[-47.00719,-23.61682],[-47.00645,-23.61669],[-47.00646,-23.61696],[-47.00675,-23.6171],[-47.00676,-23.61737],[-47.00588,-23.61751],[-47.00588,-23.61738],[-47.00544,-23.61738],[-47.00544,-23.61752],[-47.00529,-23.61752],[-47.00529,-23.61766],[-47.00573,-23.61765],[-47.00574,-23.61806],[-47.00604,-23.61819],[-47.00605,-23.619],[-47.0059,-23.619],[-47.00591,-23.61927],[-47.00605,-23.61927],[-47.00606,-23.62008],[-47.00621,-23.62008],[-47.00622,-23.62035],[-47.00651,-23.62048],[-47.00652,-23.62076],[-47.00666,-23.62075],[-47.00667,-23.62102],[-47.00652,-23.62103],[-47.00652,-23.6213],[-47.00638,-23.6213],[-47.00624,-23.62171],[-47.00535,-23.62172],[-47.00536,-23.62185],[-47.00506,-23.62186],[-47.00506,-23.62199],[-47.00448,-23.622],[-47.00447,-23.62187],[-47.00403,-23.62187],[-47.00403,-23.62174],[-47.00315,-23.62148],[-47.00314,-23.62107],[-47.00329,-23.62107],[-47.00328,-23.62093],[-47.00314,-23.62093],[-47.00314,-23.6208],[-47.00211,-23.62068],[-47.00195,-23.62041],[-47.00152,-23.62055],[-47.00167,-23.62095],[-47.00182,-23.62095],[-47.00182,-23.62122],[-47.00197,-23.62122],[-47.00197,-23.62149],[-47.00256,-23.62175],[-47.00273,-23.62297],[-47.00317,-23.62324],[-47.00331,-23.62283],[-47.00346,-23.62283],[-47.00347,-23.6235],[-47.00318,-23.62351],[-47.00317,-23.62337],[-47.00274,-23.62365],[-47.00274,-23.62378],[-47.00289,-23.62378],[-47.0029,-23.62459],[-47.00305,-23.62459]],[[-47.00346,-23.62269],[-47.00361,-23.62269],[-47.00361,-23.62282],[-47.00346,-23.62283],[-47.00346,-23.62269]],[[-47.03753,-23.67777],[-47.03753,-23.67764],[-47.03708,-23.67737],[-47.03708,-23.6771],[-47.03781,-23.67709],[-47.03796,-23.67682],[-47.03781,-23.67682],[-47.03766,-23.67655],[-47.03692,-23.67656],[-47.03705,-23.67548],[-47.0372,-23.67548],[-47.03734,-23.6748],[-47.03778,-23.67493],[-47.03764,-23.67547],[-47.03823,-23.67546],[-47.03822,-23.67465],[-47.03866,-23.67451],[-47.03865,-23.67397],[-47.03894,-23.67383],[-47.03893,-23.67329],[-47.03937,-23.67301],[-47.03936,-23.67274],[-47.03951,-23.67274],[-47.03951,-23.67247],[-47.03965,-23.67246],[-47.03965,-23.67206],[-47.03979,-23.67206],[-47.03979,-23.67178],[-47.03994,-23.67178],[-47.03993,-23.67124],[-47.04008,-23.67124],[-47.04007,-23.67097],[-47.04022,-23.67097],[-47.04021,-23.67043],[-47.04036,-23.67042],[-47.04035,-23.67015],[-47.04093,-23.66974],[-47.04093,-23.66933],[-47.04107,-23.66933],[-47.04121,-23.66879],[-47.04165,-23.66851],[-47.04164,-23.66783],[-47.04135,-23.66784],[-47.04134,-23.6673],[-47.04148,-23.66729],[-47.04148,-23.66702],[-47.04177,-23.66702],[-47.04176,-23.66634],[-47.04147,-23.66621],[-47.04146,-23.6658],[-47.04131,-23.66581],[-47.04131,-23.66567],[-47.04102,-23.66581],[-47.04088,-23.66622],[-47.0397,-23.66623],[-47.0397,-23.6661],[-47.03955,-23.6661],[-47.03955,-23.66556],[-47.03896,-23.66557],[-47.03896,-23.6657],[-47.03867,-23.66571],[-47.03867,-23.66584],[-47.03808,-23.66585],[-47.03793,-23.66558],[-47.03763,-23.66545],[-47.03763,-23.66504],[-47.03777,-23.66504],[-47.03777,-23.6649],[-47.03748,-23.66477],[-47.03747,-23.66464],[-47.03762,-23.66464],[-47.03762,-23.6645],[-47.03806,-23.66449],[-47.03806,-23.66463],[-47.03894,-23.66462],[-47.03895,-23.66475],[-47.03924,-23.66475],[-47.03924,-23.66461],[-47.03968,-23.66461],[-47.03968,-23.66447],[-47.04026,-23.66447],[-47.04026,-23.66433],[-47.04041,-23.66433],[-47.04041,-23.66446],[-47.04056,-23.66446],[-47.04056,-23.66487],[-47.03983,-23.66515],[-47.03998,-23.66542],[-47.04013,-23.66542],[-47.04027,-23.66514],[-47.04072,-23.66514],[-47.04071,-23.665],[-47.04101,-23.66486],[-47.041,-23.66446],[-47.04115,-23.66445],[-47.04114,-23.66432],[-47.04129,-23.66432],[-47.04129,-23.66445],[-47.04173,-23.66445],[-47.04173,-23.66431],[-47.04261,-23.6643],[-47.04262,-23.66457],[-47.04218,-23.66458],[-47.04218,-23.66498],[-47.04248,-23.66498],[-47.04278,-23.66538],[-47.04307,-23.66538],[-47.04307,-23.66511],[-47.04321,-23.6651],[-47.04336,-23.66483],[-47.04395,-23.66482],[-47.04395,-23.66496],[-47.04424,-23.66495],[-47.04424,-23.66509],[-47.04454,-23.66522],[-47.04455,-23.6659],[-47.04411,-23.66618],[-47.04412,-23.66685],[-47.04442,-23.66685],[-47.04428,-23.66753],[-47.04443,-23.66753],[-47.04443,-23.66793],[-47.04341,-23.66808],[-47.04341,-23.66795],[-47.04326,-23.66795],[-47.04312,-23.66822],[-47.04282,-23.66822],[-47.04268,-23.6685],[-47.04253,-23.6685],[-47.04254,-23.66877],[-47.04239,-23.66877],[-47.04239,-23.66891],[-47.04254,-23.6689],[-47.04255,-23.66945],[-47.0424,-23.66945],[-47.0424,-23.66972],[-47.04226,-23.66972],[-47.04226,-23.66999],[-47.04211,-23.66999],[-47.04197,-23.6704],[-47.04286,-23.67039],[-47.04272,-23.67107],[-47.04214,-23.67148],[-47.04214,-23.67175],[-47.0417,-23.6719],[-47.04171,-23.6723],[-47.04156,-23.6723],[-47.04142,-23.67271],[-47.04069,-23.67272],[-47.04055,-23.67313],[-47.03996,-23.67314],[-47.03996,-23.67327],[-47.03981,-23.67327],[-47.03982,-23.67368],[-47.03952,-23.67368],[-47.03953,-23.67409],[-47.04071,-23.67394],[-47.04101,-23.67434],[-47.04144,-23.67407],[-47.04145,-23.67447],[-47.04013,-23.67462],[-47.04014,-23.67571],[-47.04,-23.67571],[-47.04,-23.67598],[-47.03956,-23.67612],[-47.03957,-23.67639],[-47.03942,-23.67639],[-47.03942,-23.67667],[-47.03928,-23.67667],[-47.03974,-23.67788],[-47.03959,-23.67788],[-47.03959,-23.67802],[-47.03842,-23.67803],[-47.03841,-23.6779],[-47.03753,-23.67777]],[[-47.05,-23.65689],[-47.05132,-23.65687],[-47.05132,-23.65714],[-47.05118,-23.65714],[-47.05104,-23.65755],[-47.05074,-23.65769],[-47.05075,-23.65796],[-47.05046,-23.6581],[-47.05046,-23.65851],[-47.05017,-23.65865],[-47.05018,-23.65919],[-47.04989,-23.65919],[-47.04975,-23.65974],[-47.04946,-23.65987],[-47.04946,-23.66015],[-47.04931,-23.66015],[-47.04932,-23.66042],[-47.04888,-23.6607],[-47.04874,-23.6611],[-47.04845,-23.66124],[-47.04845,-23.66165],[-47.04875,-23.66178],[-47.04876,-23.66246],[-47.04817,-23.66247],[-47.04817,-23.66233],[-47.04788,-23.66247],[-47.04788,-23.6626],[-47.04818,-23.66274],[-47.04818,-23.66314],[-47.04789,-23.66328],[-47.04775,-23.66355],[-47.04716,-23.6637],[-47.04702,-23.66411],[-47.04658,-23.66398],[-47.04658,-23.66425],[-47.04614,-23.66439],[-47.04615,-23.66466],[-47.04585,-23.66453],[-47.04571,-23.6648],[-47.04527,-23.66481],[-47.04527,-23.66494],[-47.04483,-23.66495],[-47.04483,-23.66481],[-47.04468,-23.66481],[-47.04467,-23.66441],[-47.04423,-23.66441],[-47.04424,-23.66455],[-47.04409,-23.66455],[-47.04409,-23.66441],[-47.04276,-23.66443],[-47.04276,-23.66416],[-47.04246,-23.66403],[-47.04246,-23.66362],[-47.04275,-23.66348],[-47.04273,-23.66254],[-47.04288,-23.66253],[-47.04301,-23.66159],[-47.04272,-23.66159],[-47.04272,-23.66145],[-47.04301,-23.66145],[-47.04359,-23.66076],[-47.04491,-23.66075],[-47.04491,-23.66048],[-47.0452,-23.66034],[-47.04519,-23.65993],[-47.04505,-23.65993],[-47.04504,-23.6598],[-47.04519,-23.6598],[-47.04519,-23.65966],[-47.04578,-23.65979],[-47.04578,-23.65965],[-47.04622,-23.65951],[-47.04637,-23.65978],[-47.04607,-23.65992],[-47.04608,-23.66005],[-47.04578,-23.66006],[-47.04564,-23.66047],[-47.0452,-23.66061],[-47.04521,-23.66074],[-47.04653,-23.66059],[-47.04667,-23.66018],[-47.04681,-23.66018],[-47.04681,-23.65991],[-47.04768,-23.65922],[-47.04768,-23.65895],[-47.04782,-23.65895],[-47.04767,-23.65854],[-47.04796,-23.65854],[-47.04796,-23.65827],[-47.04825,-23.65813],[-47.04825,-23.65786],[-47.04854,-23.65772],[-47.04868,-23.65704],[-47.04911,-23.6569],[-47.04911,-23.65676],[-47.04999,-23.65675],[-47.05,-23.65689]],[[-47.03917,-23.65067],[-47.03887,-23.65067],[-47.03887,-23.65053],[-47.03814,-23.65054],[-47.03813,-23.65027],[-47.03857,-23.65],[-47.03842,-23.64973],[-47.03871,-23.64959],[-47.0387,-23.64918],[-47.03914,-23.64904],[-47.03928,-23.6485],[-47.03943,-23.6485],[-47.03956,-23.64728],[-47.03985,-23.64727],[-47.03985,-23.647],[-47.03955,-23.647],[-47.03955,-23.64673],[-47.03969,-23.64673],[-47.03968,-23.64592],[-47.04012,-23.64591],[-47.04011,-23.64537],[-47.04026,-23.64537],[-47.04026,-23.64523],[-47.04099,-23.64522],[-47.041,-23.64536],[-47.04129,-23.64549],[-47.04144,-23.64522],[-47.04158,-23.64522],[-47.04157,-23.64468],[-47.04143,-23.64468],[-47.04142,-23.64454],[-47.04084,-23.64455],[-47.04083,-23.64441],[-47.03995,-23.64429],[-47.03994,-23.64348],[-47.04052,-23.6432],[-47.04052,-23.64333],[-47.04097,-23.64333],[-47.04097,-23.64346],[-47.04141,-23.64346],[-47.04141,-23.64359],[-47.0417,-23.64359],[-47.04171,-23.64373],[-47.0423,-23.64385],[-47.0423,-23.64399],[-47.04289,-23.64398],[-47.04304,-23.64425],[-47.04333,-23.64425],[-47.04348,-23.64451],[-47.04363,-23.64451],[-47.04363,-23.64478],[-47.04349,-23.64479],[-47.04349,-23.64492],[-47.04261,-23.64493],[-47.04261,-23.64507],[-47.04232,-23.64507],[-47.04232,-23.64534],[-47.04276,-23.64547],[-47.04306,-23.64587],[-47.04336,-23.64587],[-47.0435,-23.6456],[-47.04379,-23.64559],[-47.04394,-23.64586],[-47.04424,-23.64586],[-47.04423,-23.64559],[-47.04467,-23.64531],[-47.04465,-23.64409],[-47.0448,-23.64409],[-47.04479,-23.64368],[-47.04435,-23.64369],[-47.04436,-23.64396],[-47.04421,-23.64396],[-47.04421,-23.64383],[-47.04392,-23.64397],[-47.04391,-23.64356],[-47.0445,-23.64355],[-47.04464,-23.64315],[-47.04493,-23.64301],[-47.04509,-23.64368],[-47.04523,-23.64368],[-47.04524,-23.64409],[-47.04539,-23.64408],[-47.04539,-23.64435],[-47.04554,-23.64435],[-47.04555,-23.64503],[-47.0457,-23.64503],[-47.0457,-23.6453],[-47.04585,-23.6453],[-47.04588,-23.64733],[-47.04558,-23.6472],[-47.04528,-23.64679],[-47.04499,-23.6468],[-47.04499,-23.64707],[-47.0447,-23.64721],[-47.04471,-23.64761],[-47.04485,-23.64761],[-47.04501,-23.64788],[-47.04545,-23.64801],[-47.0456,-23.64841],[-47.04531,-23.64855],[-47.04531,-23.64842],[-47.04501,-23.64829],[-47.04487,-23.64869],[-47.04458,-23.6487],[-47.04457,-23.64829],[-47.04442,-23.64829],[-47.04414,-23.6487],[-47.04325,-23.64872],[-47.04311,-23.64912],[-47.04297,-23.64913],[-47.04297,-23.6494],[-47.04282,-23.6494],[-47.04297,-23.64967],[-47.04254,-23.64994],[-47.04255,-23.65076],[-47.04152,-23.65077],[-47.04137,-23.6505],[-47.04093,-23.65064],[-47.04093,-23.65078],[-47.03917,-23.6508],[-47.03917,-23.65067]],[[-47.03393,-23.64437],[-47.03392,-23.64396],[-47.03407,-23.64396],[-47.03406,-23.64369],[-47.03435,-23.64355],[-47.03435,-23.64342],[-47.03479,-23.64341],[-47.03479,-23.64314],[-47.03494,-23.64314],[-47.03494,-23.64327],[-47.03538,-23.64327],[-47.03537,-23.643],[-47.03567,-23.64286],[-47.03566,-23.64272],[-47.03596,-23.64272],[-47.0361,-23.64245],[-47.0386,-23.64241],[-47.0386,-23.64255],[-47.03904,-23.64254],[-47.03904,-23.64268],[-47.03934,-23.64267],[-47.03949,-23.64294],[-47.03978,-23.64294],[-47.03979,-23.64307],[-47.03934,-23.64308],[-47.03934,-23.64294],[-47.0392,-23.64295],[-47.03906,-23.64349],[-47.03935,-23.64349],[-47.0395,-23.64375],[-47.03878,-23.64431],[-47.03893,-23.64512],[-47.03879,-23.64512],[-47.03865,-23.64593],[-47.03851,-23.64593],[-47.03853,-23.64729],[-47.03838,-23.64729],[-47.03839,-23.6477],[-47.03853,-23.64769],[-47.03854,-23.64797],[-47.03868,-23.64796],[-47.03869,-23.64823],[-47.03825,-23.64838],[-47.03825,-23.64851],[-47.03796,-23.64852],[-47.03796,-23.64838],[-47.03737,-23.64839],[-47.03722,-23.64812],[-47.03663,-23.64813],[-47.0368,-23.64934],[-47.03709,-23.64947],[-47.03695,-23.64975],[-47.0371,-23.64975],[-47.0371,-23.65002],[-47.03725,-23.65001],[-47.03711,-23.65056],[-47.03784,-23.65055],[-47.0377,-23.65082],[-47.03505,-23.65072],[-47.0349,-23.65045],[-47.03446,-23.65059],[-47.0343,-23.64992],[-47.03416,-23.64992],[-47.03415,-23.64951],[-47.034,-23.64951],[-47.034,-23.64911],[-47.03325,-23.64858],[-47.03324,-23.6479],[-47.03516,-23.64787],[-47.03501,-23.64815],[-47.0356,-23.64841],[-47.03575,-23.64814],[-47.03589,-23.64814],[-47.03574,-23.64773],[-47.03633,-23.64772],[-47.03617,-23.64678],[-47.03631,-23.64678],[-47.03631,-23.64651],[-47.03675,-23.64623],[-47.03689,-23.64596],[-47.0363,-23.64596],[-47.03644,-23.64528],[-47.03497,-23.64544],[-47.03497,-23.64571],[-47.03527,-23.64571],[-47.03557,-23.64611],[-47.03572,-23.64611],[-47.03572,-23.64624],[-47.03557,-23.64624],[-47.03558,-23.64706],[-47.03426,-23.64707],[-47.03426,-23.64721],[-47.03397,-23.64721],[-47.03412,-23.64775],[-47.03368,-23.64776],[-47.03353,-23.64749],[-47.03368,-23.64749],[-47.03367,-23.64722],[-47.03338,-23.64709],[-47.03337,-23.64641],[-47.03307,-23.64641],[-47.03306,-23.6456],[-47.03321,-23.6456],[-47.03321,-23.64546],[-47.03306,-23.64546],[-47.03306,-23.64519],[-47.03291,-23.6452],[-47.03305,-23.64452],[-47.03334,-23.64451],[-47.03334,-23.64438],[-47.03348,-23.64438],[-47.03349,-23.64451],[-47.03393,-23.64437]],[[-47.0329,-23.64452],[-47.03289,-23.64425],[-47.03304,-23.64425],[-47.03305,-23.64452],[-47.0329,-23.64452]],[[-47.0536,-23.63314],[-47.05492,-23.63312],[-47.05492,-23.63326],[-47.05521,-23.63325],[-47.05521,-23.63312],[-47.05477,-23.63299],[-47.05477,-23.63285],[-47.05418,-23.63286],[-47.05417,-23.63259],[-47.05461,-23.63231],[-47.0549,-23.6319],[-47.05563,-23.63189],[-47.05579,-23.63216],[-47.05593,-23.63216],[-47.05594,-23.63257],[-47.05623,-23.63256],[-47.05638,-23.63283],[-47.05653,-23.63283],[-47.05653,-23.6331],[-47.05668,-23.6331],[-47.05669,-23.63351],[-47.05684,-23.6335],[-47.05686,-23.63499],[-47.05715,-23.63499],[-47.05716,-23.63526],[-47.0573,-23.63526],[-47.05731,-23.63594],[-47.05746,-23.63593],[-47.05747,-23.6362],[-47.05702,-23.63621],[-47.05702,-23.63607],[-47.05688,-23.63608],[-47.05673,-23.63635],[-47.05629,-23.63636],[-47.05629,-23.63649],[-47.05556,-23.63664],[-47.05543,-23.63759],[-47.05602,-23.63758],[-47.05601,-23.63744],[-47.05616,-23.63744],[-47.05616,-23.63758],[-47.05646,-23.63757],[-47.05661,-23.63798],[-47.05646,-23.63798],[-47.05647,-23.63825],[-47.05632,-23.63825],[-47.05647,-23.63852],[-47.05721,-23.63837],[-47.05721,-23.63851],[-47.05765,-23.6385],[-47.05722,-23.63905],[-47.05707,-23.63905],[-47.05707,-23.63932],[-47.05663,-23.63933],[-47.05663,-23.63947],[-47.05649,-23.63947],[-47.05664,-23.63987],[-47.05723,-23.63986],[-47.05723,-23.64],[-47.05738,-23.64],[-47.05753,-23.6404],[-47.05768,-23.6404],[-47.05768,-23.64067],[-47.05783,-23.64067],[-47.05784,-23.64121],[-47.05769,-23.64121],[-47.05769,-23.64148],[-47.05755,-23.64148],[-47.05741,-23.64189],[-47.05711,-23.6419],[-47.05696,-23.64149],[-47.05652,-23.64136],[-47.05651,-23.64082],[-47.05666,-23.64082],[-47.05665,-23.64068],[-47.05651,-23.64069],[-47.05635,-23.64015],[-47.05605,-23.64001],[-47.05605,-23.63974],[-47.05575,-23.63961],[-47.05575,-23.63934],[-47.05545,-23.63921],[-47.05545,-23.63894],[-47.0553,-23.63894],[-47.05515,-23.63854],[-47.05486,-23.63854],[-47.05487,-23.63935],[-47.05458,-23.63949],[-47.05443,-23.63977],[-47.05414,-23.63977],[-47.054,-23.64004],[-47.0537,-23.64005],[-47.05371,-23.64018],[-47.05356,-23.64018],[-47.05356,-23.64059],[-47.05342,-23.64059],[-47.05313,-23.641],[-47.05137,-23.64102],[-47.05136,-23.64089],[-47.05107,-23.64089],[-47.05107,-23.64076],[-47.05092,-23.64076],[-47.05091,-23.64022],[-47.05077,-23.64022],[-47.0509,-23.63927],[-47.05075,-23.63927],[-47.05075,-23.63914],[-47.05002,-23.63928],[-47.04988,-23.63969],[-47.04958,-23.63969],[-47.04959,-23.63997],[-47.04944,-23.63997],[-47.04945,-23.64064],[-47.0496,-23.64064],[-47.0496,-23.64091],[-47.04931,-23.64092],[-47.04931,-23.64119],[-47.04902,-23.64119],[-47.04888,-23.6416],[-47.04844,-23.64161],[-47.04843,-23.64147],[-47.04829,-23.64147],[-47.04828,-23.6412],[-47.04872,-23.64106],[-47.04872,-23.64092],[-47.0474,-23.64094],[-47.0474,-23.64108],[-47.04711,-23.64122],[-47.0471,-23.64095],[-47.04534,-23.64097],[-47.04534,-23.64083],[-47.04504,-23.64084],[-47.04504,-23.64057],[-47.04416,-23.64058],[-47.0443,-23.64031],[-47.04401,-23.64031],[-47.04415,-23.6399],[-47.044,-23.6399],[-47.04399,-23.6395],[-47.04414,-23.6395],[-47.04414,-23.63936],[-47.04517,-23.63935],[-47.04517,-23.63948],[-47.04502,-23.63948],[-47.04503,-23.64016],[-47.04591,-23.64015],[-47.04591,-23.63988],[-47.04562,-23.63988],[-47.04561,-23.63975],[-47.04576,-23.63974],[-47.04575,-23.6392],[-47.0459,-23.6392],[-47.04605,-23.63947],[-47.04649,-23.63946],[-47.04649,-23.63933],[-47.04678,-23.63919],[-47.04677,-23.63838],[-47.04721,-23.6381],[-47.04704,-23.63688],[-47.04733,-23.63674],[-47.04733,-23.63647],[-47.04703,-23.63648],[-47.04703,-23.63661],[-47.04659,-23.63662],[-47.04645,-23.63689],[-47.04616,-23.6369],[-47.04601,-23.63717],[-47.04498,-23.63705],[-47.04498,-23.63678],[-47.04483,-23.63678],[-47.04482,-23.63624],[-47.04468,-23.63624],[-47.04464,-23.63367],[-47.04478,-23.63366],[-47.04478,-23.63326],[-47.04507,-23.63312],[-47.04491,-23.63231],[-47.04506,-23.63231],[-47.04505,-23.6319],[-47.04476,-23.63204],[-47.04476,-23.6319],[-47.04461,-23.63191],[-47.04475,-23.63163],[-47.0449,-23.63163],[-47.0449,-23.63177],[-47.04578,-23.63175],[-47.04578,-23.63162],[-47.04608,-23.63161],[-47.04608,-23.63175],[-47.04637,-23.63175],[-47.04622,-23.63121],[-47.04651,-23.6312],[-47.04652,-23.63161],[-47.04901,-23.63158],[-47.04902,-23.63171],[-47.04946,-23.63157],[-47.04946,-23.63171],[-47.04975,-23.6317],[-47.04975,-23.63184],[-47.05005,-23.63183],[-47.05005,-23.63197],[-47.05035,-23.6321],[-47.05035,-23.63237],[-47.05065,-23.6325],[-47.05068,-23.63453],[-47.05053,-23.63454],[-47.05053,-23.63481],[-47.05068,-23.6348],[-47.05069,-23.63508],[-47.05127,-23.63507],[-47.05128,-23.63561],[-47.05158,-23.63561],[-47.05172,-23.63533],[-47.05201,-23.63533],[-47.05201,-23.63506],[-47.0523,-23.63505],[-47.05214,-23.63411],[-47.05199,-23.63411],[-47.05199,-23.63397],[-47.0517,-23.63411],[-47.05155,-23.63384],[-47.0517,-23.63384],[-47.05169,-23.63371],[-47.05213,-23.6337],[-47.05213,-23.63357],[-47.05257,-23.63356],[-47.05257,-23.63342],[-47.05184,-23.63343],[-47.05183,-23.63316],[-47.05345,-23.63314],[-47.05345,-23.63301],[-47.05359,-23.63301],[-47.0536,-23.63314]],[[-47.05184,-23.63357],[-47.05169,-23.63357],[-47.05169,-23.63344],[-47.05184,-23.63343],[-47.05184,-23.63357]],[[-47.052,-23.6249],[-47.05229,-23.62503],[-47.0523,-23.6253],[-47.05289,-23.6253],[-47.0526,-23.62584],[-47.05216,-23.62585],[-47.05216,-23.62612],[-47.05261,-23.62638],[-47.05261,-23.62665],[-47.05364,-23.62664],[-47.05364,-23.6265],[-47.05408,-23.6265],[-47.05408,-23.62636],[-47.05467,-23.62635],[-47.05466,-23.62622],[-47.05481,-23.62622],[-47.05511,-23.62676],[-47.05541,-23.62675],[-47.05541,-23.62689],[-47.05614,-23.62688],[-47.05615,-23.62715],[-47.05586,-23.62729],[-47.05587,-23.6281],[-47.05558,-23.62824],[-47.05558,-23.62837],[-47.05529,-23.62838],[-47.05529,-23.62851],[-47.055,-23.62865],[-47.055,-23.62892],[-47.05456,-23.62906],[-47.05456,-23.6292],[-47.05412,-23.62894],[-47.05411,-23.62853],[-47.05382,-23.6284],[-47.05382,-23.62894],[-47.05368,-23.62894],[-47.05353,-23.62921],[-47.0528,-23.62922],[-47.0531,-23.62963],[-47.05281,-23.62977],[-47.05281,-23.6299],[-47.05178,-23.62978],[-47.05163,-23.62951],[-47.05104,-23.62979],[-47.05074,-23.62939],[-47.0503,-23.62939],[-47.05016,-23.6298],[-47.04972,-23.62967],[-47.04958,-23.62994],[-47.04987,-23.63007],[-47.05002,-23.63034],[-47.05061,-23.63034],[-47.05061,-23.63047],[-47.05076,-23.63047],[-47.05062,-23.63088],[-47.05018,-23.63088],[-47.05003,-23.63061],[-47.04959,-23.63062],[-47.0493,-23.63117],[-47.04916,-23.63117],[-47.04914,-23.63036],[-47.04841,-23.63037],[-47.04841,-23.63023],[-47.0487,-23.63023],[-47.04884,-23.62968],[-47.04869,-23.62968],[-47.04869,-23.62955],[-47.04825,-23.62955],[-47.04824,-23.62915],[-47.04854,-23.62914],[-47.04853,-23.62901],[-47.04868,-23.62901],[-47.04868,-23.62928],[-47.04942,-23.62927],[-47.04956,-23.629],[-47.04971,-23.62899],[-47.0497,-23.62872],[-47.04896,-23.62819],[-47.0491,-23.62778],[-47.04881,-23.62765],[-47.0488,-23.62738],[-47.04851,-23.62752],[-47.04852,-23.6282],[-47.04823,-23.62834],[-47.04838,-23.62874],[-47.04824,-23.62874],[-47.04809,-23.62901],[-47.04765,-23.62902],[-47.04737,-23.62957],[-47.04707,-23.62957],[-47.04707,-23.62971],[-47.04604,-23.62958],[-47.04605,-23.62999],[-47.0459,-23.62999],[-47.04591,-23.63013],[-47.04502,-23.63],[-47.04503,-23.63027],[-47.04517,-23.63027],[-47.04518,-23.63054],[-47.04532,-23.63054],[-47.04533,-23.63081],[-47.04562,-23.63094],[-47.04563,-23.63121],[-47.04519,-23.63108],[-47.04519,-23.63122],[-47.04475,-23.63123],[-47.04475,-23.63136],[-47.04416,-23.6315],[-47.04401,-23.63124],[-47.04386,-23.63124],[-47.04371,-23.63083],[-47.04327,-23.63084],[-47.04341,-23.63043],[-47.04268,-23.63058],[-47.04267,-23.62976],[-47.04207,-23.6295],[-47.04221,-23.62882],[-47.04191,-23.62869],[-47.04191,-23.62855],[-47.04162,-23.62856],[-47.04132,-23.62816],[-47.04102,-23.62816],[-47.04087,-23.62789],[-47.04058,-23.6279],[-47.04043,-23.62763],[-47.04013,-23.62763],[-47.03998,-23.62736],[-47.03969,-23.62737],[-47.03968,-23.62709],[-47.03939,-23.62696],[-47.03938,-23.62669],[-47.04026,-23.62654],[-47.04026,-23.62641],[-47.04305,-23.62637],[-47.04305,-23.62624],[-47.04335,-23.62623],[-47.04335,-23.6265],[-47.0435,-23.6265],[-47.04364,-23.62609],[-47.04393,-23.62595],[-47.04393,-23.62568],[-47.04466,-23.62567],[-47.04466,-23.6254],[-47.04392,-23.62555],[-47.04392,-23.62528],[-47.04421,-23.62514],[-47.04421,-23.62487],[-47.04464,-23.62459],[-47.04464,-23.62432],[-47.04493,-23.62432],[-47.04478,-23.62364],[-47.04522,-23.62364],[-47.04594,-23.62281],[-47.04638,-23.62281],[-47.04666,-23.62199],[-47.04636,-23.62186],[-47.04636,-23.62172],[-47.04592,-23.62173],[-47.04592,-23.62146],[-47.04636,-23.62132],[-47.0465,-23.62105],[-47.04767,-23.62089],[-47.04739,-23.62144],[-47.04709,-23.62144],[-47.04694,-23.62118],[-47.04665,-23.62118],[-47.04665,-23.62145],[-47.04725,-23.62185],[-47.04725,-23.62225],[-47.04755,-23.62225],[-47.0477,-23.62252],[-47.04814,-23.62238],[-47.04829,-23.62278],[-47.04859,-23.62291],[-47.04858,-23.62278],[-47.04902,-23.62277],[-47.04916,-23.62209],[-47.04901,-23.6221],[-47.04901,-23.62183],[-47.04886,-23.62183],[-47.04886,-23.62156],[-47.04856,-23.62142],[-47.04841,-23.62075],[-47.04987,-23.62073],[-47.04987,-23.62059],[-47.05046,-23.62059],[-47.05046,-23.62045],[-47.0509,-23.62045],[-47.05133,-23.6199],[-47.05163,-23.61989],[-47.05162,-23.61976],[-47.05192,-23.61976],[-47.05191,-23.61962],[-47.05338,-23.6196],[-47.05323,-23.6192],[-47.05367,-23.61905],[-47.05367,-23.61892],[-47.05411,-23.61891],[-47.05411,-23.61878],[-47.05425,-23.61878],[-47.05426,-23.61891],[-47.05499,-23.6189],[-47.05486,-23.61972],[-47.055,-23.61971],[-47.05516,-23.62025],[-47.0556,-23.62052],[-47.05561,-23.62065],[-47.0559,-23.62065],[-47.05591,-23.6216],[-47.05562,-23.62147],[-47.0552,-23.62269],[-47.05461,-23.6227],[-47.05461,-23.62283],[-47.05417,-23.62284],[-47.05417,-23.62298],[-47.05388,-23.62298],[-47.05388,-23.62311],[-47.05358,-23.62298],[-47.05286,-23.62381],[-47.05257,-23.62394],[-47.05258,-23.62449],[-47.05228,-23.62449],[-47.05214,-23.62476],[-47.052,-23.62477],[-47.052,-23.6249]],[[-47.02865,-23.68331],[-47.02864,-23.68304],[-47.02952,-23.68302],[-47.02953,-23.68316],[-47.02997,-23.68343],[-47.02998,-23.6837],[-47.03042,-23.68396],[-47.03042,-23.68423],[-47.03087,-23.68423],[-47.03086,-23.68409],[-47.03116,-23.68422],[-47.03102,-23.6845],[-47.03087,-23.6845],[-47.03088,-23.6849],[-47.03117,-23.68503],[-47.03118,-23.68544],[-47.03162,-23.68571],[-47.03163,-23.68611],[-47.03134,-23.68625],[-47.03134,-23.68639],[-47.03061,-23.6864],[-47.0306,-23.68626],[-47.03046,-23.68626],[-47.03045,-23.68586],[-47.02986,-23.68546],[-47.02985,-23.68505],[-47.02955,-23.68492],[-47.02955,-23.68465],[-47.0291,-23.68438],[-47.0291,-23.68411],[-47.02939,-23.68397],[-47.02938,-23.68357],[-47.02924,-23.68357],[-47.02924,-23.68344],[-47.0288,-23.68358],[-47.02866,-23.68398],[-47.02822,-23.68399],[-47.02822,-23.6844],[-47.02778,-23.68454],[-47.02778,-23.68427],[-47.02763,-23.68427],[-47.02763,-23.684],[-47.02748,-23.684],[-47.02733,-23.6836],[-47.02762,-23.68346],[-47.02762,-23.68359],[-47.02791,-23.68359],[-47.02791,-23.68345],[-47.02865,-23.68331]],[[-47.02732,-23.68332],[-47.02659,-23.68333],[-47.02659,-23.68347],[-47.0263,-23.68347],[-47.0263,-23.68361],[-47.02542,-23.68362],[-47.02542,-23.68376],[-47.02512,-23.68376],[-47.02513,-23.68403],[-47.02484,-23.68417],[-47.02484,-23.68431],[-47.02455,-23.68444],[-47.02455,-23.68472],[-47.0244,-23.68472],[-47.02441,-23.68512],[-47.02383,-23.6854],[-47.02383,-23.68581],[-47.02413,-23.68594],[-47.02413,-23.68635],[-47.02443,-23.68634],[-47.02457,-23.68607],[-47.02486,-23.68607],[-47.02487,-23.6862],[-47.0256,-23.68633],[-47.02561,-23.68646],[-47.0259,-23.68659],[-47.02576,-23.687],[-47.02621,-23.68727],[-47.02622,-23.68781],[-47.02592,-23.68781],[-47.02577,-23.68754],[-47.02548,-23.68755],[-47.02534,-23.68796],[-47.02519,-23.68796],[-47.02519,-23.68823],[-47.02475,-23.68837],[-47.02447,-23.68878],[-47.02417,-23.68878],[-47.02417,-23.68865],[-47.02402,-23.68865],[-47.02386,-23.68743],[-47.024,-23.68743],[-47.024,-23.68716],[-47.02444,-23.68702],[-47.02443,-23.68675],[-47.02355,-23.68649],[-47.02341,-23.68676],[-47.02326,-23.68676],[-47.02341,-23.6873],[-47.02297,-23.68731],[-47.02297,-23.68717],[-47.02282,-23.68718],[-47.02283,-23.68731],[-47.02268,-23.68731],[-47.02269,-23.68785],[-47.02313,-23.68812],[-47.02314,-23.68839],[-47.02269,-23.6884],[-47.02255,-23.6888],[-47.02285,-23.68894],[-47.023,-23.6892],[-47.02344,-23.68933],[-47.02345,-23.68961],[-47.0236,-23.6896],[-47.02375,-23.68987],[-47.02434,-23.68986],[-47.02464,-23.69027],[-47.02567,-23.69039],[-47.02582,-23.69066],[-47.02611,-23.69079],[-47.02627,-23.69119],[-47.02671,-23.69105],[-47.0267,-23.69065],[-47.02685,-23.69064],[-47.02699,-23.69037],[-47.02758,-23.69036],[-47.02758,-23.6905],[-47.02802,-23.69049],[-47.02802,-23.69063],[-47.02862,-23.69103],[-47.02862,-23.69143],[-47.02848,-23.69144],[-47.02848,-23.69171],[-47.02804,-23.69198],[-47.0282,-23.69239],[-47.02805,-23.69239],[-47.02805,-23.69252],[-47.02717,-23.69254],[-47.02716,-23.69213],[-47.02702,-23.69213],[-47.02686,-23.69173],[-47.02642,-23.69173],[-47.02597,-23.6912],[-47.02539,-23.69121],[-47.02539,-23.69148],[-47.02583,-23.69174],[-47.02584,-23.69215],[-47.02555,-23.69229],[-47.02571,-23.6931],[-47.02512,-23.6931],[-47.02497,-23.69284],[-47.02468,-23.69284],[-47.02452,-23.69257],[-47.02438,-23.69257],[-47.02423,-23.69285],[-47.02453,-23.69298],[-47.02454,-23.69338],[-47.02439,-23.69338],[-47.02425,-23.69366],[-47.02351,-23.69367],[-47.02351,-23.6938],[-47.02322,-23.69381],[-47.02307,-23.6934],[-47.02262,-23.69327],[-47.02262,-23.69314],[-47.02232,-23.69301],[-47.02232,-23.69287],[-47.02203,-23.69287],[-47.02202,-23.6926],[-47.02188,-23.69261],[-47.02201,-23.69179],[-47.02246,-23.69206],[-47.02246,-23.69219],[-47.02305,-23.69218],[-47.02305,-23.69205],[-47.02334,-23.69191],[-47.02319,-23.69164],[-47.02216,-23.69165],[-47.02201,-23.69138],[-47.02156,-23.69139],[-47.02157,-23.69193],[-47.02113,-23.69194],[-47.02098,-23.69167],[-47.02054,-23.69154],[-47.02053,-23.69086],[-47.02067,-23.69086],[-47.02067,-23.69072],[-47.02097,-23.69072],[-47.02096,-23.69059],[-47.02155,-23.69071],[-47.02155,-23.69017],[-47.0211,-23.68991],[-47.02124,-23.6895],[-47.02154,-23.68949],[-47.02169,-23.68976],[-47.02227,-23.68976],[-47.02228,-23.6903],[-47.02258,-23.69016],[-47.02271,-23.68948],[-47.02242,-23.68948],[-47.02227,-23.68921],[-47.02212,-23.68922],[-47.02212,-23.68895],[-47.02079,-23.68896],[-47.02049,-23.68842],[-47.02005,-23.68843],[-47.0199,-23.68816],[-47.01975,-23.68816],[-47.01975,-23.68789],[-47.01945,-23.68776],[-47.01945,-23.68763],[-47.01915,-23.68763],[-47.01929,-23.68709],[-47.01958,-23.68695],[-47.01958,-23.68654],[-47.01884,-23.68641],[-47.01884,-23.68628],[-47.01825,-23.68629],[-47.0181,-23.68602],[-47.01795,-23.68602],[-47.01795,-23.68561],[-47.01765,-23.68548],[-47.01764,-23.68494],[-47.01793,-23.6848],[-47.01793,-23.68426],[-47.01836,-23.68412],[-47.01836,-23.68398],[-47.01807,-23.68399],[-47.01792,-23.68372],[-47.01777,-23.68372],[-47.01791,-23.68331],[-47.01776,-23.68331],[-47.01776,-23.68318],[-47.01732,-23.68318],[-47.01731,-23.68278],[-47.01761,-23.68277],[-47.01775,-23.68237],[-47.0176,-23.68237],[-47.01745,-23.6821],[-47.01716,-23.6821],[-47.01715,-23.68183],[-47.0173,-23.68183],[-47.01714,-23.68129],[-47.01729,-23.68129],[-47.01729,-23.68102],[-47.0164,-23.68089],[-47.0164,-23.68062],[-47.01669,-23.68062],[-47.01669,-23.68048],[-47.01699,-23.68048],[-47.01698,-23.68034],[-47.01742,-23.68034],[-47.01787,-23.68087],[-47.01817,-23.68087],[-47.01817,-23.68101],[-47.01847,-23.68114],[-47.01847,-23.68154],[-47.01862,-23.68154],[-47.01862,-23.68168],[-47.01906,-23.68167],[-47.01906,-23.68181],[-47.01936,-23.68167],[-47.01949,-23.68112],[-47.01935,-23.68113],[-47.01935,-23.68099],[-47.0189,-23.681],[-47.0189,-23.68073],[-47.01919,-23.68059],[-47.01918,-23.67977],[-47.01903,-23.67978],[-47.01888,-23.67924],[-47.01873,-23.67924],[-47.01872,-23.6787],[-47.01843,-23.6787],[-47.01843,-23.67857],[-47.01769,-23.67858],[-47.01754,-23.67831],[-47.01725,-23.67831],[-47.01709,-23.67804],[-47.01739,-23.67804],[-47.01753,-23.67776],[-47.01738,-23.67777],[-47.01738,-23.67763],[-47.01694,-23.67764],[-47.01679,-23.67737],[-47.01664,-23.67737],[-47.01663,-23.67669],[-47.01678,-23.67669],[-47.01692,-23.67601],[-47.01809,-23.676],[-47.01809,-23.67613],[-47.01854,-23.6764],[-47.01841,-23.67735],[-47.019,-23.67734],[-47.01915,-23.67761],[-47.01959,-23.6776],[-47.01944,-23.67787],[-47.01959,-23.67787],[-47.0196,-23.67869],[-47.01975,-23.67868],[-47.01975,-23.67882],[-47.02005,-23.67882],[-47.02004,-23.67854],[-47.02034,-23.67841],[-47.02032,-23.67746],[-47.02003,-23.67746],[-47.02002,-23.67719],[-47.01988,-23.67719],[-47.01987,-23.67692],[-47.02002,-23.67692],[-47.01986,-23.67638],[-47.02016,-23.67624],[-47.02015,-23.67583],[-47.02,-23.67584],[-47.02,-23.6757],[-47.02015,-23.6757],[-47.02014,-23.67543],[-47.02044,-23.67542],[-47.02043,-23.67515],[-47.02118,-23.67569],[-47.02118,-23.67596],[-47.02133,-23.67595],[-47.02148,-23.67622],[-47.02177,-23.67622],[-47.02192,-23.67595],[-47.02324,-23.67593],[-47.0231,-23.67634],[-47.0228,-23.67634],[-47.02281,-23.67648],[-47.02339,-23.67647],[-47.0234,-23.6766],[-47.02325,-23.67661],[-47.02311,-23.67742],[-47.02282,-23.67756],[-47.02283,-23.67824],[-47.02269,-23.67824],[-47.02269,-23.67851],[-47.02254,-23.67851],[-47.02255,-23.67878],[-47.02284,-23.67878],[-47.02285,-23.67905],[-47.02226,-23.67919],[-47.02197,-23.6796],[-47.02124,-23.67961],[-47.02125,-23.6807],[-47.02169,-23.68069],[-47.02169,-23.68055],[-47.02214,-23.68068],[-47.02213,-23.68055],[-47.02228,-23.68055],[-47.02228,-23.68068],[-47.02288,-23.68108],[-47.02289,-23.68176],[-47.02274,-23.68176],[-47.02274,-23.68203],[-47.02245,-23.68203],[-47.02245,-23.68217],[-47.02201,-23.68204],[-47.02186,-23.68177],[-47.02171,-23.68177],[-47.02156,-23.68137],[-47.02097,-23.68138],[-47.02097,-23.68124],[-47.02067,-23.68124],[-47.02067,-23.68111],[-47.02023,-23.68112],[-47.02009,-23.68139],[-47.02038,-23.68138],[-47.02053,-23.68165],[-47.02112,-23.68165],[-47.02112,-23.68192],[-47.02202,-23.68245],[-47.02202,-23.68299],[-47.02217,-23.68299],[-47.02217,-23.68312],[-47.02276,-23.68298],[-47.0229,-23.68257],[-47.02349,-23.68243],[-47.02333,-23.68202],[-47.02377,-23.68202],[-47.02377,-23.68175],[-47.02421,-23.68174],[-47.02421,-23.68147],[-47.02479,-23.68146],[-47.0248,-23.6816],[-47.02509,-23.68159],[-47.02509,-23.68173],[-47.02597,-23.68158],[-47.02597,-23.68145],[-47.02759,-23.68156],[-47.02759,-23.6817],[-47.02803,-23.68183],[-47.0279,-23.68264],[-47.02805,-23.68264],[-47.02805,-23.68304],[-47.02791,-23.68305],[-47.02776,-23.68332],[-47.02732,-23.68346],[-47.02732,-23.68332]],[[-47.02448,-23.6709],[-47.02478,-23.6709],[-47.02479,-23.67171],[-47.02509,-23.67184],[-47.02509,-23.67198],[-47.02538,-23.67197],[-47.02538,-23.67211],[-47.02582,-23.67183],[-47.02582,-23.67156],[-47.02641,-23.67169],[-47.02641,-23.67196],[-47.02597,-23.6721],[-47.02598,-23.67224],[-47.02803,-23.67221],[-47.02803,-23.67194],[-47.02788,-23.67194],[-47.02773,-23.67167],[-47.02788,-23.67167],[-47.02788,-23.67153],[-47.02846,-23.67153],[-47.02846,-23.67099],[-47.02875,-23.67098],[-47.0289,-23.67139],[-47.02934,-23.67111],[-47.02934,-23.67097],[-47.02963,-23.67097],[-47.02963,-23.67111],[-47.02978,-23.6711],[-47.02978,-23.67097],[-47.03037,-23.67096],[-47.03037,-23.6711],[-47.03213,-23.67107],[-47.03213,-23.67094],[-47.03228,-23.67094],[-47.03212,-23.67053],[-47.03169,-23.67067],[-47.03168,-23.67054],[-47.03139,-23.67054],[-47.03139,-23.67041],[-47.03388,-23.67024],[-47.03419,-23.67118],[-47.0339,-23.67132],[-47.0339,-23.67146],[-47.03361,-23.67146],[-47.03361,-23.6716],[-47.03332,-23.6716],[-47.03332,-23.67173],[-47.03259,-23.67188],[-47.03259,-23.67242],[-47.03289,-23.67242],[-47.0326,-23.67283],[-47.03172,-23.6727],[-47.03171,-23.6723],[-47.03186,-23.6723],[-47.03186,-23.67216],[-47.03156,-23.67216],[-47.03156,-23.6723],[-47.03068,-23.67245],[-47.03069,-23.67258],[-47.03039,-23.67259],[-47.03039,-23.67272],[-47.03025,-23.67272],[-47.03024,-23.67245],[-47.0301,-23.67245],[-47.0301,-23.67286],[-47.02922,-23.67301],[-47.02893,-23.67342],[-47.0282,-23.67343],[-47.02806,-23.67383],[-47.02762,-23.67411],[-47.02762,-23.67425],[-47.02351,-23.6743],[-47.02351,-23.67444],[-47.02395,-23.67457],[-47.02396,-23.67497],[-47.02411,-23.67497],[-47.02411,-23.67511],[-47.02455,-23.67496],[-47.02454,-23.67483],[-47.02499,-23.67482],[-47.02499,-23.67496],[-47.02528,-23.67495],[-47.02528,-23.67509],[-47.02558,-23.67509],[-47.02587,-23.67468],[-47.02631,-23.67467],[-47.02631,-23.67508],[-47.02617,-23.67508],[-47.02617,-23.67521],[-47.02573,-23.67522],[-47.02573,-23.67536],[-47.02529,-23.6755],[-47.02529,-23.67563],[-47.02456,-23.67564],[-47.02456,-23.67551],[-47.02382,-23.67552],[-47.02382,-23.67524],[-47.02322,-23.67485],[-47.02292,-23.67444],[-47.02145,-23.67446],[-47.02145,-23.67419],[-47.02203,-23.67378],[-47.02202,-23.67324],[-47.02158,-23.67311],[-47.02157,-23.67243],[-47.02186,-23.67243],[-47.02201,-23.6727],[-47.02231,-23.67269],[-47.0223,-23.67215],[-47.02244,-23.67215],[-47.02244,-23.67188],[-47.02273,-23.67174],[-47.02287,-23.67133],[-47.02449,-23.67104],[-47.02448,-23.6709]],[[-47.01756,-23.6607],[-47.01786,-23.66083],[-47.01772,-23.6611],[-47.01683,-23.66098],[-47.01669,-23.66125],[-47.01787,-23.66124],[-47.01787,-23.66151],[-47.01831,-23.6615],[-47.01846,-23.66177],[-47.01861,-23.66177],[-47.01862,-23.66245],[-47.01877,-23.66244],[-47.01908,-23.66366],[-47.01879,-23.66366],[-47.01863,-23.66339],[-47.01819,-23.6634],[-47.01819,-23.66313],[-47.01731,-23.66328],[-47.01717,-23.66368],[-47.01776,-23.66368],[-47.01776,-23.66395],[-47.0182,-23.66408],[-47.01821,-23.66421],[-47.01938,-23.6642],[-47.01954,-23.6646],[-47.01939,-23.6646],[-47.01939,-23.66501],[-47.01925,-23.66501],[-47.01925,-23.66515],[-47.0194,-23.66515],[-47.0194,-23.66542],[-47.01969,-23.66541],[-47.01971,-23.6665],[-47.01942,-23.66663],[-47.01942,-23.66677],[-47.01957,-23.66677],[-47.01958,-23.66731],[-47.02016,-23.6673],[-47.02016,-23.66703],[-47.0206,-23.66703],[-47.02061,-23.6673],[-47.02119,-23.66729],[-47.02119,-23.66715],[-47.02163,-23.66701],[-47.02163,-23.66688],[-47.02192,-23.66687],[-47.02221,-23.66646],[-47.0225,-23.66646],[-47.0225,-23.66605],[-47.02294,-23.66605],[-47.02306,-23.66456],[-47.02321,-23.66455],[-47.02321,-23.66482],[-47.02366,-23.66482],[-47.02366,-23.66509],[-47.0241,-23.66535],[-47.02397,-23.66617],[-47.02382,-23.66617],[-47.02383,-23.66644],[-47.02354,-23.66658],[-47.02354,-23.66685],[-47.02383,-23.66685],[-47.02384,-23.66698],[-47.02428,-23.66711],[-47.02428,-23.66725],[-47.02546,-23.66723],[-47.02545,-23.66696],[-47.02574,-23.66682],[-47.02574,-23.66655],[-47.02618,-23.66668],[-47.02619,-23.66722],[-47.02604,-23.66723],[-47.02605,-23.6675],[-47.0259,-23.6675],[-47.02591,-23.66777],[-47.02576,-23.66777],[-47.02577,-23.66831],[-47.02548,-23.66845],[-47.02548,-23.66886],[-47.02563,-23.66886],[-47.02549,-23.66953],[-47.02476,-23.66954],[-47.02476,-23.66982],[-47.02432,-23.66982],[-47.02418,-23.67023],[-47.0236,-23.67064],[-47.0236,-23.67091],[-47.02316,-23.67092],[-47.02315,-23.67051],[-47.02286,-23.67052],[-47.02286,-23.67065],[-47.02242,-23.67066],[-47.02213,-23.67107],[-47.02155,-23.67108],[-47.02155,-23.67135],[-47.0214,-23.67135],[-47.02126,-23.67162],[-47.02097,-23.67163],[-47.02096,-23.67149],[-47.02082,-23.67149],[-47.0208,-23.67054],[-47.02051,-23.67041],[-47.0205,-23.67028],[-47.02007,-23.67042],[-47.02007,-23.67069],[-47.01963,-23.67056],[-47.01962,-23.67042],[-47.01977,-23.67042],[-47.01962,-23.67015],[-47.01977,-23.67015],[-47.01976,-23.66975],[-47.01991,-23.66974],[-47.0199,-23.66947],[-47.0202,-23.66933],[-47.02019,-23.66906],[-47.02034,-23.66906],[-47.02033,-23.66852],[-47.02018,-23.66852],[-47.02018,-23.66839],[-47.01959,-23.66839],[-47.0196,-23.66853],[-47.01945,-23.66853],[-47.01945,-23.66839],[-47.01886,-23.66827],[-47.01885,-23.66813],[-47.01827,-23.66814],[-47.01826,-23.668],[-47.01797,-23.66801],[-47.01797,-23.66787],[-47.01767,-23.66788],[-47.01767,-23.66774],[-47.01679,-23.66775],[-47.01693,-23.66707],[-47.01678,-23.66708],[-47.01678,-23.6668],[-47.01663,-23.66681],[-47.01662,-23.66613],[-47.01647,-23.66613],[-47.01616,-23.66492],[-47.01601,-23.66492],[-47.016,-23.66438],[-47.01586,-23.66438],[-47.01585,-23.66384],[-47.0157,-23.66384],[-47.01539,-23.66262],[-47.01509,-23.66249],[-47.01508,-23.66182],[-47.01523,-23.66181],[-47.01522,-23.66154],[-47.01566,-23.6614],[-47.01566,-23.66127],[-47.01551,-23.66127],[-47.01566,-23.661],[-47.01551,-23.661],[-47.01551,-23.66086],[-47.0158,-23.66086],[-47.01594,-23.66059],[-47.01756,-23.66056],[-47.01756,-23.6607]],[[-47.00233,-23.64505],[-47.00277,-23.64505],[-47.00292,-23.64545],[-47.00307,-23.64545],[-47.00307,-23.64572],[-47.00322,-23.64572],[-47.00308,-23.64613],[-47.00367,-23.64652],[-47.00369,-23.64747],[-47.00398,-23.64747],[-47.00399,-23.64815],[-47.00429,-23.64828],[-47.00429,-23.64855],[-47.00415,-23.64855],[-47.00416,-23.64936],[-47.00431,-23.64936],[-47.00431,-23.64963],[-47.00446,-23.64963],[-47.00432,-23.65058],[-47.00477,-23.65084],[-47.00478,-23.65152],[-47.00463,-23.65152],[-47.00463,-23.65166],[-47.00449,-23.65166],[-47.00448,-23.65125],[-47.00419,-23.65112],[-47.00418,-23.65085],[-47.00374,-23.65072],[-47.0039,-23.6514],[-47.00345,-23.6514],[-47.0033,-23.65113],[-47.00301,-23.65114],[-47.00302,-23.65154],[-47.00258,-23.65168],[-47.00273,-23.65195],[-47.00287,-23.65195],[-47.00302,-23.65168],[-47.00331,-23.65168],[-47.00332,-23.65249],[-47.00362,-23.65262],[-47.00363,-23.6533],[-47.00348,-23.6533],[-47.00334,-23.65384],[-47.00305,-23.65398],[-47.00306,-23.65439],[-47.00247,-23.65439],[-47.00247,-23.65426],[-47.00218,-23.65426],[-47.00202,-23.65399],[-47.00188,-23.654],[-47.00187,-23.65359],[-47.00143,-23.65332],[-47.00142,-23.65305],[-47.00127,-23.65306],[-47.00112,-23.65265],[-47.00097,-23.65265],[-47.00096,-23.65184],[-46.99992,-23.65104],[-46.99988,-23.64806],[-47.00017,-23.64792],[-47.0,-23.64644],[-47.00044,-23.64643],[-47.00044,-23.6463],[-47.00073,-23.64616],[-47.00072,-23.64589],[-47.00058,-23.64589],[-47.00042,-23.64535],[-47.00028,-23.64535],[-47.00027,-23.64494],[-47.00042,-23.64494],[-47.00041,-23.64481],[-47.001,-23.6448],[-47.00129,-23.64439],[-47.00158,-23.64438],[-47.00158,-23.64425],[-47.00232,-23.64424],[-47.00232,-23.64437],[-47.00247,-23.64437],[-47.00247,-23.64478],[-47.00232,-23.64478],[-47.00233,-23.64505]],[[-47.03149,-23.63885],[-47.03163,-23.63885],[-47.03165,-23.63979],[-47.03136,-23.63993],[-47.03137,-23.64048],[-47.03166,-23.64061],[-47.03168,-23.6421],[-47.03154,-23.6421],[-47.03154,-23.64237],[-47.0314,-23.64237],[-47.0314,-23.64278],[-47.03067,-23.64279],[-47.03067,-23.64292],[-47.02979,-23.64293],[-47.02979,-23.64307],[-47.02949,-23.64307],[-47.02949,-23.64294],[-47.0292,-23.64294],[-47.0292,-23.64281],[-47.02846,-23.64282],[-47.02832,-23.64309],[-47.02817,-23.64309],[-47.02817,-23.64296],[-47.02788,-23.64296],[-47.02758,-23.64256],[-47.02743,-23.64256],[-47.02756,-23.64174],[-47.02727,-23.64161],[-47.02727,-23.64148],[-47.02682,-23.64148],[-47.02682,-23.64094],[-47.02667,-23.64094],[-47.02681,-23.64026],[-47.02636,-23.64],[-47.02636,-23.63986],[-47.02592,-23.63987],[-47.02576,-23.63933],[-47.02532,-23.63907],[-47.02546,-23.63879],[-47.0259,-23.63879],[-47.0259,-23.63852],[-47.0256,-23.63838],[-47.0256,-23.63825],[-47.02575,-23.63825],[-47.02574,-23.63784],[-47.02589,-23.63784],[-47.02603,-23.63743],[-47.02558,-23.63717],[-47.02558,-23.63689],[-47.02514,-23.6369],[-47.02499,-23.63717],[-47.02441,-23.63718],[-47.0244,-23.63691],[-47.02425,-23.63691],[-47.02425,-23.63678],[-47.02454,-23.63664],[-47.02469,-23.63623],[-47.02513,-23.63622],[-47.02512,-23.63609],[-47.02527,-23.63609],[-47.02527,-23.63582],[-47.02482,-23.63569],[-47.02468,-23.63596],[-47.02424,-23.63596],[-47.02424,-23.6361],[-47.0241,-23.6361],[-47.02409,-23.63583],[-47.0238,-23.63597],[-47.02365,-23.6357],[-47.0235,-23.6357],[-47.0235,-23.63543],[-47.02321,-23.63557],[-47.02336,-23.63584],[-47.0235,-23.63584],[-47.02351,-23.63638],[-47.02366,-23.63638],[-47.02366,-23.63624],[-47.0241,-23.63624],[-47.0241,-23.63664],[-47.02352,-23.63706],[-47.02353,-23.63733],[-47.02367,-23.63733],[-47.02368,-23.6376],[-47.02427,-23.63759],[-47.02427,-23.63772],[-47.02441,-23.63772],[-47.02428,-23.6384],[-47.02472,-23.63853],[-47.02472,-23.6388],[-47.02487,-23.6388],[-47.02473,-23.63907],[-47.02385,-23.63908],[-47.02385,-23.63895],[-47.0237,-23.63895],[-47.02369,-23.63841],[-47.0231,-23.63855],[-47.02311,-23.63869],[-47.02267,-23.63869],[-47.02251,-23.63829],[-47.02207,-23.63802],[-47.02206,-23.63775],[-47.02177,-23.63762],[-47.02176,-23.63749],[-47.02147,-23.63749],[-47.02147,-23.63722],[-47.02191,-23.63721],[-47.02191,-23.63735],[-47.02235,-23.63734],[-47.02235,-23.63748],[-47.0225,-23.63748],[-47.02263,-23.63666],[-47.02175,-23.63654],[-47.02161,-23.63681],[-47.02131,-23.63682],[-47.02116,-23.63655],[-47.02102,-23.63655],[-47.02086,-23.63601],[-47.02071,-23.63601],[-47.02071,-23.63574],[-47.02041,-23.63561],[-47.02026,-23.63507],[-47.01981,-23.6348],[-47.01981,-23.6344],[-47.02113,-23.63438],[-47.02127,-23.63397],[-47.02171,-23.6337],[-47.0217,-23.63356],[-47.02214,-23.63342],[-47.02214,-23.63328],[-47.02244,-23.63328],[-47.02243,-23.63314],[-47.02273,-23.63314],[-47.02273,-23.63355],[-47.02317,-23.63354],[-47.02332,-23.63327],[-47.02361,-23.63326],[-47.02361,-23.63313],[-47.02376,-23.63313],[-47.02376,-23.63326],[-47.0242,-23.63326],[-47.0242,-23.63339],[-47.02464,-23.63339],[-47.02464,-23.63352],[-47.02494,-23.63352],[-47.02509,-23.63379],[-47.02435,-23.6338],[-47.02436,-23.6342],[-47.02451,-23.6342],[-47.02452,-23.63474],[-47.02466,-23.63474],[-47.02466,-23.63488],[-47.02525,-23.63487],[-47.02525,-23.635],[-47.02599,-23.63513],[-47.02613,-23.63486],[-47.02643,-23.63499],[-47.02686,-23.63444],[-47.02745,-23.6343],[-47.02731,-23.63484],[-47.02716,-23.63484],[-47.02717,-23.63538],[-47.02673,-23.63553],[-47.02673,-23.63566],[-47.02644,-23.63553],[-47.02644,-23.63594],[-47.02718,-23.63593],[-47.02719,-23.6366],[-47.02748,-23.6366],[-47.02761,-23.63551],[-47.02776,-23.63551],[-47.02776,-23.63524],[-47.0279,-23.63524],[-47.02789,-23.63443],[-47.02863,-23.63442],[-47.02862,-23.63428],[-47.02892,-23.63428],[-47.02892,-23.63441],[-47.02907,-23.63441],[-47.02907,-23.63428],[-47.02921,-23.63427],[-47.02921,-23.63441],[-47.03054,-23.63439],[-47.03054,-23.63453],[-47.03083,-23.63452],[-47.03084,-23.63466],[-47.03128,-23.63465],[-47.03129,-23.63547],[-47.03114,-23.63547],[-47.031,-23.63588],[-47.0313,-23.63601],[-47.03145,-23.63668],[-47.0319,-23.63681],[-47.03176,-23.63749],[-47.03147,-23.63763],[-47.03147,-23.6379],[-47.03133,-23.6379],[-47.03133,-23.63817],[-47.03118,-23.63818],[-47.03133,-23.63844],[-47.03163,-23.63844],[-47.03163,-23.63871],[-47.03149,-23.63871],[-47.03149,-23.63885]],[[-47.0297,-23.59892],[-47.02895,-23.59893],[-47.03078,-23.59742],[-47.03112,-23.59619],[-47.03156,-23.59605],[-47.03156,-23.59592],[-47.03185,-23.59591],[-47.03243,-23.59523],[-47.03287,-23.59509],[-47.03301,-23.59481],[-47.0336,-23.59481],[-47.03375,-23.59508],[-47.03405,-23.59521],[-47.0342,-23.59575],[-47.03435,-23.59574],[-47.03421,-23.59615],[-47.03377,-23.59629],[-47.03363,-23.59657],[-47.03304,-23.59657],[-47.03275,-23.59698],[-47.03231,-23.59699],[-47.03217,-23.59726],[-47.03173,-23.59754],[-47.03174,-23.59781],[-47.03144,-23.59781],[-47.0313,-23.59809],[-47.03115,-23.59809],[-47.03116,-23.59836],[-47.03072,-23.59837],[-47.03072,-23.59877],[-47.03028,-23.59878],[-47.03014,-23.59905],[-47.0297,-23.59906],[-47.0297,-23.59892]]],[[[-47.03148,-23.63858],[-47.03134,-23.63858],[-47.03134,-23.63872],[-47.03149,-23.63871],[-47.03148,-23.63858]]],[[[-47.02379,-23.63543],[-47.02379,-23.63516],[-47.02349,-23.63516],[-47.0235,-23.63543],[-47.02379,-23.63543]]],[[[-47.04308,-23.62827],[-47.04397,-23.62839],[-47.04397,-23.62866],[-47.04441,-23.62866],[-47.04441,-23.62852],[-47.04456,-23.62852],[-47.04457,-23.62906],[-47.0453,-23.62905],[-47.0453,-23.62919],[-47.0456,-23.62918],[-47.04573,-23.6285],[-47.04559,-23.62851],[-47.04559,-23.62864],[-47.045,-23.62865],[-47.04499,-23.62797],[-47.04484,-23.62797],[-47.04484,-23.6277],[-47.04469,-23.62771],[-47.04468,-23.62716],[-47.04439,-23.62703],[-47.04438,-23.62676],[-47.0435,-23.62677],[-47.0435,-23.62691],[-47.04321,-23.62691],[-47.04306,-23.62664],[-47.04291,-23.62665],[-47.04291,-23.62678],[-47.04262,-23.62678],[-47.04262,-23.62706],[-47.04321,-23.62705],[-47.04322,-23.62732],[-47.04307,-23.62732],[-47.04307,-23.62746],[-47.04322,-23.62745],[-47.04308,-23.62827]]],[[[-47.05125,-23.62383],[-47.05168,-23.62369],[-47.05168,-23.62314],[-47.05153,-23.62315],[-47.05139,-23.62355],[-47.05109,-23.62356],[-47.05094,-23.62329],[-47.0508,-23.62329],[-47.0508,-23.62356],[-47.05051,-23.62357],[-47.05036,-23.62384],[-47.04993,-23.62398],[-47.04993,-23.62425],[-47.05023,-23.62438],[-47.05023,-23.62465],[-47.05053,-23.62478],[-47.05053,-23.62506],[-47.05082,-23.62505],[-47.05097,-23.62532],[-47.05112,-23.62532],[-47.05112,-23.62518],[-47.05171,-23.62518],[-47.0517,-23.6249],[-47.05185,-23.6249],[-47.05199,-23.62449],[-47.05214,-23.62449],[-47.05214,-23.62436],[-47.05199,-23.62436],[-47.05199,-23.62422],[-47.05169,-23.62423],[-47.05154,-23.62396],[-47.05125,-23.62396],[-47.05125,-23.62383]]],[[[-47.03377,-23.60591],[-47.03407,-23.60591],[-47.03422,-23.60617],[-47.03436,-23.60617],[-47.03437,-23.60644],[-47.03584,-23.60642],[-47.03568,-23.60602],[-47.03525,-23.60616],[-47.03524,-23.60603],[-47.0351,-23.60603],[-47.03538,-23.60548],[-47.03494,-23.60522],[-47.03493,-23.60481],[-47.0342,-23.60482],[-47.0342,-23.60496],[-47.0339,-23.60496],[-47.03391,-23.60537],[-47.03406,-23.60536],[-47.03406,-23.6055],[-47.03391,-23.6055],[-47.03391,-23.60564],[-47.03318,-23.60551],[-47.03332,-23.6051],[-47.03317,-23.6051],[-47.03317,-23.60483],[-47.03331,-23.60483],[-47.03346,-23.60456],[-47.03316,-23.60456],[-47.03273,-23.60511],[-47.03229,-23.60525],[-47.03245,-23.60566],[-47.03289,-23.60565],[-47.03304,-23.60592],[-47.03377,-23.60577],[-47.03377,-23.60591]]],[[[-47.01723,-23.60044],[-47.01693,-23.60044],[-47.01694,-23.60058],[-47.01649,-23.60045],[-47.0165,-23.60058],[-47.01635,-23.60058],[-47.01636,-23.60113],[-47.0168,-23.60126],[-47.0168,-23.60139],[-47.01724,-23.60125],[-47.01724,-23.60111],[-47.01798,-23.60124],[-47.01798,-23.60151],[-47.01857,-23.60191],[-47.01843,-23.60232],[-47.01858,-23.60232],[-47.01858,-23.60245],[-47.01902,-23.60245],[-47.01902,-23.60231],[-47.01932,-23.60244],[-47.01932,-23.60298],[-47.01976,-23.60284],[-47.01991,-23.60257],[-47.02063,-23.60202],[-47.02048,-23.60161],[-47.02033,-23.60162],[-47.02033,-23.60134],[-47.02106,-23.60147],[-47.02121,-23.6012],[-47.02194,-23.60119],[-47.02194,-23.60105],[-47.02179,-23.60105],[-47.02179,-23.60051],[-47.02164,-23.60052],[-47.02149,-23.60025],[-47.02066,-23.60028],[-47.02005,-23.59966],[-47.01998,-23.59918],[-47.01956,-23.59946],[-47.01957,-23.59959],[-47.01927,-23.5996],[-47.01913,-23.59987],[-47.01884,-23.59987],[-47.01855,-23.60042],[-47.01782,-23.60043],[-47.01781,-23.60029],[-47.01767,-23.6003],[-47.01766,-23.60016],[-47.01752,-23.60016],[-47.01752,-23.6003],[-47.01723,-23.6003],[-47.01723,-23.60044]]],[[[-47.00112,-23.62367],[-47.00127,-23.62367],[-47.00127,-23.62353],[-47.00112,-23.62353],[-47.00112,-23.62367]]],[[[-47.00079,-23.6211],[-47.00108,-23.62123],[-47.00087,-23.6169],[-47.00145,-23.61649],[-47.00144,-23.61567],[-47.00115,-23.61554],[-47.00114,-23.61541],[-47.00129,-23.61541],[-47.00129,-23.61513],[-47.00158,-23.61513],[-47.00158,-23.615],[-47.00187,-23.61499],[-47.00201,-23.61472],[-47.00231,-23.61472],[-47.0023,-23.61431],[-47.00201,-23.61418],[-47.002,-23.61391],[-47.00141,-23.61391],[-47.00126,-23.61365],[-47.00082,-23.61365],[-47.00081,-23.61257],[-47.00095,-23.61257],[-47.00095,-23.6123],[-47.0011,-23.61229],[-47.00109,-23.61189],[-47.00079,-23.61176],[-47.00079,-23.61121],[-47.00093,-23.61121],[-47.00092,-23.61067],[-47.00107,-23.61067],[-47.00091,-23.60986],[-47.00135,-23.60958],[-47.00134,-23.60931],[-47.0012,-23.60931],[-47.00105,-23.60904],[-47.00046,-23.60905],[-47.00046,-23.60892],[-47.00031,-23.60892],[-47.00031,-23.60865],[-47.0006,-23.60851],[-47.0006,-23.60837],[-47.0003,-23.60838],[-47.0003,-23.60851],[-47.00001,-23.60865],[-46.99999,-23.60736],[-46.99686,-23.61197],[-46.99728,-23.61768],[-46.99649,-23.62367],[-46.99683,-23.62638],[-46.99904,-23.6276],[-46.99993,-23.63203],[-47.0,-23.6272],[-47.00088,-23.62706],[-47.00088,-23.62692],[-47.00147,-23.62692],[-47.00147,-23.62705],[-47.00161,-23.62705],[-47.00161,-23.62691],[-47.00176,-23.62691],[-47.00159,-23.62556],[-47.00144,-23.62556],[-47.00145,-23.62624],[-46.99998,-23.62612],[-46.99994,-23.62328],[-47.00009,-23.62328],[-47.00008,-23.62287],[-47.00023,-23.62287],[-47.00023,-23.62327],[-47.00067,-23.62327],[-47.00068,-23.62354],[-47.00112,-23.62353],[-47.00109,-23.62164],[-46.99992,-23.62179],[-46.99991,-23.62111],[-47.0002,-23.62124],[-47.00049,-23.6207],[-47.00078,-23.62069],[-47.00079,-23.6211]]],[[[-47.00567,-23.61332],[-47.00566,-23.61305],[-47.00522,-23.61305],[-47.00538,-23.61346],[-47.00552,-23.61345],[-47.00539,-23.61413],[-47.00524,-23.61414],[-47.00524,-23.61441],[-47.0048,-23.61441],[-47.0048,-23.61455],[-47.00451,-23.61469],[-47.00452,-23.61509],[-47.00496,-23.61536],[-47.00497,-23.61563],[-47.00526,-23.61563],[-47.00527,-23.61617],[-47.00542,-23.61616],[-47.00542,-23.6163],[-47.00601,-23.61629],[-47.00629,-23.61588],[-47.00702,-23.61533],[-47.00701,-23.61493],[-47.00687,-23.61493],[-47.00657,-23.61452],[-47.00627,-23.61453],[-47.00642,-23.61426],[-47.00656,-23.61425],[-47.00656,-23.61412],[-47.00612,-23.61385],[-47.00611,-23.61358],[-47.00567,-23.61332]]],[[[-47.00671,-23.61452],[-47.00671,-23.61439],[-47.00657,-23.61439],[-47.00657,-23.61452],[-47.00671,-23.61452]]],[[[-47.00162,-23.60795],[-47.00118,-23.60796],[-47.00119,-23.6085],[-47.00177,-23.60836],[-47.00177,-23.60849],[-47.00207,-23.60862],[-47.00208,-23.60903],[-47.00222,-23.60903],[-47.00222,-23.60916],[-47.00266,-23.60902],[-47.00251,-23.60848],[-47.00339,-23.60847],[-47.00339,-23.60834],[-47.00368,-23.60833],[-47.00368,-23.6082],[-47.00397,-23.60819],[-47.00397,-23.60792],[-47.00412,-23.60792],[-47.00412,-23.60806],[-47.00456,-23.60805],[-47.00455,-23.60778],[-47.00411,-23.60778],[-47.00425,-23.60711],[-47.00396,-23.60711],[-47.00366,-23.60671],[-47.00336,-23.60671],[-47.00321,-23.60644],[-47.00306,-23.60644],[-47.00306,-23.60617],[-47.00291,-23.60618],[-47.00291,-23.60604],[-47.00321,-23.60604],[-47.00321,-23.60617],[-47.0035,-23.60617],[-47.0035,-23.6059],[-47.00408,-23.60548],[-47.00407,-23.60521],[-47.00393,-23.60514],[-47.00251,-23.60563],[-47.00053,-23.60688],[-47.00145,-23.60687],[-47.00146,-23.60714],[-47.00161,-23.60714],[-47.00162,-23.60795]]],[[[-47.01686,-23.60532],[-47.01701,-23.60532],[-47.01701,-23.60518],[-47.01686,-23.60518],[-47.01686,-23.60532]]],[[[-47.01683,-23.60315],[-47.01624,-23.60316],[-47.01609,-23.60275],[-47.01564,-23.60249],[-47.01549,-23.60208],[-47.01402,-23.6021],[-47.01387,-23.60184],[-47.01358,-23.60184],[-47.01342,-23.60157],[-47.01313,-23.60144],[-47.01312,-23.60117],[-47.01327,-23.60117],[-47.01341,-23.60089],[-47.01327,-23.60089],[-47.01326,-23.60062],[-47.01312,-23.60063],[-47.01311,-23.60036],[-47.01267,-23.60009],[-47.01252,-23.59982],[-47.01208,-23.59983],[-47.01207,-23.59969],[-47.01193,-23.59969],[-47.01194,-23.60051],[-47.01209,-23.6005],[-47.01209,-23.60091],[-47.01195,-23.60091],[-47.01195,-23.60105],[-47.01165,-23.60105],[-47.01166,-23.60119],[-47.01092,-23.6012],[-47.01092,-23.60106],[-47.01077,-23.60106],[-47.01076,-23.60039],[-47.01061,-23.60039],[-47.01061,-23.60025],[-47.01002,-23.60026],[-47.01002,-23.60012],[-47.00988,-23.60013],[-47.00987,-23.59977],[-47.0106,-23.59957],[-47.01149,-23.5997],[-47.01148,-23.59956],[-47.01119,-23.59957],[-47.01112,-23.59943],[-47.01411,-23.59862],[-47.01412,-23.59899],[-47.01471,-23.59898],[-47.01471,-23.59912],[-47.01501,-23.59925],[-47.01486,-23.59966],[-47.01457,-23.59979],[-47.01458,-23.6002],[-47.01502,-23.60019],[-47.01502,-23.60006],[-47.01517,-23.60006],[-47.01517,-23.60019],[-47.01546,-23.60019],[-47.01547,-23.60046],[-47.01561,-23.60046],[-47.01561,-23.60019],[-47.01575,-23.60019],[-47.01575,-23.60005],[-47.01561,-23.60005],[-47.0156,-23.59937],[-47.01574,-23.59937],[-47.01574,-23.59924],[-47.01618,-23.59923],[-47.01632,-23.59896],[-47.01647,-23.59896],[-47.01647,-23.59869],[-47.0172,-23.59863],[-47.01995,-23.59901],[-47.01981,-23.59512],[-47.01843,-23.59463],[-47.01666,-23.59495],[-47.01451,-23.59638],[-47.01344,-23.59805],[-47.01168,-23.59883],[-47.01056,-23.59903],[-47.00923,-23.59799],[-47.00808,-23.59812],[-47.00747,-23.59865],[-47.00747,-23.60063],[-47.0072,-23.60233],[-47.00741,-23.6026],[-47.00727,-23.6026],[-47.00727,-23.603],[-47.00742,-23.603],[-47.00756,-23.60259],[-47.00771,-23.60259],[-47.00771,-23.60273],[-47.00815,-23.60272],[-47.00831,-23.6034],[-47.00846,-23.60339],[-47.00846,-23.60367],[-47.00861,-23.60366],[-47.00861,-23.60407],[-47.00891,-23.60407],[-47.00904,-23.60325],[-47.00948,-23.60325],[-47.00993,-23.60378],[-47.01023,-23.60378],[-47.01022,-23.60364],[-47.0111,-23.6035],[-47.01139,-23.60309],[-47.01183,-23.60308],[-47.01183,-23.60322],[-47.01198,-23.60321],[-47.01198,-23.60308],[-47.01213,-23.60308],[-47.01213,-23.60321],[-47.01242,-23.60321],[-47.01243,-23.60375],[-47.01273,-23.60388],[-47.01273,-23.60429],[-47.01288,-23.60429],[-47.01304,-23.60523],[-47.01289,-23.60523],[-47.01289,-23.60537],[-47.01334,-23.6055],[-47.01334,-23.60536],[-47.01378,-23.60536],[-47.01378,-23.60563],[-47.01408,-23.60576],[-47.01408,-23.6059],[-47.01555,-23.60588],[-47.01569,-23.6056],[-47.01672,-23.60559],[-47.01671,-23.60518],[-47.01686,-23.60518],[-47.01686,-23.60505],[-47.017,-23.60504],[-47.017,-23.6045],[-47.01714,-23.6045],[-47.01714,-23.60437],[-47.01744,-23.60436],[-47.01743,-23.60409],[-47.01772,-23.60395],[-47.01772,-23.60355],[-47.01698,-23.60356],[-47.01683,-23.60315]],[[-47.01485,-23.59842],[-47.01515,-23.59834],[-47.01573,-23.59842],[-47.01544,-23.59856],[-47.01544,-23.5987],[-47.01529,-23.5987],[-47.01529,-23.59857],[-47.01485,-23.59857],[-47.01485,-23.59842]]]]}},{"type":"Feature","properties":{"zona":"ZOC","nome":"Zona de Ocupação Consolidada","area_km2":31.03,"pct_apa":3.3},"bbox":[-47.33426,-23.72786,-46.99988,-23.56115],"geometry":{"type":"MultiPolygon","coordinates":[[[[-47.17463,-23.72588],[-47.17449,-23.72615],[-47.17478,-23.72615],[-47.17478,-23.72574],[-47.17434,-23.72575],[-47.17434,-23.72588],[-47.17463,-23.72588]]],[[[-47.17371,-23.72345],[-47.17371,-23.72359],[-47.17254,-23.72361],[-47.17254,-23.72374],[-47.17136,-23.72376],[-47.17136,-23.72362],[-47.17077,-23.72363],[-47.17062,-23.72323],[-47.17017,-23.7231],[-47.17018,-23.72377],[-47.17004,-23.72378],[-47.17004,-23.72405],[-47.17019,-23.72405],[-47.17019,-23.72418],[-47.17004,-23.72418],[-47.17005,-23.72459],[-47.1708,-23.72512],[-47.1708,-23.72553],[-47.1711,-23.72552],[-47.17125,-23.72606],[-47.17052,-23.72621],[-47.17052,-23.72648],[-47.17038,-23.72648],[-47.17037,-23.72635],[-47.16993,-23.72635],[-47.16993,-23.72622],[-47.17008,-23.72621],[-47.17007,-23.72567],[-47.17051,-23.7258],[-47.17051,-23.72553],[-47.17007,-23.72554],[-47.17006,-23.72513],[-47.16977,-23.72513],[-47.16991,-23.72486],[-47.16947,-23.725],[-47.16946,-23.7246],[-47.16932,-23.7246],[-47.16931,-23.72446],[-47.16946,-23.72446],[-47.16946,-23.72433],[-47.16931,-23.72433],[-47.16931,-23.72406],[-47.16887,-23.72433],[-47.16887,-23.72406],[-47.16842,-23.72407],[-47.16842,-23.72393],[-47.16769,-23.72395],[-47.16769,-23.72422],[-47.16799,-23.72421],[-47.168,-23.72489],[-47.16814,-23.72489],[-47.16815,-23.72529],[-47.1683,-23.72529],[-47.16846,-23.72624],[-47.16787,-23.72611],[-47.16771,-23.72557],[-47.16683,-23.72572],[-47.16684,-23.72612],[-47.16743,-23.72612],[-47.16744,-23.72666],[-47.16788,-23.72679],[-47.16789,-23.72746],[-47.16848,-23.72759],[-47.16849,-23.72773],[-47.16892,-23.72758],[-47.16893,-23.72772],[-47.16952,-23.72785],[-47.16936,-23.72744],[-47.1701,-23.72743],[-47.17009,-23.72716],[-47.17054,-23.72729],[-47.17054,-23.72756],[-47.17069,-23.72756],[-47.17068,-23.72715],[-47.17083,-23.72715],[-47.17083,-23.72729],[-47.17171,-23.72714],[-47.17171,-23.727],[-47.172,-23.72686],[-47.172,-23.72673],[-47.1717,-23.72673],[-47.17185,-23.72632],[-47.17214,-23.72646],[-47.17214,-23.72659],[-47.17273,-23.72645],[-47.17273,-23.72672],[-47.17318,-23.72671],[-47.17332,-23.72644],[-47.17361,-23.72644],[-47.1739,-23.72602],[-47.17419,-23.72602],[-47.17433,-23.72561],[-47.17492,-23.7256],[-47.17493,-23.72587],[-47.17522,-23.72587],[-47.17522,-23.7256],[-47.17507,-23.7256],[-47.1752,-23.72479],[-47.17506,-23.72479],[-47.17505,-23.72465],[-47.1752,-23.72465],[-47.1752,-23.72438],[-47.17475,-23.72425],[-47.1746,-23.72398],[-47.17431,-23.72399],[-47.1743,-23.72385],[-47.17386,-23.72372],[-47.174,-23.72345],[-47.17371,-23.72345]],[[-47.17039,-23.72716],[-47.17039,-23.72702],[-47.17068,-23.72702],[-47.17068,-23.72715],[-47.17039,-23.72716]],[[-47.17491,-23.72466],[-47.1749,-23.72452],[-47.17505,-23.72452],[-47.17505,-23.72465],[-47.17491,-23.72466]]],[[[-47.17035,-23.72486],[-47.1702,-23.72486],[-47.17021,-23.72499],[-47.17035,-23.72499],[-47.17035,-23.72486]]],[[[-47.17017,-23.7231],[-47.17017,-23.72296],[-47.17002,-23.72296],[-47.17003,-23.7231],[-47.17017,-23.7231]]],[[[-47.20682,-23.6722],[-47.20684,-23.67302],[-47.20655,-23.67316],[-47.20655,-23.67343],[-47.2064,-23.67343],[-47.20641,-23.6737],[-47.2067,-23.67383],[-47.20671,-23.6741],[-47.20656,-23.6741],[-47.20656,-23.67424],[-47.20568,-23.67412],[-47.20554,-23.67452],[-47.2051,-23.6748],[-47.20511,-23.67507],[-47.20496,-23.67507],[-47.20511,-23.67548],[-47.20541,-23.67547],[-47.20541,-23.67534],[-47.20555,-23.67534],[-47.20555,-23.67493],[-47.20599,-23.67479],[-47.20598,-23.67465],[-47.20613,-23.67465],[-47.20613,-23.67479],[-47.20657,-23.67478],[-47.20658,-23.67492],[-47.20731,-23.6749],[-47.20731,-23.67504],[-47.20746,-23.67504],[-47.20747,-23.67558],[-47.20806,-23.67598],[-47.20807,-23.67638],[-47.20778,-23.67652],[-47.20764,-23.67707],[-47.20648,-23.67803],[-47.20648,-23.67817],[-47.20619,-23.67817],[-47.20619,-23.67804],[-47.20589,-23.67804],[-47.20589,-23.6779],[-47.20501,-23.67792],[-47.20501,-23.67778],[-47.20471,-23.67779],[-47.20471,-23.67765],[-47.20456,-23.67765],[-47.20456,-23.67725],[-47.2047,-23.67724],[-47.2047,-23.67697],[-47.20528,-23.67656],[-47.20542,-23.67615],[-47.20571,-23.67601],[-47.20571,-23.67588],[-47.20512,-23.67575],[-47.20498,-23.67602],[-47.2041,-23.67617],[-47.2041,-23.67658],[-47.20366,-23.67658],[-47.20367,-23.67672],[-47.20352,-23.67672],[-47.20353,-23.67726],[-47.20309,-23.6774],[-47.2028,-23.67781],[-47.20325,-23.67808],[-47.20325,-23.67848],[-47.2034,-23.67848],[-47.20341,-23.67889],[-47.20355,-23.67889],[-47.20371,-23.67929],[-47.20415,-23.67928],[-47.20415,-23.67915],[-47.20444,-23.67901],[-47.20459,-23.67928],[-47.20533,-23.67927],[-47.20533,-23.67954],[-47.20504,-23.67968],[-47.20504,-23.67981],[-47.20519,-23.67981],[-47.20534,-23.68021],[-47.20578,-23.68034],[-47.20579,-23.68061],[-47.20594,-23.68061],[-47.20609,-23.68102],[-47.20697,-23.681],[-47.20697,-23.68114],[-47.20727,-23.68113],[-47.20727,-23.68127],[-47.20772,-23.68153],[-47.20773,-23.68208],[-47.20846,-23.68193],[-47.20891,-23.68247],[-47.20994,-23.68259],[-47.20994,-23.68245],[-47.21038,-23.68244],[-47.21037,-23.68217],[-47.21052,-23.68217],[-47.21052,-23.6819],[-47.21066,-23.6819],[-47.21066,-23.68163],[-47.21021,-23.68136],[-47.21035,-23.68096],[-47.21006,-23.68082],[-47.21005,-23.68042],[-47.21049,-23.68028],[-47.21049,-23.68055],[-47.21064,-23.68054],[-47.21122,-23.67986],[-47.2118,-23.67972],[-47.2118,-23.67958],[-47.21195,-23.67958],[-47.21194,-23.67917],[-47.21209,-23.67917],[-47.21208,-23.6789],[-47.21194,-23.6789],[-47.21178,-23.67863],[-47.2109,-23.67837],[-47.21089,-23.67797],[-47.21104,-23.67797],[-47.21089,-23.6777],[-47.21103,-23.6777],[-47.21117,-23.67715],[-47.21146,-23.67701],[-47.21146,-23.67688],[-47.21175,-23.67674],[-47.21175,-23.67647],[-47.21204,-23.67633],[-47.21203,-23.67579],[-47.21159,-23.67566],[-47.21143,-23.67525],[-47.21099,-23.67499],[-47.21112,-23.67431],[-47.21068,-23.67404],[-47.21067,-23.67377],[-47.21008,-23.67351],[-47.21008,-23.67324],[-47.20948,-23.67284],[-47.20948,-23.67257],[-47.20918,-23.67244],[-47.20918,-23.67217],[-47.20873,-23.67204],[-47.20887,-23.67163],[-47.20843,-23.6715],[-47.20843,-23.67137],[-47.20902,-23.67136],[-47.20916,-23.67109],[-47.2093,-23.67108],[-47.2093,-23.67081],[-47.20915,-23.67082],[-47.20915,-23.67054],[-47.209,-23.67055],[-47.209,-23.67068],[-47.20856,-23.67069],[-47.20856,-23.67055],[-47.20944,-23.67027],[-47.20943,-23.67],[-47.20899,-23.67001],[-47.20899,-23.6696],[-47.20854,-23.66961],[-47.20854,-23.66933],[-47.2081,-23.66921],[-47.20809,-23.66907],[-47.2078,-23.66921],[-47.20782,-23.67002],[-47.20796,-23.67002],[-47.20798,-23.67097],[-47.20783,-23.67097],[-47.20783,-23.67111],[-47.20798,-23.6711],[-47.20784,-23.67165],[-47.2077,-23.67165],[-47.20741,-23.67206],[-47.20682,-23.6722]]],[[[-47.29668,-23.66548],[-47.29668,-23.66534],[-47.29801,-23.6656],[-47.29801,-23.66573],[-47.29845,-23.66572],[-47.29845,-23.66559],[-47.29874,-23.66545],[-47.29874,-23.66504],[-47.29859,-23.66505],[-47.29858,-23.66464],[-47.29843,-23.66464],[-47.29828,-23.6641],[-47.29813,-23.6641],[-47.29797,-23.66329],[-47.29679,-23.66331],[-47.2968,-23.66345],[-47.2965,-23.66359],[-47.29651,-23.66386],[-47.29622,-23.66386],[-47.29621,-23.66373],[-47.29577,-23.6636],[-47.29561,-23.66306],[-47.29532,-23.66293],[-47.29517,-23.66266],[-47.29458,-23.66267],[-47.29444,-23.66294],[-47.29429,-23.66294],[-47.29431,-23.66403],[-47.29343,-23.66431],[-47.29283,-23.66364],[-47.29254,-23.66365],[-47.29253,-23.66337],[-47.29238,-23.66338],[-47.29237,-23.6627],[-47.29223,-23.6627],[-47.29222,-23.66243],[-47.29207,-23.66243],[-47.29207,-23.66203],[-47.29251,-23.66216],[-47.29251,-23.66202],[-47.2928,-23.66202],[-47.2928,-23.66175],[-47.29294,-23.66174],[-47.29294,-23.66134],[-47.29279,-23.66134],[-47.29264,-23.66094],[-47.29234,-23.6608],[-47.29233,-23.6604],[-47.29189,-23.66027],[-47.29189,-23.66013],[-47.28983,-23.6603],[-47.28999,-23.66111],[-47.29044,-23.66137],[-47.29044,-23.66165],[-47.29059,-23.66164],[-47.29047,-23.66327],[-47.29062,-23.66327],[-47.29063,-23.66367],[-47.29077,-23.66367],[-47.29078,-23.66394],[-47.29092,-23.66394],[-47.29093,-23.66421],[-47.29122,-23.66421],[-47.29123,-23.66434],[-47.29196,-23.66433],[-47.29196,-23.6642],[-47.2921,-23.66419],[-47.29211,-23.66433],[-47.2924,-23.66432],[-47.29241,-23.6646],[-47.2927,-23.66459],[-47.29301,-23.6654],[-47.29375,-23.66593],[-47.29391,-23.6666],[-47.29376,-23.66661],[-47.29376,-23.66647],[-47.29288,-23.66662],[-47.29274,-23.66716],[-47.29245,-23.66717],[-47.29216,-23.66758],[-47.29172,-23.66758],[-47.29144,-23.668],[-47.29129,-23.668],[-47.2913,-23.66854],[-47.29145,-23.66854],[-47.2916,-23.66881],[-47.29247,-23.66852],[-47.29248,-23.66866],[-47.29277,-23.66865],[-47.29278,-23.66906],[-47.29322,-23.66919],[-47.29323,-23.66973],[-47.29308,-23.66973],[-47.29309,-23.66987],[-47.29279,-23.66987],[-47.29265,-23.67014],[-47.29221,-23.67015],[-47.29221,-23.67029],[-47.29192,-23.67029],[-47.29192,-23.67043],[-47.29163,-23.67043],[-47.29163,-23.67057],[-47.29119,-23.67084],[-47.2912,-23.67111],[-47.29178,-23.6711],[-47.29194,-23.67137],[-47.29105,-23.67139],[-47.2909,-23.67112],[-47.29061,-23.67112],[-47.28985,-23.66964],[-47.28941,-23.66965],[-47.28941,-23.67006],[-47.28898,-23.6702],[-47.289,-23.67155],[-47.28944,-23.67141],[-47.28944,-23.67127],[-47.28973,-23.67127],[-47.28973,-23.67114],[-47.29002,-23.67113],[-47.29002,-23.67127],[-47.29032,-23.67126],[-47.29032,-23.6714],[-47.29061,-23.67126],[-47.29062,-23.67153],[-47.28974,-23.67168],[-47.28974,-23.67181],[-47.2893,-23.67209],[-47.28902,-23.67291],[-47.28873,-23.67305],[-47.28873,-23.67318],[-47.28844,-23.67319],[-47.28844,-23.67346],[-47.2883,-23.67346],[-47.28831,-23.67441],[-47.28876,-23.67453],[-47.28876,-23.67481],[-47.29023,-23.67492],[-47.29024,-23.67505],[-47.29053,-23.67505],[-47.29053,-23.67519],[-47.29127,-23.67517],[-47.29127,-23.67504],[-47.29156,-23.67503],[-47.2917,-23.67463],[-47.29199,-23.67449],[-47.29199,-23.67422],[-47.29213,-23.67421],[-47.29226,-23.67326],[-47.29241,-23.67326],[-47.29241,-23.67299],[-47.29255,-23.67299],[-47.29269,-23.67231],[-47.29298,-23.67217],[-47.29312,-23.6719],[-47.29327,-23.6719],[-47.29327,-23.67203],[-47.29415,-23.67202],[-47.29429,-23.67134],[-47.29502,-23.67133],[-47.29517,-23.67105],[-47.29531,-23.67105],[-47.29531,-23.67078],[-47.29443,-23.67079],[-47.29443,-23.67093],[-47.29399,-23.67094],[-47.29398,-23.6708],[-47.29442,-23.67066],[-47.29442,-23.67052],[-47.29486,-23.67052],[-47.29486,-23.67038],[-47.29545,-23.67037],[-47.29559,-23.6701],[-47.29588,-23.66996],[-47.29604,-23.6705],[-47.29633,-23.67063],[-47.29634,-23.67077],[-47.2959,-23.67077],[-47.29606,-23.67158],[-47.2962,-23.67158],[-47.2965,-23.67198],[-47.29695,-23.67211],[-47.29695,-23.67238],[-47.2971,-23.67238],[-47.29725,-23.67278],[-47.29799,-23.67264],[-47.29799,-23.67277],[-47.29843,-23.6729],[-47.29844,-23.67331],[-47.29873,-23.67317],[-47.29874,-23.67344],[-47.29903,-23.67357],[-47.29904,-23.67384],[-47.29933,-23.67397],[-47.29934,-23.67424],[-47.29963,-23.67424],[-47.29964,-23.67451],[-47.29993,-23.6745],[-47.30009,-23.67518],[-47.29994,-23.67518],[-47.29995,-23.67572],[-47.3001,-23.67572],[-47.3001,-23.67586],[-47.30157,-23.67583],[-47.30157,-23.6757],[-47.30172,-23.6757],[-47.30156,-23.67516],[-47.30141,-23.67516],[-47.30111,-23.67476],[-47.30067,-23.67476],[-47.30052,-23.67436],[-47.30022,-23.67436],[-47.3002,-23.67328],[-47.30064,-23.67314],[-47.30064,-23.673],[-47.30079,-23.673],[-47.30078,-23.6726],[-47.30093,-23.67259],[-47.30121,-23.67218],[-47.30165,-23.67204],[-47.30164,-23.67136],[-47.30193,-23.67136],[-47.30193,-23.67122],[-47.30237,-23.67095],[-47.30236,-23.67027],[-47.3025,-23.67027],[-47.3025,-23.67013],[-47.30235,-23.67014],[-47.30234,-23.66946],[-47.30307,-23.66931],[-47.30323,-23.66958],[-47.30367,-23.66957],[-47.30366,-23.66944],[-47.3041,-23.6693],[-47.3041,-23.66943],[-47.30425,-23.66943],[-47.30425,-23.66957],[-47.30411,-23.66957],[-47.30426,-23.66984],[-47.30514,-23.66982],[-47.30514,-23.66969],[-47.30558,-23.66955],[-47.30557,-23.66941],[-47.30513,-23.66942],[-47.30513,-23.66928],[-47.30543,-23.66928],[-47.30557,-23.669],[-47.30586,-23.669],[-47.30555,-23.66806],[-47.30496,-23.66807],[-47.30496,-23.66793],[-47.30467,-23.66793],[-47.30466,-23.6678],[-47.30378,-23.66781],[-47.30378,-23.66795],[-47.30276,-23.66796],[-47.30276,-23.6681],[-47.30246,-23.6681],[-47.30246,-23.66783],[-47.30275,-23.66783],[-47.3029,-23.66755],[-47.30451,-23.66753],[-47.30451,-23.66739],[-47.30524,-23.66738],[-47.30524,-23.66725],[-47.30554,-23.66724],[-47.30554,-23.66738],[-47.30583,-23.66738],[-47.30584,-23.66792],[-47.30614,-23.66791],[-47.30614,-23.66818],[-47.30643,-23.66818],[-47.30644,-23.66831],[-47.30703,-23.66871],[-47.30704,-23.66912],[-47.30763,-23.66911],[-47.30763,-23.66897],[-47.30836,-23.66896],[-47.30836,-23.66883],[-47.3085,-23.66883],[-47.30804,-23.66748],[-47.30715,-23.66722],[-47.307,-23.66682],[-47.3067,-23.66669],[-47.3067,-23.66655],[-47.30626,-23.66656],[-47.30609,-23.66534],[-47.30594,-23.66534],[-47.30593,-23.66439],[-47.30578,-23.6644],[-47.30577,-23.66399],[-47.30548,-23.66386],[-47.30547,-23.66332],[-47.30576,-23.66331],[-47.30576,-23.66304],[-47.30605,-23.6629],[-47.30604,-23.66236],[-47.30589,-23.66236],[-47.30589,-23.66209],[-47.30574,-23.6621],[-47.30558,-23.66156],[-47.30514,-23.66156],[-47.30529,-23.66183],[-47.30515,-23.66183],[-47.30501,-23.66265],[-47.30472,-23.66265],[-47.30472,-23.66279],[-47.30443,-23.66279],[-47.30443,-23.66293],[-47.30384,-23.66294],[-47.30383,-23.66239],[-47.30413,-23.66239],[-47.30412,-23.66212],[-47.30427,-23.66212],[-47.30412,-23.66171],[-47.30353,-23.66172],[-47.30353,-23.66199],[-47.3031,-23.66227],[-47.30294,-23.6616],[-47.30279,-23.6616],[-47.3028,-23.662],[-47.30251,-23.66214],[-47.3025,-23.66201],[-47.30236,-23.66201],[-47.30193,-23.66256],[-47.30163,-23.6627],[-47.30165,-23.66351],[-47.30224,-23.6635],[-47.3024,-23.66445],[-47.30225,-23.66445],[-47.30225,-23.66418],[-47.30195,-23.66418],[-47.3018,-23.66391],[-47.30166,-23.66392],[-47.30165,-23.66365],[-47.3015,-23.66365],[-47.30151,-23.66378],[-47.30107,-23.66379],[-47.30106,-23.66365],[-47.30092,-23.66366],[-47.3006,-23.66217],[-47.30001,-23.66205],[-47.29985,-23.66164],[-47.2997,-23.66164],[-47.29973,-23.66286],[-47.29943,-23.66287],[-47.29944,-23.66327],[-47.29974,-23.6634],[-47.29974,-23.66381],[-47.30004,-23.66381],[-47.30019,-23.66407],[-47.30034,-23.66407],[-47.30035,-23.66475],[-47.30079,-23.66474],[-47.30109,-23.66514],[-47.30124,-23.66514],[-47.30124,-23.66528],[-47.30109,-23.66528],[-47.3011,-23.66569],[-47.30095,-23.66569],[-47.30097,-23.66664],[-47.30141,-23.66663],[-47.30141,-23.66676],[-47.30186,-23.66689],[-47.30186,-23.6673],[-47.30128,-23.66771],[-47.30129,-23.66798],[-47.30143,-23.66798],[-47.30158,-23.66825],[-47.30188,-23.66825],[-47.30189,-23.66865],[-47.30174,-23.66865],[-47.30174,-23.66879],[-47.30145,-23.66879],[-47.30144,-23.66866],[-47.3013,-23.66866],[-47.30129,-23.66826],[-47.301,-23.66826],[-47.30099,-23.66812],[-47.30011,-23.66814],[-47.30011,-23.66787],[-47.30025,-23.66786],[-47.30009,-23.66665],[-47.29979,-23.66665],[-47.2998,-23.66679],[-47.29921,-23.66693],[-47.29921,-23.66707],[-47.29789,-23.66709],[-47.2979,-23.66749],[-47.29804,-23.66749],[-47.29805,-23.6679],[-47.2982,-23.6679],[-47.2982,-23.66817],[-47.29805,-23.66817],[-47.29807,-23.66912],[-47.29851,-23.66924],[-47.29867,-23.66965],[-47.29897,-23.66978],[-47.29897,-23.66991],[-47.29941,-23.66991],[-47.2994,-23.66964],[-47.29998,-23.66922],[-47.29998,-23.66895],[-47.30086,-23.66907],[-47.30086,-23.66894],[-47.3013,-23.66893],[-47.30131,-23.66934],[-47.30146,-23.66934],[-47.30132,-23.66974],[-47.30117,-23.66975],[-47.30117,-23.67002],[-47.30044,-23.67003],[-47.30044,-23.67016],[-47.30059,-23.67016],[-47.3006,-23.6707],[-47.30089,-23.6707],[-47.30104,-23.67097],[-47.30134,-23.6711],[-47.30135,-23.6715],[-47.3012,-23.67151],[-47.30106,-23.67178],[-47.30062,-23.67192],[-47.30062,-23.67219],[-47.30019,-23.67247],[-47.30005,-23.67288],[-47.29917,-23.67289],[-47.29916,-23.67276],[-47.29887,-23.67262],[-47.2987,-23.67127],[-47.2984,-23.67114],[-47.29839,-23.67074],[-47.29854,-23.67073],[-47.29852,-23.66979],[-47.29823,-23.66979],[-47.29823,-23.66965],[-47.29735,-23.66967],[-47.29748,-23.66885],[-47.29645,-23.66887],[-47.29645,-23.66873],[-47.29615,-23.66874],[-47.29615,-23.66847],[-47.296,-23.66847],[-47.296,-23.6682],[-47.29585,-23.6682],[-47.29584,-23.66739],[-47.29569,-23.66739],[-47.29554,-23.66699],[-47.29524,-23.66699],[-47.29524,-23.66686],[-47.29568,-23.66685],[-47.29568,-23.66671],[-47.29597,-23.66657],[-47.29596,-23.6663],[-47.29611,-23.6663],[-47.29611,-23.66603],[-47.29625,-23.66603],[-47.29625,-23.66562],[-47.29668,-23.66548]],[[-47.29524,-23.66713],[-47.29495,-23.66713],[-47.29495,-23.667],[-47.29524,-23.66699],[-47.29524,-23.66713]],[[-47.30403,-23.66496],[-47.30432,-23.66482],[-47.30431,-23.66455],[-47.3049,-23.66441],[-47.3049,-23.66455],[-47.3052,-23.66468],[-47.3052,-23.66495],[-47.30433,-23.66523],[-47.30433,-23.6655],[-47.30404,-23.66564],[-47.30404,-23.66578],[-47.30433,-23.66577],[-47.30464,-23.66617],[-47.30478,-23.66617],[-47.30464,-23.66658],[-47.30391,-23.66673],[-47.30391,-23.66686],[-47.30332,-23.66687],[-47.30332,-23.66646],[-47.30346,-23.66646],[-47.30346,-23.66619],[-47.30361,-23.66619],[-47.3036,-23.66605],[-47.30346,-23.66606],[-47.30345,-23.66565],[-47.30315,-23.66552],[-47.30315,-23.66525],[-47.30418,-23.66523],[-47.30403,-23.66496]]],[[[-47.31617,-23.66167],[-47.31647,-23.66207],[-47.31691,-23.66206],[-47.31691,-23.6622],[-47.31765,-23.66205],[-47.31765,-23.66219],[-47.3178,-23.66219],[-47.31766,-23.66259],[-47.31751,-23.6626],[-47.31753,-23.66368],[-47.31783,-23.66381],[-47.31783,-23.66422],[-47.31798,-23.66421],[-47.31798,-23.66435],[-47.31813,-23.66435],[-47.31813,-23.66421],[-47.31886,-23.66434],[-47.31886,-23.66407],[-47.31856,-23.66394],[-47.31856,-23.66353],[-47.31915,-23.66379],[-47.31916,-23.6642],[-47.3193,-23.6642],[-47.3193,-23.66433],[-47.31916,-23.66433],[-47.31916,-23.66447],[-47.31931,-23.66447],[-47.31932,-23.66514],[-47.31917,-23.66514],[-47.31917,-23.66528],[-47.31932,-23.66528],[-47.31933,-23.66555],[-47.31962,-23.66568],[-47.31964,-23.66649],[-47.32022,-23.66648],[-47.32036,-23.66607],[-47.32125,-23.66606],[-47.32124,-23.66593],[-47.32154,-23.66592],[-47.32168,-23.66565],[-47.32227,-23.6655],[-47.32226,-23.6651],[-47.3227,-23.66509],[-47.32254,-23.66469],[-47.32225,-23.66469],[-47.32224,-23.66415],[-47.32195,-23.66402],[-47.32194,-23.66375],[-47.32179,-23.66375],[-47.32164,-23.66335],[-47.32149,-23.66335],[-47.32149,-23.66308],[-47.32119,-23.66295],[-47.32119,-23.66268],[-47.32104,-23.66268],[-47.32103,-23.66241],[-47.32089,-23.66241],[-47.32088,-23.662],[-47.32058,-23.66187],[-47.32043,-23.66147],[-47.32014,-23.66147],[-47.32013,-23.66134],[-47.31925,-23.66135],[-47.31925,-23.66149],[-47.31896,-23.66149],[-47.31896,-23.66163],[-47.31852,-23.66163],[-47.31837,-23.66123],[-47.31807,-23.6611],[-47.31807,-23.66083],[-47.31792,-23.66083],[-47.31791,-23.66056],[-47.31747,-23.6603],[-47.31747,-23.66016],[-47.31673,-23.66017],[-47.31659,-23.66044],[-47.3163,-23.66058],[-47.3163,-23.66085],[-47.31586,-23.66073],[-47.31587,-23.6614],[-47.31602,-23.6614],[-47.31602,-23.66167],[-47.31617,-23.66167]]],[[[-47.22652,-23.66298],[-47.22667,-23.66325],[-47.22726,-23.66338],[-47.2274,-23.66297],[-47.22725,-23.66297],[-47.22725,-23.6627],[-47.22754,-23.66256],[-47.22753,-23.66229],[-47.22739,-23.66229],[-47.22738,-23.66202],[-47.22724,-23.66203],[-47.22723,-23.66148],[-47.22708,-23.66149],[-47.22693,-23.66122],[-47.22634,-23.66123],[-47.22634,-23.66109],[-47.22604,-23.66109],[-47.22589,-23.66083],[-47.22574,-23.66083],[-47.22574,-23.66042],[-47.22603,-23.66028],[-47.22603,-23.66042],[-47.22618,-23.66042],[-47.22617,-23.66014],[-47.22543,-23.65961],[-47.22557,-23.65921],[-47.22572,-23.6592],[-47.22571,-23.65853],[-47.22556,-23.65853],[-47.22568,-23.6569],[-47.22523,-23.65664],[-47.22508,-23.6561],[-47.22478,-23.65597],[-47.22478,-23.6557],[-47.22463,-23.6557],[-47.22446,-23.65435],[-47.22461,-23.65434],[-47.22458,-23.65299],[-47.22444,-23.65299],[-47.22426,-23.65151],[-47.22322,-23.65071],[-47.22321,-23.6503],[-47.22292,-23.65017],[-47.22276,-23.64963],[-47.22188,-23.64964],[-47.22158,-23.64924],[-47.22099,-23.64911],[-47.22069,-23.64871],[-47.2198,-23.64845],[-47.21935,-23.64792],[-47.21862,-23.64807],[-47.21847,-23.6478],[-47.21817,-23.64767],[-47.21817,-23.64739],[-47.21787,-23.64726],[-47.21787,-23.6474],[-47.21758,-23.6474],[-47.21758,-23.64754],[-47.21729,-23.64768],[-47.2173,-23.64836],[-47.21672,-23.64877],[-47.21673,-23.64904],[-47.21687,-23.64904],[-47.21688,-23.64972],[-47.21674,-23.64972],[-47.21674,-23.64985],[-47.216,-23.64973],[-47.21616,-23.65013],[-47.2166,-23.65013],[-47.2166,-23.65026],[-47.21675,-23.65026],[-47.21676,-23.6508],[-47.21632,-23.65108],[-47.21633,-23.65162],[-47.21677,-23.65188],[-47.21706,-23.65147],[-47.2175,-23.65147],[-47.2175,-23.6516],[-47.21765,-23.6516],[-47.21765,-23.65174],[-47.21736,-23.65188],[-47.21737,-23.65215],[-47.21722,-23.65215],[-47.21737,-23.65255],[-47.21752,-23.65255],[-47.21738,-23.65323],[-47.21695,-23.65337],[-47.2168,-23.65364],[-47.21666,-23.65365],[-47.21666,-23.65392],[-47.21637,-23.65392],[-47.21636,-23.65365],[-47.21651,-23.65365],[-47.21636,-23.65338],[-47.21606,-23.65338],[-47.21591,-23.65311],[-47.21503,-23.65313],[-47.21503,-23.65299],[-47.21488,-23.65299],[-47.21488,-23.65313],[-47.21474,-23.65313],[-47.21474,-23.65354],[-47.21445,-23.65368],[-47.21446,-23.65395],[-47.21431,-23.65395],[-47.21431,-23.65422],[-47.21417,-23.65422],[-47.21417,-23.65449],[-47.21388,-23.65463],[-47.21403,-23.6549],[-47.21432,-23.6549],[-47.21433,-23.65503],[-47.21462,-23.65516],[-47.21463,-23.6553],[-47.21419,-23.65558],[-47.2142,-23.65612],[-47.21405,-23.65612],[-47.21421,-23.6568],[-47.21362,-23.6564],[-47.21317,-23.65586],[-47.21287,-23.65587],[-47.21288,-23.65627],[-47.21273,-23.65627],[-47.21172,-23.65737],[-47.21143,-23.65738],[-47.21143,-23.65751],[-47.21114,-23.65765],[-47.21114,-23.65806],[-47.21026,-23.65794],[-47.21042,-23.65861],[-47.21057,-23.65861],[-47.21057,-23.65888],[-47.21072,-23.65888],[-47.21072,-23.65928],[-47.21029,-23.65956],[-47.21029,-23.6597],[-47.21,-23.6597],[-47.20999,-23.65956],[-47.2097,-23.65957],[-47.2097,-23.65943],[-47.20852,-23.65945],[-47.20853,-23.66013],[-47.20883,-23.66026],[-47.20884,-23.66093],[-47.20913,-23.66093],[-47.20929,-23.6612],[-47.20958,-23.66119],[-47.20958,-23.66133],[-47.21017,-23.66132],[-47.21017,-23.66105],[-47.21134,-23.66103],[-47.21134,-23.66117],[-47.21193,-23.6613],[-47.21209,-23.66157],[-47.21223,-23.66156],[-47.21223,-23.66143],[-47.21282,-23.66142],[-47.21281,-23.66088],[-47.21325,-23.66087],[-47.21326,-23.66141],[-47.21297,-23.66155],[-47.21282,-23.66183],[-47.21238,-23.6617],[-47.21238,-23.66183],[-47.21224,-23.66183],[-47.21225,-23.66238],[-47.2121,-23.66238],[-47.21196,-23.66265],[-47.21152,-23.66266],[-47.21138,-23.66307],[-47.21167,-23.6632],[-47.21167,-23.66333],[-47.21197,-23.66333],[-47.21225,-23.66278],[-47.21269,-23.66278],[-47.21269,-23.66264],[-47.21284,-23.66264],[-47.21283,-23.66223],[-47.21298,-23.66223],[-47.21298,-23.66209],[-47.21342,-23.66209],[-47.21357,-23.66249],[-47.21372,-23.66249],[-47.21372,-23.6629],[-47.21358,-23.6629],[-47.21358,-23.66303],[-47.21388,-23.66316],[-47.21388,-23.66344],[-47.21403,-23.66343],[-47.21404,-23.66398],[-47.21345,-23.66425],[-47.21346,-23.66453],[-47.2136,-23.66452],[-47.21376,-23.66479],[-47.21405,-23.66479],[-47.21406,-23.66506],[-47.21347,-23.6652],[-47.21347,-23.66534],[-47.21332,-23.66534],[-47.21333,-23.66547],[-47.21347,-23.66547],[-47.21334,-23.66602],[-47.21304,-23.66602],[-47.21305,-23.6667],[-47.21335,-23.66683],[-47.2135,-23.6671],[-47.21365,-23.6671],[-47.21365,-23.66696],[-47.21409,-23.66695],[-47.21408,-23.66655],[-47.21437,-23.66641],[-47.21465,-23.66559],[-47.21523,-23.66518],[-47.21523,-23.66477],[-47.21537,-23.66477],[-47.21537,-23.66463],[-47.21566,-23.66463],[-47.2161,-23.66408],[-47.21654,-23.66407],[-47.21654,-23.66394],[-47.21698,-23.66393],[-47.21697,-23.6638],[-47.21786,-23.66379],[-47.21785,-23.66365],[-47.21815,-23.66351],[-47.21829,-23.6631],[-47.21873,-23.6631],[-47.21888,-23.66336],[-47.21917,-23.66322],[-47.21917,-23.66336],[-47.21932,-23.66336],[-47.21933,-23.6639],[-47.21948,-23.6639],[-47.21948,-23.66417],[-47.21963,-23.66417],[-47.21964,-23.66484],[-47.21979,-23.66484],[-47.21979,-23.66511],[-47.21964,-23.66511],[-47.21966,-23.66606],[-47.21936,-23.66607],[-47.21937,-23.6662],[-47.21951,-23.6662],[-47.21952,-23.66633],[-47.22025,-23.66632],[-47.22025,-23.66619],[-47.22098,-23.66604],[-47.22098,-23.66591],[-47.22113,-23.6659],[-47.22111,-23.66509],[-47.22126,-23.66509],[-47.22141,-23.66536],[-47.22185,-23.66535],[-47.22168,-23.66387],[-47.2208,-23.66388],[-47.22079,-23.66347],[-47.22108,-23.66333],[-47.22106,-23.66225],[-47.22121,-23.66225],[-47.2212,-23.66184],[-47.22135,-23.66184],[-47.22149,-23.66143],[-47.22164,-23.66143],[-47.22179,-23.6617],[-47.22223,-23.66169],[-47.22223,-23.66156],[-47.22238,-23.66155],[-47.22224,-23.6621],[-47.22209,-23.6621],[-47.2221,-23.66237],[-47.22195,-23.66237],[-47.22196,-23.66278],[-47.22181,-23.66278],[-47.22184,-23.66441],[-47.22198,-23.6644],[-47.22199,-23.66481],[-47.22214,-23.66481],[-47.22214,-23.66494],[-47.22243,-23.66494],[-47.22244,-23.66507],[-47.22361,-23.66506],[-47.22362,-23.6656],[-47.22406,-23.66573],[-47.22406,-23.66559],[-47.2245,-23.66545],[-47.22435,-23.66518],[-47.22464,-23.66518],[-47.22463,-23.66423],[-47.22448,-23.66423],[-47.22447,-23.66383],[-47.22477,-23.66382],[-47.22476,-23.66369],[-47.22506,-23.66368],[-47.2252,-23.66327],[-47.22564,-23.66327],[-47.22549,-23.66286],[-47.22622,-23.66285],[-47.22622,-23.66299],[-47.22652,-23.66298]],[[-47.22082,-23.6651],[-47.22096,-23.66482],[-47.22111,-23.66482],[-47.22111,-23.66509],[-47.22082,-23.6651]],[[-47.22405,-23.66519],[-47.2239,-23.66492],[-47.2242,-23.66491],[-47.22435,-23.66518],[-47.22405,-23.66519]]],[[[-47.20448,-23.65544],[-47.20433,-23.65518],[-47.20462,-23.65504],[-47.20477,-23.65476],[-47.20521,-23.65476],[-47.20521,-23.65462],[-47.2055,-23.65448],[-47.20535,-23.65421],[-47.20578,-23.65394],[-47.20578,-23.6538],[-47.20593,-23.6538],[-47.20593,-23.65393],[-47.20652,-23.65393],[-47.20652,-23.65433],[-47.20682,-23.65446],[-47.20682,-23.65473],[-47.20727,-23.65473],[-47.20725,-23.65364],[-47.2071,-23.65365],[-47.2071,-23.65338],[-47.2068,-23.65338],[-47.2068,-23.65311],[-47.20665,-23.65311],[-47.20679,-23.65257],[-47.20694,-23.65257],[-47.20693,-23.6523],[-47.20708,-23.65229],[-47.20706,-23.65135],[-47.20677,-23.65135],[-47.20676,-23.65094],[-47.20632,-23.65095],[-47.20632,-23.65108],[-47.20618,-23.65109],[-47.20618,-23.65136],[-47.20648,-23.65149],[-47.20648,-23.65176],[-47.20663,-23.65176],[-47.20663,-23.65203],[-47.20678,-23.65203],[-47.20664,-23.6523],[-47.20634,-23.6523],[-47.20634,-23.65217],[-47.20546,-23.65218],[-47.20546,-23.65232],[-47.20502,-23.65219],[-47.20487,-23.65192],[-47.20472,-23.65192],[-47.20471,-23.65138],[-47.20441,-23.65125],[-47.20441,-23.65111],[-47.20383,-23.65126],[-47.20368,-23.65153],[-47.20236,-23.65155],[-47.20222,-23.65182],[-47.20193,-23.65196],[-47.2018,-23.65291],[-47.20194,-23.65291],[-47.20195,-23.65318],[-47.20224,-23.65331],[-47.20225,-23.65345],[-47.20239,-23.65344],[-47.2024,-23.65385],[-47.20255,-23.65385],[-47.20255,-23.65412],[-47.2027,-23.65412],[-47.2027,-23.65439],[-47.20285,-23.65438],[-47.20286,-23.65506],[-47.20257,-23.6552],[-47.20257,-23.65547],[-47.20272,-23.65547],[-47.20273,-23.65574],[-47.20287,-23.65574],[-47.20303,-23.65614],[-47.20288,-23.65614],[-47.20288,-23.65628],[-47.20244,-23.65629],[-47.20245,-23.65656],[-47.20186,-23.65657],[-47.20171,-23.6563],[-47.20082,-23.65617],[-47.20082,-23.65604],[-47.20053,-23.65604],[-47.20052,-23.65591],[-47.19949,-23.65579],[-47.19904,-23.65525],[-47.19816,-23.65526],[-47.19816,-23.6554],[-47.19802,-23.6554],[-47.19801,-23.65513],[-47.1983,-23.65499],[-47.1983,-23.65458],[-47.19815,-23.65459],[-47.19815,-23.65445],[-47.19771,-23.65446],[-47.1977,-23.65405],[-47.19711,-23.65406],[-47.19712,-23.65433],[-47.19682,-23.65447],[-47.19683,-23.65474],[-47.19668,-23.65474],[-47.19654,-23.65502],[-47.1961,-23.65502],[-47.1961,-23.65543],[-47.19596,-23.65543],[-47.19596,-23.65557],[-47.19625,-23.65556],[-47.19626,-23.6557],[-47.19684,-23.65569],[-47.197,-23.65609],[-47.19715,-23.65609],[-47.197,-23.6565],[-47.19656,-23.65637],[-47.19657,-23.65705],[-47.19687,-23.65718],[-47.19688,-23.65785],[-47.19644,-23.65813],[-47.19646,-23.65881],[-47.19675,-23.65894],[-47.19718,-23.65839],[-47.19807,-23.65838],[-47.19806,-23.65797],[-47.19835,-23.65783],[-47.19835,-23.6577],[-47.19864,-23.65769],[-47.19864,-23.65756],[-47.19893,-23.65755],[-47.19893,-23.65742],[-47.19952,-23.65741],[-47.19952,-23.65728],[-47.20054,-23.65713],[-47.2007,-23.65739],[-47.20114,-23.65752],[-47.20114,-23.65766],[-47.20158,-23.65765],[-47.20158,-23.65779],[-47.20173,-23.65779],[-47.20189,-23.6586],[-47.20263,-23.65886],[-47.20279,-23.6598],[-47.20309,-23.6598],[-47.20309,-23.66007],[-47.20339,-23.6602],[-47.20353,-23.65993],[-47.20368,-23.65992],[-47.20367,-23.65952],[-47.20382,-23.65952],[-47.20396,-23.65924],[-47.2044,-23.65924],[-47.2044,-23.6591],[-47.20543,-23.65909],[-47.20543,-23.65895],[-47.20572,-23.65881],[-47.20572,-23.65922],[-47.20602,-23.65935],[-47.20602,-23.65908],[-47.20616,-23.65908],[-47.20631,-23.6588],[-47.2066,-23.6588],[-47.20644,-23.65826],[-47.20659,-23.65826],[-47.20658,-23.65785],[-47.20673,-23.65785],[-47.20673,-23.65771],[-47.20747,-23.65784],[-47.20746,-23.65757],[-47.20761,-23.65757],[-47.20775,-23.65716],[-47.20789,-23.65716],[-47.20791,-23.65783],[-47.20805,-23.65783],[-47.20806,-23.65797],[-47.20835,-23.65783],[-47.20865,-23.65823],[-47.20909,-23.65809],[-47.20908,-23.65795],[-47.20938,-23.65795],[-47.20952,-23.65754],[-47.20922,-23.65754],[-47.20922,-23.65741],[-47.20848,-23.65688],[-47.20848,-23.65674],[-47.20877,-23.65674],[-47.20877,-23.6566],[-47.20832,-23.65647],[-47.20817,-23.65607],[-47.20832,-23.65607],[-47.20831,-23.65566],[-47.20816,-23.65566],[-47.20816,-23.65553],[-47.20728,-23.65554],[-47.20728,-23.65568],[-47.20713,-23.65568],[-47.20698,-23.65541],[-47.2061,-23.65542],[-47.2061,-23.65529],[-47.20566,-23.65543],[-47.20551,-23.65516],[-47.20522,-23.65516],[-47.20507,-23.65544],[-47.20448,-23.65544]],[[-47.20743,-23.65567],[-47.20743,-23.65581],[-47.20728,-23.65581],[-47.20728,-23.65568],[-47.20743,-23.65567]],[[-47.20758,-23.65581],[-47.20758,-23.65594],[-47.20743,-23.65594],[-47.20743,-23.65581],[-47.20758,-23.65581]]],[[[-47.18221,-23.64208],[-47.18221,-23.64222],[-47.18207,-23.64222],[-47.18193,-23.6429],[-47.18178,-23.6429],[-47.18179,-23.64344],[-47.1815,-23.64358],[-47.18151,-23.64385],[-47.1818,-23.64398],[-47.18181,-23.64466],[-47.18196,-23.64466],[-47.18197,-23.64506],[-47.18153,-23.64521],[-47.18154,-23.64575],[-47.18168,-23.64575],[-47.18169,-23.64588],[-47.18213,-23.64588],[-47.18213,-23.64574],[-47.18227,-23.64574],[-47.18242,-23.64601],[-47.18286,-23.646],[-47.18302,-23.64627],[-47.18316,-23.64627],[-47.18319,-23.64803],[-47.18334,-23.64802],[-47.18334,-23.6483],[-47.18364,-23.64829],[-47.18365,-23.64897],[-47.1835,-23.64897],[-47.18355,-23.65195],[-47.1837,-23.65195],[-47.18385,-23.65249],[-47.184,-23.65248],[-47.18401,-23.65303],[-47.18475,-23.65356],[-47.18491,-23.65383],[-47.18564,-23.65395],[-47.18565,-23.65409],[-47.18638,-23.65408],[-47.18624,-23.65462],[-47.18668,-23.65461],[-47.18653,-23.65421],[-47.18727,-23.65433],[-47.18726,-23.6542],[-47.18756,-23.65419],[-47.1877,-23.65379],[-47.18829,-23.65378],[-47.18828,-23.65364],[-47.18843,-23.65364],[-47.18828,-23.65337],[-47.18843,-23.65337],[-47.18842,-23.6531],[-47.18857,-23.6531],[-47.18856,-23.65256],[-47.18915,-23.65255],[-47.18914,-23.65201],[-47.18899,-23.65201],[-47.18913,-23.65173],[-47.18869,-23.65174],[-47.18884,-23.65147],[-47.18839,-23.65147],[-47.18839,-23.65134],[-47.18825,-23.65134],[-47.18823,-23.65066],[-47.18853,-23.65066],[-47.18837,-23.65026],[-47.18852,-23.65025],[-47.18852,-23.64998],[-47.18837,-23.64999],[-47.18807,-23.64958],[-47.18778,-23.64959],[-47.18762,-23.64932],[-47.18748,-23.64932],[-47.18762,-23.64891],[-47.18835,-23.64877],[-47.18835,-23.64863],[-47.18879,-23.64863],[-47.18877,-23.64781],[-47.18863,-23.64781],[-47.18848,-23.64755],[-47.18804,-23.64769],[-47.18817,-23.64701],[-47.18876,-23.647],[-47.18871,-23.64416],[-47.18857,-23.64416],[-47.18856,-23.64389],[-47.18812,-23.64362],[-47.18811,-23.64322],[-47.18752,-23.64296],[-47.18751,-23.64268],[-47.18678,-23.64269],[-47.18677,-23.64229],[-47.18662,-23.64229],[-47.18663,-23.6427],[-47.18619,-23.64257],[-47.18618,-23.64203],[-47.18603,-23.64203],[-47.18603,-23.64189],[-47.18632,-23.64189],[-47.18633,-23.64202],[-47.18662,-23.64216],[-47.18661,-23.64161],[-47.18647,-23.64162],[-47.18646,-23.64107],[-47.18571,-23.64054],[-47.18556,-23.64014],[-47.18512,-23.64015],[-47.18512,-23.64001],[-47.18379,-23.64003],[-47.18381,-23.64098],[-47.18396,-23.64097],[-47.18396,-23.64138],[-47.18411,-23.64138],[-47.18397,-23.64165],[-47.18353,-23.64152],[-47.18353,-23.64179],[-47.18309,-23.6418],[-47.18309,-23.64193],[-47.18265,-23.64194],[-47.18265,-23.64208],[-47.18221,-23.64208]],[[-47.18542,-23.64949],[-47.18542,-23.64921],[-47.186,-23.6488],[-47.18599,-23.64839],[-47.18584,-23.6484],[-47.18584,-23.64826],[-47.18613,-23.64812],[-47.18613,-23.64785],[-47.18554,-23.64786],[-47.18583,-23.64745],[-47.18539,-23.64745],[-47.18539,-23.64773],[-47.18467,-23.64828],[-47.18466,-23.64774],[-47.1851,-23.64759],[-47.18524,-23.64719],[-47.18656,-23.6473],[-47.18657,-23.64784],[-47.18672,-23.64784],[-47.18672,-23.64798],[-47.18657,-23.64798],[-47.18657,-23.64811],[-47.18628,-23.64825],[-47.18644,-23.64893],[-47.18615,-23.64907],[-47.18616,-23.64961],[-47.18586,-23.64961],[-47.18586,-23.64948],[-47.18542,-23.64949]]],[[[-47.32802,-23.64172],[-47.32817,-23.64172],[-47.32816,-23.64158],[-47.32802,-23.64159],[-47.32802,-23.64172]]],[[[-47.31708,-23.63796],[-47.31706,-23.63688],[-47.31691,-23.63688],[-47.31691,-23.63674],[-47.31647,-23.63675],[-47.31647,-23.63702],[-47.31618,-23.63716],[-47.31618,-23.63729],[-47.31603,-23.6373],[-47.31619,-23.63797],[-47.31693,-23.6381],[-47.31693,-23.63796],[-47.31708,-23.63796]]],[[[-47.32459,-23.63893],[-47.32474,-23.63893],[-47.32488,-23.63852],[-47.32532,-23.63851],[-47.32532,-23.63878],[-47.32547,-23.63878],[-47.32546,-23.63824],[-47.32575,-23.6381],[-47.32575,-23.63823],[-47.3262,-23.63836],[-47.3262,-23.63863],[-47.32591,-23.63877],[-47.32591,-23.63864],[-47.32561,-23.63864],[-47.32562,-23.63918],[-47.32651,-23.63931],[-47.32667,-23.64012],[-47.32755,-23.64024],[-47.3277,-23.64051],[-47.328,-23.64064],[-47.32816,-23.64118],[-47.3283,-23.64118],[-47.32829,-23.64063],[-47.32844,-23.64063],[-47.32844,-23.6405],[-47.32814,-23.64037],[-47.32814,-23.64009],[-47.32784,-23.63996],[-47.32784,-23.63983],[-47.32754,-23.63983],[-47.32754,-23.6397],[-47.3271,-23.6397],[-47.3271,-23.63943],[-47.32695,-23.63944],[-47.32695,-23.6393],[-47.32724,-23.6393],[-47.32724,-23.63916],[-47.32753,-23.63902],[-47.32766,-23.63834],[-47.32781,-23.63834],[-47.3278,-23.63793],[-47.32795,-23.63793],[-47.32809,-23.63752],[-47.32794,-23.63752],[-47.32794,-23.63712],[-47.32704,-23.63645],[-47.32719,-23.63618],[-47.32704,-23.63618],[-47.32703,-23.63591],[-47.32689,-23.63592],[-47.32673,-23.63524],[-47.32688,-23.63524],[-47.32687,-23.63497],[-47.32716,-23.63496],[-47.32716,-23.63456],[-47.3276,-23.63442],[-47.32759,-23.63401],[-47.32774,-23.63401],[-47.32773,-23.6336],[-47.32787,-23.6336],[-47.32787,-23.63333],[-47.32802,-23.63333],[-47.32801,-23.63305],[-47.32845,-23.63291],[-47.32845,-23.63278],[-47.32904,-23.63277],[-47.32903,-23.63263],[-47.32918,-23.63263],[-47.32917,-23.63209],[-47.32946,-23.63209],[-47.32946,-23.63154],[-47.3296,-23.63154],[-47.3296,-23.63141],[-47.33033,-23.6314],[-47.33034,-23.63153],[-47.33063,-23.63153],[-47.33093,-23.63193],[-47.33137,-23.63192],[-47.33137,-23.63206],[-47.33152,-23.63205],[-47.33152,-23.63192],[-47.33239,-23.63123],[-47.33238,-23.63096],[-47.33311,-23.63041],[-47.3331,-23.63],[-47.33325,-23.63],[-47.33325,-23.62986],[-47.33369,-23.62986],[-47.33369,-23.62972],[-47.33398,-23.62958],[-47.33397,-23.62931],[-47.33426,-23.62917],[-47.33426,-23.62876],[-47.33411,-23.62877],[-47.3341,-23.62849],[-47.33381,-23.62836],[-47.33381,-23.62823],[-47.33351,-23.6281],[-47.33335,-23.62742],[-47.33305,-23.62729],[-47.33305,-23.62716],[-47.33276,-23.6273],[-47.33276,-23.62716],[-47.33202,-23.62704],[-47.33202,-23.62717],[-47.33173,-23.62718],[-47.33144,-23.62759],[-47.331,-23.62759],[-47.331,-23.62732],[-47.33055,-23.62719],[-47.33055,-23.62692],[-47.32981,-23.6268],[-47.32981,-23.62666],[-47.32951,-23.62653],[-47.32951,-23.62626],[-47.32921,-23.62627],[-47.32921,-23.62613],[-47.32804,-23.62615],[-47.32803,-23.62601],[-47.32774,-23.62602],[-47.32774,-23.62588],[-47.327,-23.62589],[-47.327,-23.62576],[-47.32656,-23.62576],[-47.32656,-23.6259],[-47.32568,-23.62578],[-47.32554,-23.62619],[-47.32525,-23.62633],[-47.32512,-23.62714],[-47.32482,-23.62714],[-47.32468,-23.62742],[-47.32453,-23.62742],[-47.32423,-23.62702],[-47.32438,-23.62702],[-47.32437,-23.62675],[-47.32466,-23.62661],[-47.32466,-23.6262],[-47.32451,-23.6262],[-47.32435,-23.62553],[-47.32391,-23.62526],[-47.3239,-23.62513],[-47.32317,-23.625],[-47.32316,-23.62487],[-47.32243,-23.62488],[-47.32228,-23.62461],[-47.32184,-23.62462],[-47.32154,-23.62421],[-47.3208,-23.62409],[-47.3208,-23.62423],[-47.32051,-23.62423],[-47.32051,-23.62437],[-47.31993,-23.62478],[-47.31979,-23.62519],[-47.31906,-23.62534],[-47.31906,-23.62547],[-47.31862,-23.62561],[-47.31849,-23.62629],[-47.31819,-23.6263],[-47.31807,-23.62752],[-47.31821,-23.62751],[-47.31837,-23.62778],[-47.31866,-23.62778],[-47.31866,-23.62791],[-47.31911,-23.62804],[-47.31927,-23.62885],[-47.31956,-23.62885],[-47.31956,-23.62898],[-47.31986,-23.62898],[-47.31986,-23.62911],[-47.3203,-23.62924],[-47.32016,-23.62965],[-47.32031,-23.62965],[-47.32047,-23.63019],[-47.32061,-23.63019],[-47.32062,-23.63059],[-47.32077,-23.63059],[-47.32077,-23.63086],[-47.32092,-23.63086],[-47.32093,-23.6314],[-47.32152,-23.6318],[-47.32154,-23.63261],[-47.32124,-23.63261],[-47.32124,-23.63248],[-47.3208,-23.63222],[-47.32079,-23.63194],[-47.32064,-23.63195],[-47.32064,-23.63168],[-47.32049,-23.63168],[-47.32049,-23.63127],[-47.31959,-23.63061],[-47.31944,-23.6302],[-47.31856,-23.63035],[-47.31856,-23.63022],[-47.31841,-23.63022],[-47.3184,-23.62954],[-47.3181,-23.62941],[-47.3181,-23.62928],[-47.31825,-23.62927],[-47.31809,-23.62887],[-47.3175,-23.62874],[-47.3175,-23.62861],[-47.31735,-23.62861],[-47.31734,-23.6282],[-47.31675,-23.62808],[-47.3166,-23.62754],[-47.31615,-23.62741],[-47.31601,-23.62768],[-47.31543,-23.62769],[-47.31543,-23.62783],[-47.31528,-23.62783],[-47.31529,-23.62824],[-47.31514,-23.62824],[-47.31515,-23.62851],[-47.315,-23.62851],[-47.315,-23.62878],[-47.31471,-23.62892],[-47.31473,-23.63],[-47.31458,-23.63001],[-47.31459,-23.63041],[-47.31415,-23.63028],[-47.31414,-23.62988],[-47.31429,-23.62988],[-47.31429,-23.62974],[-47.31414,-23.62974],[-47.31413,-23.62947],[-47.31399,-23.62947],[-47.31413,-23.6292],[-47.31398,-23.6292],[-47.31397,-23.6288],[-47.31383,-23.6288],[-47.31397,-23.62853],[-47.31382,-23.62853],[-47.31382,-23.62839],[-47.31323,-23.6284],[-47.31323,-23.62827],[-47.31294,-23.62827],[-47.31293,-23.62814],[-47.3125,-23.62828],[-47.31249,-23.62814],[-47.31176,-23.62815],[-47.31176,-23.62802],[-47.31073,-23.62803],[-47.31073,-23.62817],[-47.31044,-23.62817],[-47.30986,-23.62886],[-47.30942,-23.62886],[-47.30928,-23.62914],[-47.30898,-23.62914],[-47.30884,-23.62955],[-47.30841,-23.62969],[-47.30797,-23.63024],[-47.30753,-23.63025],[-47.30753,-23.63011],[-47.30738,-23.63011],[-47.30724,-23.63039],[-47.30622,-23.63067],[-47.30608,-23.63108],[-47.30578,-23.63109],[-47.30579,-23.63136],[-47.3055,-23.6315],[-47.30551,-23.63217],[-47.30536,-23.63217],[-47.30537,-23.63245],[-47.30522,-23.63245],[-47.30538,-23.63326],[-47.30523,-23.63326],[-47.30524,-23.6334],[-47.30465,-23.63327],[-47.30525,-23.63394],[-47.30554,-23.63393],[-47.30554,-23.63407],[-47.30642,-23.63405],[-47.30627,-23.63365],[-47.30656,-23.63365],[-47.30671,-23.63337],[-47.307,-23.63337],[-47.30714,-23.63296],[-47.30699,-23.63296],[-47.30684,-23.63269],[-47.30655,-23.6327],[-47.30655,-23.63297],[-47.30596,-23.63298],[-47.30596,-23.63284],[-47.30582,-23.63285],[-47.30581,-23.63244],[-47.30596,-23.63244],[-47.30595,-23.63217],[-47.30639,-23.63189],[-47.30653,-23.63162],[-47.30712,-23.63188],[-47.30712,-23.63174],[-47.30741,-23.63174],[-47.30755,-23.63147],[-47.30785,-23.6316],[-47.30799,-23.63132],[-47.30843,-23.63132],[-47.30859,-23.63159],[-47.30873,-23.63158],[-47.30874,-23.63212],[-47.30889,-23.63212],[-47.30889,-23.63226],[-47.30874,-23.63226],[-47.30875,-23.63253],[-47.30846,-23.63253],[-47.30846,-23.63281],[-47.30831,-23.63281],[-47.30818,-23.63362],[-47.30716,-23.63404],[-47.30733,-23.63512],[-47.30792,-23.63539],[-47.30792,-23.63566],[-47.30807,-23.63566],[-47.30822,-23.63606],[-47.31014,-23.63617],[-47.31013,-23.63603],[-47.31057,-23.63589],[-47.31071,-23.63521],[-47.31115,-23.63534],[-47.31115,-23.63547],[-47.31159,-23.63547],[-47.31159,-23.63533],[-47.31174,-23.63533],[-47.31174,-23.63519],[-47.31159,-23.6352],[-47.31172,-23.63452],[-47.31143,-23.63452],[-47.31143,-23.63439],[-47.31157,-23.63438],[-47.31142,-23.63412],[-47.31157,-23.63411],[-47.31157,-23.63398],[-47.31127,-23.63398],[-47.31127,-23.63385],[-47.31098,-23.63385],[-47.31097,-23.63358],[-47.31068,-23.63359],[-47.31068,-23.63345],[-47.31097,-23.63345],[-47.31096,-23.63263],[-47.31081,-23.63264],[-47.3108,-23.63236],[-47.31066,-23.63237],[-47.31065,-23.63223],[-47.30992,-23.63238],[-47.30992,-23.63211],[-47.30962,-23.63198],[-47.30961,-23.63143],[-47.30917,-23.63144],[-47.30916,-23.63103],[-47.31005,-23.63102],[-47.3099,-23.63129],[-47.3102,-23.63129],[-47.3102,-23.63156],[-47.3105,-23.63156],[-47.3105,-23.63169],[-47.31094,-23.63169],[-47.31094,-23.63155],[-47.31108,-23.63155],[-47.31109,-23.63168],[-47.31197,-23.63167],[-47.31184,-23.63248],[-47.31198,-23.63248],[-47.31213,-23.63275],[-47.31243,-23.63275],[-47.31242,-23.63234],[-47.31257,-23.63234],[-47.31256,-23.6322],[-47.31242,-23.63221],[-47.31241,-23.63153],[-47.31284,-23.63139],[-47.31284,-23.63125],[-47.31314,-23.63138],[-47.31328,-23.63111],[-47.31357,-23.63097],[-47.31327,-23.63057],[-47.31268,-23.63017],[-47.31267,-23.6299],[-47.31252,-23.6299],[-47.31266,-23.62949],[-47.31252,-23.6295],[-47.31252,-23.62936],[-47.31355,-23.62948],[-47.3137,-23.62988],[-47.31385,-23.62988],[-47.31385,-23.63015],[-47.314,-23.63015],[-47.31416,-23.63083],[-47.31445,-23.63096],[-47.31446,-23.63109],[-47.31475,-23.63095],[-47.31475,-23.63082],[-47.31519,-23.63081],[-47.31564,-23.63134],[-47.3152,-23.63135],[-47.31476,-23.6319],[-47.31447,-23.6319],[-47.31433,-23.63218],[-47.31418,-23.63218],[-47.31419,-23.63245],[-47.31404,-23.63245],[-47.31419,-23.63286],[-47.31478,-23.63298],[-47.31478,-23.63285],[-47.31507,-23.63284],[-47.31523,-23.63311],[-47.31537,-23.63311],[-47.31538,-23.63365],[-47.31524,-23.63365],[-47.31524,-23.63379],[-47.31465,-23.6338],[-47.31465,-23.63353],[-47.31421,-23.63367],[-47.31421,-23.63353],[-47.31376,-23.6334],[-47.31376,-23.63354],[-47.31333,-23.63368],[-47.31333,-23.63395],[-47.31627,-23.63391],[-47.31627,-23.63377],[-47.31641,-23.63377],[-47.31644,-23.63499],[-47.31599,-23.635],[-47.316,-23.63513],[-47.31585,-23.63513],[-47.31585,-23.635],[-47.31556,-23.63514],[-47.31555,-23.635],[-47.31541,-23.635],[-47.31541,-23.63514],[-47.31497,-23.63515],[-47.31497,-23.63528],[-47.31468,-23.63529],[-47.31483,-23.63555],[-47.31396,-23.63611],[-47.31426,-23.63651],[-47.3147,-23.6365],[-47.3147,-23.63664],[-47.315,-23.63677],[-47.31486,-23.63718],[-47.31471,-23.63718],[-47.31472,-23.63772],[-47.31443,-23.63773],[-47.31443,-23.63813],[-47.31429,-23.63814],[-47.31429,-23.63841],[-47.31414,-23.63841],[-47.31415,-23.63881],[-47.31459,-23.63894],[-47.31475,-23.63921],[-47.31504,-23.63921],[-47.31504,-23.63934],[-47.31519,-23.63934],[-47.31519,-23.63921],[-47.31533,-23.6392],[-47.31534,-23.63934],[-47.31563,-23.63933],[-47.31563,-23.6392],[-47.31636,-23.63919],[-47.31636,-23.63932],[-47.31651,-23.63932],[-47.31652,-23.63973],[-47.31667,-23.63972],[-47.31666,-23.63945],[-47.31695,-23.63945],[-47.31696,-23.63959],[-47.3174,-23.63985],[-47.31741,-23.64012],[-47.31785,-23.64011],[-47.31785,-23.63998],[-47.31799,-23.63998],[-47.31783,-23.63903],[-47.31798,-23.63903],[-47.31812,-23.63876],[-47.31841,-23.63875],[-47.31841,-23.63862],[-47.31856,-23.63861],[-47.31856,-23.63888],[-47.319,-23.63888],[-47.31914,-23.63847],[-47.31943,-23.63833],[-47.31943,-23.63819],[-47.31914,-23.63806],[-47.31913,-23.63793],[-47.31869,-23.63793],[-47.3187,-23.6382],[-47.31811,-23.63835],[-47.31811,-23.63821],[-47.31781,-23.63822],[-47.31766,-23.63795],[-47.31752,-23.63795],[-47.31752,-23.63809],[-47.31708,-23.63809],[-47.31708,-23.63823],[-47.31723,-23.63823],[-47.31709,-23.63864],[-47.31665,-23.63864],[-47.31664,-23.63851],[-47.31576,-23.63825],[-47.31561,-23.63798],[-47.31546,-23.63798],[-47.3156,-23.63771],[-47.31545,-23.63771],[-47.31544,-23.63717],[-47.31559,-23.63717],[-47.31559,-23.63703],[-47.31603,-23.63703],[-47.31617,-23.63662],[-47.31647,-23.63675],[-47.31661,-23.63648],[-47.31646,-23.63648],[-47.31646,-23.63634],[-47.3169,-23.63634],[-47.3169,-23.6362],[-47.3166,-23.6362],[-47.3166,-23.63607],[-47.3169,-23.63607],[-47.31674,-23.63566],[-47.31659,-23.63566],[-47.31674,-23.63539],[-47.31659,-23.63539],[-47.31658,-23.63512],[-47.31688,-23.63512],[-47.31689,-23.63552],[-47.31733,-23.63552],[-47.31748,-23.63579],[-47.31792,-23.63564],[-47.31792,-23.63605],[-47.31763,-23.63619],[-47.31764,-23.63646],[-47.31808,-23.63672],[-47.31808,-23.63659],[-47.31823,-23.63659],[-47.31821,-23.63577],[-47.31851,-23.63577],[-47.31879,-23.63536],[-47.31894,-23.63536],[-47.31939,-23.63589],[-47.31954,-23.63589],[-47.31954,-23.63575],[-47.31983,-23.63562],[-47.31967,-23.63481],[-47.32011,-23.6348],[-47.3201,-23.63453],[-47.31966,-23.6344],[-47.3198,-23.63413],[-47.31936,-23.63413],[-47.31922,-23.63441],[-47.31892,-23.63441],[-47.31893,-23.63468],[-47.31819,-23.63469],[-47.31833,-23.63428],[-47.31819,-23.63429],[-47.31818,-23.63415],[-47.31804,-23.63415],[-47.31804,-23.63456],[-47.31775,-23.63456],[-47.3176,-23.63429],[-47.3173,-23.6343],[-47.31715,-23.63389],[-47.3173,-23.63389],[-47.3173,-23.63376],[-47.31774,-23.63375],[-47.31787,-23.63321],[-47.31802,-23.6332],[-47.31802,-23.63293],[-47.31816,-23.63293],[-47.31815,-23.63239],[-47.31889,-23.63238],[-47.31889,-23.63251],[-47.31904,-23.63251],[-47.31904,-23.63265],[-47.31889,-23.63265],[-47.3189,-23.63319],[-47.3192,-23.63332],[-47.3192,-23.63359],[-47.3195,-23.63372],[-47.3195,-23.63386],[-47.32009,-23.63385],[-47.32009,-23.63372],[-47.32053,-23.63371],[-47.32067,-23.63344],[-47.32111,-23.63343],[-47.32111,-23.63356],[-47.32126,-23.63356],[-47.32127,-23.63397],[-47.32141,-23.63397],[-47.32143,-23.63464],[-47.32201,-23.63463],[-47.32202,-23.63477],[-47.32187,-23.63477],[-47.32202,-23.63504],[-47.32173,-23.63505],[-47.32173,-23.63518],[-47.32188,-23.63518],[-47.32188,-23.63531],[-47.32173,-23.63532],[-47.32188,-23.63558],[-47.32145,-23.63573],[-47.32145,-23.63586],[-47.32116,-23.636],[-47.32116,-23.63641],[-47.32102,-23.63641],[-47.32117,-23.63695],[-47.32132,-23.63695],[-47.32133,-23.63762],[-47.32119,-23.63763],[-47.32105,-23.63803],[-47.32178,-23.63829],[-47.32178,-23.63816],[-47.32222,-23.63815],[-47.32222,-23.63788],[-47.32266,-23.63787],[-47.32296,-23.63828],[-47.32384,-23.6384],[-47.32385,-23.6388],[-47.3237,-23.63881],[-47.32371,-23.63894],[-47.324,-23.63894],[-47.32401,-23.63921],[-47.32386,-23.63921],[-47.32386,-23.63908],[-47.32342,-23.63908],[-47.32341,-23.63895],[-47.32297,-23.63895],[-47.32283,-23.63936],[-47.32269,-23.63936],[-47.32269,-23.63963],[-47.3221,-23.63964],[-47.3221,-23.63924],[-47.32195,-23.63924],[-47.32195,-23.6391],[-47.32136,-23.63898],[-47.3212,-23.63871],[-47.32062,-23.63872],[-47.32062,-23.63885],[-47.32047,-23.63886],[-47.32048,-23.63926],[-47.32063,-23.63926],[-47.32064,-23.6398],[-47.32049,-23.6398],[-47.32064,-23.64021],[-47.3205,-23.64021],[-47.3205,-23.64034],[-47.32006,-23.64035],[-47.32005,-23.64022],[-47.31962,-23.64036],[-47.31962,-23.64076],[-47.31977,-23.64076],[-47.31977,-23.6409],[-47.31963,-23.6409],[-47.31949,-23.64131],[-47.3189,-23.64132],[-47.31889,-23.64091],[-47.3186,-23.64105],[-47.3186,-23.64119],[-47.31831,-23.64119],[-47.31833,-23.64268],[-47.31804,-23.64282],[-47.31805,-23.64309],[-47.3179,-23.64309],[-47.31792,-23.64404],[-47.31806,-23.64404],[-47.31807,-23.64417],[-47.31895,-23.64416],[-47.31894,-23.64375],[-47.31938,-23.64375],[-47.31938,-23.64334],[-47.31996,-23.64333],[-47.32011,-23.6436],[-47.32099,-23.64332],[-47.32085,-23.64372],[-47.32189,-23.64452],[-47.32189,-23.64425],[-47.32218,-23.64425],[-47.32203,-23.64398],[-47.32233,-23.64397],[-47.32232,-23.64343],[-47.32261,-23.64343],[-47.32261,-23.64356],[-47.32276,-23.64356],[-47.32277,-23.64397],[-47.32247,-23.64397],[-47.32248,-23.64451],[-47.32263,-23.64451],[-47.32263,-23.64465],[-47.32234,-23.64465],[-47.3222,-23.64533],[-47.3225,-23.64546],[-47.32265,-23.64586],[-47.3228,-23.64586],[-47.32295,-23.64613],[-47.32325,-23.64613],[-47.32325,-23.64626],[-47.32384,-23.64625],[-47.32411,-23.64517],[-47.3244,-23.64516],[-47.3244,-23.64489],[-47.32455,-23.64489],[-47.32439,-23.64421],[-47.32497,-23.6438],[-47.32497,-23.64366],[-47.3257,-23.64352],[-47.3257,-23.64338],[-47.32584,-23.64338],[-47.32585,-23.64351],[-47.32672,-23.64337],[-47.32687,-23.64309],[-47.32716,-23.64295],[-47.32715,-23.64268],[-47.32745,-23.64254],[-47.32744,-23.64227],[-47.32773,-23.64227],[-47.32788,-23.64199],[-47.32802,-23.64199],[-47.32802,-23.64172],[-47.32758,-23.642],[-47.32758,-23.64213],[-47.32568,-23.6423],[-47.32568,-23.64257],[-47.32583,-23.64257],[-47.32569,-23.64297],[-47.32525,-23.64298],[-47.32525,-23.64312],[-47.32496,-23.64312],[-47.32496,-23.64326],[-47.32437,-23.6434],[-47.32437,-23.64299],[-47.32422,-23.643],[-47.32422,-23.64286],[-47.32333,-23.6426],[-47.32332,-23.6422],[-47.32347,-23.6422],[-47.32347,-23.64193],[-47.32376,-23.64179],[-47.32375,-23.64151],[-47.32346,-23.64152],[-47.32331,-23.64125],[-47.32301,-23.64125],[-47.32286,-23.64099],[-47.32242,-23.64099],[-47.32242,-23.64113],[-47.32213,-23.64113],[-47.32213,-23.6414],[-47.32184,-23.64141],[-47.32183,-23.641],[-47.32124,-23.6406],[-47.32123,-23.6402],[-47.32138,-23.6402],[-47.32138,-23.64006],[-47.32182,-23.64005],[-47.32182,-23.64019],[-47.32226,-23.64032],[-47.32226,-23.64018],[-47.32241,-23.64018],[-47.32241,-23.64032],[-47.3227,-23.64031],[-47.3227,-23.64045],[-47.32329,-23.64044],[-47.32343,-23.64017],[-47.32388,-23.64016],[-47.32388,-23.64029],[-47.32402,-23.64029],[-47.32404,-23.64097],[-47.32418,-23.64097],[-47.3242,-23.64164],[-47.32508,-23.64177],[-47.32508,-23.64163],[-47.32581,-23.64148],[-47.32581,-23.64135],[-47.32595,-23.64135],[-47.32595,-23.64094],[-47.32624,-23.64094],[-47.32624,-23.6408],[-47.3258,-23.64081],[-47.3258,-23.64108],[-47.32551,-23.64108],[-47.32536,-23.64081],[-47.32477,-23.64069],[-47.32476,-23.64055],[-47.32506,-23.64055],[-47.32505,-23.64028],[-47.32549,-23.64],[-47.32549,-23.63986],[-47.32563,-23.63986],[-47.32563,-23.63946],[-47.32533,-23.63932],[-47.32533,-23.63905],[-47.32474,-23.6392],[-47.32459,-23.63893]],[[-47.32462,-23.64055],[-47.32461,-23.64042],[-47.32476,-23.64042],[-47.32476,-23.64055],[-47.32462,-23.64055]],[[-47.32505,-23.63175],[-47.3249,-23.63175],[-47.32489,-23.63107],[-47.32533,-23.63093],[-47.32533,-23.63106],[-47.32563,-23.6312],[-47.32563,-23.63147],[-47.32637,-23.63145],[-47.32636,-23.63118],[-47.32666,-23.63118],[-47.32696,-23.63158],[-47.32755,-23.63198],[-47.32741,-23.63252],[-47.32712,-23.63239],[-47.32698,-23.6328],[-47.32639,-23.63267],[-47.32639,-23.63254],[-47.32594,-23.63227],[-47.32594,-23.63214],[-47.3252,-23.63215],[-47.3252,-23.63201],[-47.32505,-23.63202],[-47.32505,-23.63175]],[[-47.31593,-23.63107],[-47.31593,-23.6312],[-47.31563,-23.63121],[-47.31563,-23.63107],[-47.31593,-23.63107]],[[-47.31059,-23.62858],[-47.31089,-23.62871],[-47.31088,-23.62857],[-47.31191,-23.62842],[-47.31221,-23.62882],[-47.31251,-23.62882],[-47.31251,-23.62909],[-47.31178,-23.6291],[-47.31178,-23.62924],[-47.31163,-23.62924],[-47.31164,-23.62964],[-47.31149,-23.62965],[-47.31135,-23.63005],[-47.31091,-23.62993],[-47.31075,-23.62939],[-47.3106,-23.62939],[-47.31045,-23.62912],[-47.31031,-23.62912],[-47.3103,-23.62885],[-47.31059,-23.62871],[-47.31059,-23.62858]]],[[[-47.3108,-23.63236],[-47.31095,-23.63236],[-47.31095,-23.63223],[-47.3108,-23.63223],[-47.3108,-23.63236]]],[[[-47.32454,-23.56973],[-47.3244,-23.56974],[-47.32439,-23.56947],[-47.32425,-23.56947],[-47.32423,-23.56838],[-47.32437,-23.56838],[-47.32437,-23.56811],[-47.32466,-23.56811],[-47.32553,-23.56715],[-47.32596,-23.56687],[-47.32596,-23.56646],[-47.3264,-23.56646],[-47.3267,-23.56713],[-47.32655,-23.56713],[-47.32641,-23.5674],[-47.32612,-23.56741],[-47.32612,-23.56754],[-47.32641,-23.56754],[-47.32642,-23.56767],[-47.3273,-23.56753],[-47.32729,-23.56739],[-47.32788,-23.56752],[-47.32805,-23.56846],[-47.32849,-23.56873],[-47.3285,-23.569],[-47.32909,-23.56939],[-47.32911,-23.57048],[-47.32896,-23.57048],[-47.32897,-23.57089],[-47.32882,-23.57089],[-47.32883,-23.57116],[-47.32868,-23.57116],[-47.32869,-23.57157],[-47.3284,-23.57171],[-47.32841,-23.57238],[-47.32665,-23.57241],[-47.32665,-23.57228],[-47.3262,-23.57228],[-47.32606,-23.57255],[-47.32577,-23.57256],[-47.32576,-23.57202],[-47.32635,-23.57201],[-47.32634,-23.57187],[-47.32664,-23.57173],[-47.32663,-23.57146],[-47.32692,-23.57132],[-47.32692,-23.57105],[-47.32721,-23.57091],[-47.32735,-23.57064],[-47.32588,-23.57066],[-47.32588,-23.5708],[-47.3253,-23.57081],[-47.3253,-23.57094],[-47.32471,-23.57109],[-47.32472,-23.57122],[-47.32443,-23.57136],[-47.32415,-23.57258],[-47.32386,-23.57259],[-47.32387,-23.57299],[-47.32343,-23.57327],[-47.32358,-23.57354],[-47.32329,-23.57368],[-47.3233,-23.57436],[-47.32477,-23.57433],[-47.32477,-23.5742],[-47.32506,-23.57419],[-47.32521,-23.57392],[-47.32638,-23.57377],[-47.32638,-23.57404],[-47.32668,-23.57404],[-47.32683,-23.5743],[-47.32639,-23.57445],[-47.32625,-23.57485],[-47.3261,-23.57486],[-47.32596,-23.57513],[-47.32567,-23.57513],[-47.32553,-23.57554],[-47.32538,-23.57554],[-47.32509,-23.57595],[-47.3248,-23.57596],[-47.3248,-23.57609],[-47.32289,-23.57612],[-47.3229,-23.57626],[-47.32246,-23.57626],[-47.32246,-23.5764],[-47.32172,-23.57641],[-47.32144,-23.57682],[-47.321,-23.5771],[-47.32101,-23.57751],[-47.32086,-23.57751],[-47.32087,-23.57791],[-47.32101,-23.57791],[-47.32102,-23.57805],[-47.32527,-23.57785],[-47.32527,-23.57771],[-47.32586,-23.57757],[-47.32614,-23.57716],[-47.32688,-23.57701],[-47.32687,-23.57688],[-47.32951,-23.5767],[-47.32951,-23.57657],[-47.32981,-23.57656],[-47.3298,-23.57643],[-47.3301,-23.57642],[-47.33009,-23.57629],[-47.33068,-23.57628],[-47.33082,-23.576],[-47.33097,-23.576],[-47.33097,-23.57573],[-47.33111,-23.57573],[-47.33111,-23.57532],[-47.33154,-23.57518],[-47.33212,-23.5745],[-47.33241,-23.57449],[-47.33241,-23.57436],[-47.33315,-23.57434],[-47.33314,-23.57407],[-47.33329,-23.57407],[-47.33194,-23.574],[-47.33105,-23.5734],[-47.32955,-23.57133],[-47.32913,-23.56811],[-47.32839,-23.56657],[-47.32788,-23.56305],[-47.32722,-23.56306],[-47.32722,-23.56319],[-47.32693,-23.5632],[-47.32693,-23.5636],[-47.32679,-23.56361],[-47.32664,-23.56388],[-47.32547,-23.5639],[-47.32533,-23.56417],[-47.32474,-23.56431],[-47.32461,-23.56499],[-47.32432,-23.56513],[-47.32432,-23.56527],[-47.32402,-23.56527],[-47.32403,-23.56541],[-47.32315,-23.56542],[-47.32315,-23.56556],[-47.32271,-23.5657],[-47.32257,-23.56597],[-47.32213,-23.56598],[-47.32199,-23.56625],[-47.32184,-23.56625],[-47.32199,-23.56666],[-47.32155,-23.56666],[-47.32155,-23.5668],[-47.32024,-23.56709],[-47.32024,-23.56723],[-47.31965,-23.56723],[-47.31966,-23.56791],[-47.31981,-23.56791],[-47.31982,-23.56818],[-47.31937,-23.56819],[-47.31938,-23.56846],[-47.31909,-23.5686],[-47.31909,-23.56887],[-47.31954,-23.569],[-47.31954,-23.5694],[-47.3191,-23.56941],[-47.3191,-23.56954],[-47.31866,-23.56955],[-47.31867,-23.56969],[-47.31838,-23.56983],[-47.31838,-23.57037],[-47.32456,-23.57041],[-47.32454,-23.56973]],[[-47.31953,-23.56886],[-47.31939,-23.56886],[-47.31938,-23.56873],[-47.31953,-23.56873],[-47.31953,-23.56886]]],[[[-47.23248,-23.56391],[-47.23249,-23.56431],[-47.23293,-23.56431],[-47.2328,-23.56526],[-47.23324,-23.56539],[-47.23324,-23.56552],[-47.23354,-23.56565],[-47.23354,-23.56592],[-47.23399,-23.56605],[-47.23399,-23.56632],[-47.23355,-23.56633],[-47.2337,-23.5666],[-47.23517,-23.56658],[-47.23517,-23.56644],[-47.23576,-23.56643],[-47.23575,-23.5663],[-47.23605,-23.56643],[-47.23605,-23.56629],[-47.23634,-23.56629],[-47.23648,-23.56588],[-47.23619,-23.56575],[-47.23603,-23.56535],[-47.23632,-23.56521],[-47.23647,-23.56547],[-47.23692,-23.5656],[-47.23692,-23.56601],[-47.23722,-23.56601],[-47.23722,-23.56614],[-47.23737,-23.56614],[-47.23736,-23.566],[-47.23795,-23.56599],[-47.23795,-23.56613],[-47.2381,-23.56613],[-47.23811,-23.56653],[-47.23796,-23.56654],[-47.23796,-23.56667],[-47.23914,-23.56665],[-47.23914,-23.56652],[-47.23958,-23.56651],[-47.23958,-23.56665],[-47.2409,-23.56663],[-47.2409,-23.56676],[-47.24119,-23.56663],[-47.24119,-23.56622],[-47.24089,-23.56609],[-47.24074,-23.56555],[-47.24044,-23.56555],[-47.24044,-23.56542],[-47.24015,-23.56542],[-47.23986,-23.56583],[-47.23913,-23.56584],[-47.23912,-23.56571],[-47.23898,-23.56571],[-47.23882,-23.56517],[-47.23926,-23.56489],[-47.2394,-23.56462],[-47.23925,-23.56462],[-47.23924,-23.56394],[-47.23909,-23.56395],[-47.23909,-23.56368],[-47.23894,-23.56368],[-47.23893,-23.56314],[-47.23864,-23.56314],[-47.23863,-23.56273],[-47.23878,-23.56273],[-47.23878,-23.5626],[-47.23862,-23.56233],[-47.23804,-23.5622],[-47.23803,-23.56207],[-47.23759,-23.56207],[-47.23759,-23.56194],[-47.237,-23.56195],[-47.237,-23.56181],[-47.23671,-23.56181],[-47.2367,-23.56168],[-47.23626,-23.56169],[-47.23596,-23.56128],[-47.23567,-23.56129],[-47.23567,-23.56115],[-47.2342,-23.56117],[-47.2342,-23.56131],[-47.23376,-23.56132],[-47.23362,-23.56159],[-47.23347,-23.56159],[-47.23347,-23.56173],[-47.23333,-23.56173],[-47.23335,-23.56335],[-47.23306,-23.56349],[-47.23292,-23.5639],[-47.23248,-23.56391]]],[[[-47.16893,-23.72772],[-47.16878,-23.72772],[-47.16878,-23.72786],[-47.16893,-23.72786],[-47.16893,-23.72772]]],[[[-47.17021,-23.72499],[-47.17006,-23.725],[-47.17006,-23.72513],[-47.17021,-23.72513],[-47.17021,-23.72499]]],[[[-47.1674,-23.72436],[-47.16769,-23.72435],[-47.16769,-23.72422],[-47.1674,-23.72408],[-47.1674,-23.72436]]],[[[-47.12757,-23.71719],[-47.12757,-23.71733],[-47.12684,-23.71734],[-47.12683,-23.7172],[-47.12654,-23.7172],[-47.12654,-23.71707],[-47.12565,-23.71681],[-47.12565,-23.71667],[-47.12521,-23.71668],[-47.1252,-23.71641],[-47.12476,-23.71655],[-47.12476,-23.71642],[-47.12447,-23.71642],[-47.12448,-23.71696],[-47.12418,-23.71697],[-47.1242,-23.71791],[-47.12464,-23.71804],[-47.12479,-23.71831],[-47.12494,-23.71831],[-47.12495,-23.71872],[-47.12465,-23.71885],[-47.12482,-23.72007],[-47.12467,-23.72007],[-47.12468,-23.72034],[-47.12439,-23.72048],[-47.1244,-23.72143],[-47.12455,-23.72143],[-47.12455,-23.72156],[-47.12485,-23.72156],[-47.12484,-23.72143],[-47.12529,-23.72155],[-47.12528,-23.72142],[-47.1269,-23.72126],[-47.12704,-23.72072],[-47.12777,-23.72071],[-47.12778,-23.72111],[-47.12837,-23.72111],[-47.12837,-23.72138],[-47.12911,-23.72137],[-47.1291,-23.72096],[-47.12939,-23.72082],[-47.12968,-23.72041],[-47.13056,-23.72013],[-47.13069,-23.71931],[-47.13099,-23.71931],[-47.13156,-23.71862],[-47.1323,-23.71848],[-47.13244,-23.71794],[-47.13229,-23.71794],[-47.13213,-23.71699],[-47.13183,-23.71686],[-47.13182,-23.71645],[-47.13197,-23.71645],[-47.13196,-23.71605],[-47.13182,-23.71605],[-47.13181,-23.71591],[-47.13064,-23.71579],[-47.13064,-23.71606],[-47.13035,-23.7162],[-47.13035,-23.71634],[-47.12888,-23.71636],[-47.12874,-23.71663],[-47.12844,-23.71664],[-47.1283,-23.71704],[-47.12786,-23.71705],[-47.12786,-23.71719],[-47.12757,-23.71719]]],[[[-47.1196,-23.7154],[-47.1196,-23.71567],[-47.11946,-23.71568],[-47.11946,-23.71622],[-47.11961,-23.71622],[-47.11961,-23.71635],[-47.11917,-23.71636],[-47.11917,-23.71622],[-47.11902,-23.71622],[-47.11903,-23.71663],[-47.11976,-23.71648],[-47.11991,-23.71675],[-47.12021,-23.71675],[-47.12021,-23.71688],[-47.1208,-23.71688],[-47.12079,-23.71661],[-47.12109,-23.71647],[-47.1211,-23.71714],[-47.12124,-23.71714],[-47.12125,-23.71728],[-47.1211,-23.71728],[-47.12096,-23.71755],[-47.12052,-23.71756],[-47.12038,-23.71797],[-47.12052,-23.71796],[-47.12053,-23.71837],[-47.12082,-23.71837],[-47.12113,-23.71917],[-47.12157,-23.71917],[-47.12157,-23.71903],[-47.12201,-23.71903],[-47.12201,-23.71889],[-47.12216,-23.71889],[-47.12215,-23.71862],[-47.12318,-23.7186],[-47.12317,-23.71806],[-47.12273,-23.7178],[-47.12272,-23.71753],[-47.12257,-23.71753],[-47.12271,-23.71712],[-47.12227,-23.71713],[-47.12197,-23.71672],[-47.12183,-23.71673],[-47.12181,-23.71578],[-47.12196,-23.71578],[-47.12195,-23.71551],[-47.1221,-23.7155],[-47.1221,-23.71523],[-47.12224,-23.71523],[-47.12238,-23.71469],[-47.12253,-23.71469],[-47.12252,-23.71428],[-47.12281,-23.71414],[-47.12281,-23.71387],[-47.12296,-23.71387],[-47.12295,-23.71319],[-47.12251,-23.71333],[-47.1225,-23.71293],[-47.12191,-23.71293],[-47.12148,-23.71348],[-47.12074,-23.71349],[-47.12075,-23.71363],[-47.12045,-23.71363],[-47.12045,-23.71377],[-47.12016,-23.71391],[-47.11989,-23.71526],[-47.1196,-23.7154]]],[[[-47.10616,-23.7122],[-47.1066,-23.7122],[-47.10705,-23.71273],[-47.10735,-23.71273],[-47.10735,-23.71259],[-47.10794,-23.71272],[-47.10795,-23.7134],[-47.1078,-23.7134],[-47.1078,-23.71367],[-47.10766,-23.71367],[-47.10767,-23.71421],[-47.10781,-23.71421],[-47.10811,-23.71461],[-47.10855,-23.71461],[-47.10871,-23.71501],[-47.109,-23.71501],[-47.109,-23.71514],[-47.10959,-23.71513],[-47.10974,-23.71486],[-47.10988,-23.71486],[-47.10988,-23.71445],[-47.11017,-23.71445],[-47.11017,-23.71472],[-47.11047,-23.71472],[-47.11031,-23.71404],[-47.11046,-23.71404],[-47.1103,-23.71363],[-47.11045,-23.71363],[-47.11045,-23.7135],[-47.11001,-23.71337],[-47.10985,-23.7131],[-47.10971,-23.7131],[-47.10955,-23.71243],[-47.1094,-23.71243],[-47.1094,-23.71202],[-47.10925,-23.71202],[-47.10924,-23.71162],[-47.10895,-23.71149],[-47.10894,-23.71108],[-47.10879,-23.71108],[-47.10864,-23.71054],[-47.10775,-23.71028],[-47.1076,-23.71001],[-47.10745,-23.71002],[-47.10744,-23.70948],[-47.10773,-23.70934],[-47.10773,-23.7092],[-47.10817,-23.70919],[-47.10846,-23.70878],[-47.10802,-23.70865],[-47.10802,-23.70852],[-47.10772,-23.70852],[-47.10772,-23.70839],[-47.1064,-23.70841],[-47.1064,-23.70854],[-47.10566,-23.70869],[-47.10551,-23.70815],[-47.10507,-23.70802],[-47.10491,-23.70775],[-47.10506,-23.70775],[-47.10505,-23.70734],[-47.1052,-23.70734],[-47.1052,-23.7072],[-47.10579,-23.7072],[-47.10579,-23.70706],[-47.10622,-23.70692],[-47.10607,-23.70651],[-47.10577,-23.70638],[-47.10562,-23.70611],[-47.10489,-23.70612],[-47.10475,-23.7064],[-47.1046,-23.7064],[-47.1046,-23.70626],[-47.1043,-23.70613],[-47.1043,-23.70586],[-47.10415,-23.70586],[-47.10399,-23.70532],[-47.10385,-23.70533],[-47.10355,-23.70492],[-47.10267,-23.70507],[-47.10267,-23.70521],[-47.10252,-23.70521],[-47.10253,-23.70561],[-47.10342,-23.70628],[-47.10343,-23.70696],[-47.10299,-23.7071],[-47.103,-23.7075],[-47.10315,-23.7075],[-47.10315,-23.70764],[-47.10374,-23.70763],[-47.10402,-23.70722],[-47.10432,-23.70722],[-47.10432,-23.70762],[-47.10447,-23.70762],[-47.10462,-23.70802],[-47.10477,-23.70802],[-47.10477,-23.70816],[-47.10463,-23.70816],[-47.10449,-23.70897],[-47.10406,-23.70925],[-47.10406,-23.70966],[-47.10436,-23.70965],[-47.10436,-23.70992],[-47.10451,-23.70992],[-47.1045,-23.70965],[-47.10495,-23.70978],[-47.10494,-23.70951],[-47.10538,-23.7095],[-47.10541,-23.71086],[-47.10629,-23.71085],[-47.10629,-23.71098],[-47.10526,-23.71099],[-47.10526,-23.71127],[-47.10585,-23.71126],[-47.10586,-23.71153],[-47.10615,-23.71152],[-47.10616,-23.7122]],[[-47.10465,-23.70965],[-47.10465,-23.70951],[-47.1048,-23.70951],[-47.1048,-23.70965],[-47.10465,-23.70965]]],[[[-47.12522,-23.70828],[-47.12551,-23.70787],[-47.12595,-23.70787],[-47.12595,-23.70773],[-47.12609,-23.70773],[-47.12625,-23.70813],[-47.12639,-23.70813],[-47.1264,-23.7084],[-47.12728,-23.70839],[-47.12729,-23.70893],[-47.12685,-23.70907],[-47.12701,-23.70988],[-47.1276,-23.71001],[-47.1276,-23.71028],[-47.1285,-23.71095],[-47.1285,-23.71135],[-47.1288,-23.71135],[-47.12909,-23.71094],[-47.12953,-23.71093],[-47.12967,-23.71066],[-47.12996,-23.71066],[-47.12997,-23.71079],[-47.1304,-23.71065],[-47.1304,-23.71011],[-47.13025,-23.71011],[-47.13009,-23.70917],[-47.13038,-23.70903],[-47.13022,-23.70849],[-47.13052,-23.70848],[-47.13051,-23.70808],[-47.13066,-23.70807],[-47.13066,-23.70794],[-47.12977,-23.70768],[-47.12976,-23.70741],[-47.12991,-23.70741],[-47.12991,-23.70714],[-47.1302,-23.70713],[-47.1302,-23.707],[-47.13079,-23.70699],[-47.13078,-23.70672],[-47.13049,-23.70672],[-47.13049,-23.70659],[-47.12813,-23.70662],[-47.12813,-23.70648],[-47.12784,-23.70649],[-47.12783,-23.70635],[-47.12754,-23.70636],[-47.12754,-23.70622],[-47.1271,-23.70623],[-47.12681,-23.70664],[-47.12637,-23.70678],[-47.12623,-23.70705],[-47.12593,-23.70706],[-47.12593,-23.70692],[-47.12579,-23.70692],[-47.12579,-23.70733],[-47.12403,-23.70735],[-47.12374,-23.70776],[-47.12359,-23.70776],[-47.1236,-23.70817],[-47.12389,-23.70817],[-47.1239,-23.7083],[-47.12522,-23.70828]]],[[[-47.12593,-23.70692],[-47.12623,-23.70692],[-47.12622,-23.70665],[-47.12593,-23.70678],[-47.12593,-23.70692]]],[[[-47.11858,-23.69808],[-47.11859,-23.69822],[-47.11873,-23.69822],[-47.11873,-23.69808],[-47.11858,-23.69808]]],[[[-47.12904,-23.68061],[-47.12903,-23.68006],[-47.12932,-23.67992],[-47.12931,-23.67952],[-47.1296,-23.67938],[-47.12959,-23.67884],[-47.12989,-23.6787],[-47.12986,-23.67734],[-47.12942,-23.67708],[-47.12927,-23.67681],[-47.12883,-23.67682],[-47.12882,-23.67627],[-47.12926,-23.67613],[-47.12925,-23.676],[-47.1297,-23.67599],[-47.12969,-23.67586],[-47.12955,-23.67586],[-47.12954,-23.67559],[-47.12911,-23.67586],[-47.1288,-23.67519],[-47.12733,-23.67521],[-47.12719,-23.67548],[-47.12704,-23.67549],[-47.12705,-23.67589],[-47.12676,-23.67603],[-47.12662,-23.67658],[-47.12647,-23.67658],[-47.12649,-23.67753],[-47.12634,-23.67753],[-47.12635,-23.67807],[-47.1262,-23.67807],[-47.12622,-23.67915],[-47.12607,-23.67916],[-47.12608,-23.67956],[-47.12593,-23.67956],[-47.12593,-23.67984],[-47.12608,-23.67983],[-47.1261,-23.68078],[-47.12624,-23.68078],[-47.12625,-23.68091],[-47.1261,-23.68092],[-47.12611,-23.68159],[-47.12596,-23.6816],[-47.12596,-23.68146],[-47.12581,-23.68146],[-47.12581,-23.68092],[-47.12566,-23.68092],[-47.12565,-23.68065],[-47.12551,-23.68065],[-47.12532,-23.67835],[-47.12518,-23.67836],[-47.12517,-23.67809],[-47.12502,-23.67809],[-47.12516,-23.67727],[-47.1253,-23.67727],[-47.1253,-23.677],[-47.12545,-23.677],[-47.12544,-23.67632],[-47.12573,-23.67618],[-47.12572,-23.67591],[-47.12513,-23.67578],[-47.12498,-23.67551],[-47.12469,-23.67552],[-47.12454,-23.67525],[-47.12439,-23.67525],[-47.12439,-23.67539],[-47.12366,-23.6754],[-47.1235,-23.67499],[-47.12336,-23.675],[-47.12335,-23.67445],[-47.12305,-23.67432],[-47.12305,-23.67405],[-47.12231,-23.67406],[-47.12231,-23.67393],[-47.12011,-23.67409],[-47.12011,-23.67436],[-47.11938,-23.67437],[-47.11938,-23.67464],[-47.11923,-23.67465],[-47.11909,-23.67492],[-47.1185,-23.67493],[-47.11851,-23.67533],[-47.11836,-23.67533],[-47.11822,-23.67561],[-47.11793,-23.67561],[-47.11792,-23.67548],[-47.11748,-23.67548],[-47.11733,-23.67521],[-47.11718,-23.67522],[-47.11719,-23.67535],[-47.11631,-23.67536],[-47.11615,-23.67509],[-47.11586,-23.6751],[-47.11586,-23.67537],[-47.11542,-23.67537],[-47.11527,-23.67497],[-47.11512,-23.67497],[-47.11497,-23.6747],[-47.11424,-23.67471],[-47.11423,-23.67458],[-47.11379,-23.67458],[-47.11364,-23.67432],[-47.11349,-23.67432],[-47.1135,-23.67445],[-47.11306,-23.67446],[-47.11304,-23.67324],[-47.11289,-23.67324],[-47.11289,-23.67311],[-47.11112,-23.673],[-47.11113,-23.67327],[-47.11069,-23.67354],[-47.1107,-23.67422],[-47.11085,-23.67422],[-47.11087,-23.67571],[-47.11102,-23.67571],[-47.11102,-23.67611],[-47.11191,-23.67637],[-47.11236,-23.67691],[-47.11265,-23.6769],[-47.11281,-23.67717],[-47.11295,-23.67717],[-47.11295,-23.6773],[-47.1131,-23.6773],[-47.1131,-23.67703],[-47.11339,-23.67703],[-47.11353,-23.67662],[-47.11412,-23.67648],[-47.11399,-23.6777],[-47.11473,-23.67782],[-47.11473,-23.67796],[-47.11561,-23.67795],[-47.11561,-23.67808],[-47.11679,-23.67806],[-47.11694,-23.67833],[-47.11753,-23.67833],[-47.11768,-23.67859],[-47.11797,-23.67859],[-47.11798,-23.67913],[-47.11813,-23.67913],[-47.11813,-23.67926],[-47.11843,-23.67926],[-47.11858,-23.67953],[-47.11917,-23.67952],[-47.11917,-23.67966],[-47.1199,-23.67951],[-47.11975,-23.67911],[-47.11989,-23.67911],[-47.11989,-23.67897],[-47.11975,-23.67897],[-47.11974,-23.67884],[-47.12018,-23.67856],[-47.12018,-23.67829],[-47.12032,-23.67829],[-47.1206,-23.67747],[-47.12178,-23.67745],[-47.12193,-23.67786],[-47.12208,-23.67786],[-47.12208,-23.67813],[-47.12223,-23.67813],[-47.12224,-23.6784],[-47.12238,-23.67839],[-47.12239,-23.67866],[-47.12253,-23.67866],[-47.12269,-23.67907],[-47.12283,-23.67907],[-47.1227,-23.68015],[-47.12227,-23.68029],[-47.12227,-23.68056],[-47.12125,-23.68085],[-47.12125,-23.68112],[-47.1211,-23.68112],[-47.12099,-23.68315],[-47.12129,-23.68328],[-47.12145,-23.68409],[-47.12159,-23.68409],[-47.1216,-23.6845],[-47.12175,-23.6845],[-47.12161,-23.68491],[-47.1219,-23.68504],[-47.12192,-23.68612],[-47.12207,-23.68612],[-47.12207,-23.68625],[-47.12251,-23.68625],[-47.12251,-23.68638],[-47.12295,-23.68638],[-47.12295,-23.68624],[-47.12324,-23.68624],[-47.12339,-23.68596],[-47.12368,-23.68582],[-47.12367,-23.68542],[-47.12382,-23.68542],[-47.12382,-23.68528],[-47.12426,-23.68541],[-47.12426,-23.68528],[-47.12441,-23.68527],[-47.12441,-23.68541],[-47.1247,-23.6854],[-47.12471,-23.68568],[-47.12485,-23.68567],[-47.12485,-23.68581],[-47.12471,-23.68581],[-47.12472,-23.68635],[-47.12486,-23.68635],[-47.12487,-23.68676],[-47.12414,-23.6869],[-47.12398,-23.6865],[-47.12295,-23.68651],[-47.12296,-23.68665],[-47.12237,-23.68666],[-47.12237,-23.68679],[-47.12193,-23.68666],[-47.12194,-23.6872],[-47.12179,-23.6872],[-47.12179,-23.68734],[-47.12194,-23.68734],[-47.12196,-23.68842],[-47.12225,-23.68855],[-47.12227,-23.6895],[-47.12212,-23.6895],[-47.12213,-23.68977],[-47.12183,-23.68978],[-47.12184,-23.69005],[-47.12154,-23.69019],[-47.1214,-23.6906],[-47.12096,-23.6906],[-47.12096,-23.69047],[-47.12081,-23.69047],[-47.12082,-23.69101],[-47.12067,-23.69101],[-47.12068,-23.69115],[-47.12082,-23.69115],[-47.12083,-23.69142],[-47.12039,-23.69142],[-47.12039,-23.69156],[-47.1201,-23.6917],[-47.12011,-23.69237],[-47.11923,-23.69239],[-47.11923,-23.69252],[-47.11894,-23.69266],[-47.11895,-23.6932],[-47.11865,-23.69334],[-47.11866,-23.69388],[-47.11837,-23.69402],[-47.11837,-23.69416],[-47.11778,-23.69417],[-47.11779,-23.6943],[-47.11764,-23.6943],[-47.11766,-23.69579],[-47.11781,-23.69579],[-47.11782,-23.69606],[-47.11796,-23.69606],[-47.11768,-23.69661],[-47.11841,-23.6966],[-47.11842,-23.69687],[-47.11827,-23.69687],[-47.11829,-23.69795],[-47.11843,-23.69795],[-47.11844,-23.69808],[-47.11887,-23.69781],[-47.11902,-23.69754],[-47.12048,-23.69738],[-47.12048,-23.69711],[-47.12063,-23.69711],[-47.12077,-23.6967],[-47.12268,-23.69667],[-47.12268,-23.69654],[-47.12312,-23.69653],[-47.12308,-23.69436],[-47.12323,-23.69436],[-47.12322,-23.69409],[-47.12337,-23.69409],[-47.12364,-23.69273],[-47.12423,-23.69232],[-47.12436,-23.69164],[-47.1248,-23.69163],[-47.1248,-23.6915],[-47.12539,-23.69135],[-47.12538,-23.69122],[-47.12568,-23.69121],[-47.12568,-23.69108],[-47.12597,-23.69107],[-47.12597,-23.69135],[-47.12612,-23.69134],[-47.12646,-23.69418],[-47.12661,-23.69418],[-47.12662,-23.69486],[-47.12677,-23.69486],[-47.12677,-23.6954],[-47.12692,-23.6954],[-47.12693,-23.69567],[-47.12707,-23.69566],[-47.12708,-23.69607],[-47.12796,-23.69579],[-47.12796,-23.69565],[-47.12825,-23.69565],[-47.12825,-23.69551],[-47.12869,-23.69551],[-47.12869,-23.69537],[-47.12927,-23.69523],[-47.12927,-23.69509],[-47.12971,-23.69509],[-47.12971,-23.69495],[-47.13029,-23.69481],[-47.13029,-23.69467],[-47.13,-23.69468],[-47.12999,-23.69441],[-47.13044,-23.6944],[-47.13059,-23.69467],[-47.13103,-23.69453],[-47.13102,-23.69426],[-47.13072,-23.69412],[-47.13072,-23.69358],[-47.13101,-23.69358],[-47.13115,-23.69331],[-47.13159,-23.69303],[-47.13158,-23.69276],[-47.13217,-23.69234],[-47.13216,-23.69167],[-47.13186,-23.69154],[-47.13186,-23.6914],[-47.132,-23.6914],[-47.132,-23.69086],[-47.13185,-23.69086],[-47.13184,-23.69045],[-47.13169,-23.69045],[-47.13169,-23.69005],[-47.13154,-23.69005],[-47.13153,-23.68964],[-47.13124,-23.68951],[-47.13124,-23.68938],[-47.13094,-23.68938],[-47.13079,-23.68911],[-47.13035,-23.68898],[-47.13034,-23.68871],[-47.1302,-23.68871],[-47.13004,-23.68831],[-47.1299,-23.68831],[-47.12974,-23.68764],[-47.12944,-23.68751],[-47.12943,-23.6871],[-47.12899,-23.68684],[-47.12898,-23.68643],[-47.12884,-23.68643],[-47.12883,-23.68616],[-47.12868,-23.68616],[-47.12868,-23.68576],[-47.12823,-23.68563],[-47.12823,-23.68522],[-47.12837,-23.68522],[-47.12837,-23.68508],[-47.12823,-23.68509],[-47.12821,-23.68427],[-47.12807,-23.68427],[-47.12806,-23.68387],[-47.12791,-23.68387],[-47.1279,-23.68319],[-47.12805,-23.68319],[-47.12804,-23.68292],[-47.12745,-23.68266],[-47.1273,-23.68225],[-47.12818,-23.68238],[-47.12832,-23.68197],[-47.12861,-23.68183],[-47.12861,-23.68142],[-47.12875,-23.68142],[-47.12875,-23.68102],[-47.12889,-23.68101],[-47.12889,-23.68061],[-47.12904,-23.68061]],[[-47.127,-23.68226],[-47.127,-23.68212],[-47.1273,-23.68212],[-47.1273,-23.68225],[-47.127,-23.68226]]],[[[-47.10064,-23.66136],[-47.10064,-23.66149],[-47.09976,-23.6615],[-47.09946,-23.6611],[-47.09917,-23.66111],[-47.09917,-23.66124],[-47.09873,-23.66138],[-47.09874,-23.66206],[-47.0986,-23.66206],[-47.0986,-23.6626],[-47.09846,-23.6626],[-47.09848,-23.66436],[-47.09819,-23.6645],[-47.0982,-23.66477],[-47.09805,-23.66478],[-47.09806,-23.66518],[-47.09791,-23.66519],[-47.09792,-23.66559],[-47.09777,-23.66559],[-47.09778,-23.66641],[-47.09793,-23.6664],[-47.09809,-23.66708],[-47.09823,-23.66708],[-47.09824,-23.66721],[-47.09868,-23.66721],[-47.09866,-23.66599],[-47.0988,-23.66599],[-47.09881,-23.66612],[-47.09983,-23.66597],[-47.09984,-23.66611],[-47.10028,-23.6661],[-47.10028,-23.66651],[-47.10014,-23.66651],[-47.10013,-23.66637],[-47.09955,-23.66652],[-47.09956,-23.66719],[-47.09971,-23.66719],[-47.09971,-23.6676],[-47.09986,-23.6676],[-47.0999,-23.67003],[-47.09963,-23.67166],[-47.09992,-23.67166],[-47.09993,-23.67179],[-47.10081,-23.67165],[-47.10081,-23.67178],[-47.10184,-23.67177],[-47.10184,-23.6719],[-47.10287,-23.67189],[-47.10287,-23.67202],[-47.10375,-23.67201],[-47.10376,-23.67215],[-47.10523,-23.67213],[-47.10537,-23.67186],[-47.10581,-23.67171],[-47.10593,-23.67022],[-47.1093,-23.66977],[-47.10937,-23.66449],[-47.10907,-23.66436],[-47.10907,-23.66422],[-47.10877,-23.66423],[-47.10877,-23.66409],[-47.10848,-23.66409],[-47.10818,-23.66369],[-47.10788,-23.6637],[-47.10788,-23.66356],[-47.10759,-23.66343],[-47.10756,-23.66194],[-47.10741,-23.66194],[-47.10741,-23.66181],[-47.10638,-23.66182],[-47.10638,-23.66155],[-47.10623,-23.66155],[-47.10608,-23.66128],[-47.10535,-23.66129],[-47.10534,-23.66116],[-47.10329,-23.66118],[-47.10328,-23.66105],[-47.10299,-23.66105],[-47.10299,-23.66092],[-47.10254,-23.66079],[-47.10254,-23.66065],[-47.1021,-23.66079],[-47.10211,-23.66093],[-47.10181,-23.66093],[-47.10181,-23.66107],[-47.10152,-23.66107],[-47.10152,-23.66121],[-47.10108,-23.66108],[-47.10108,-23.66121],[-47.10064,-23.66136]]],[[[-47.04767,-23.65854],[-47.04782,-23.65895],[-47.04768,-23.65895],[-47.04768,-23.65922],[-47.04681,-23.65991],[-47.04681,-23.66018],[-47.04667,-23.66018],[-47.04653,-23.66059],[-47.04521,-23.66074],[-47.0452,-23.66061],[-47.04564,-23.66047],[-47.04578,-23.66006],[-47.04608,-23.66005],[-47.04607,-23.65992],[-47.04637,-23.65978],[-47.04622,-23.65951],[-47.04578,-23.65965],[-47.04578,-23.65979],[-47.04519,-23.65966],[-47.04519,-23.6598],[-47.04504,-23.6598],[-47.04505,-23.65993],[-47.04519,-23.65993],[-47.0452,-23.66034],[-47.04491,-23.66048],[-47.04491,-23.66075],[-47.04359,-23.66076],[-47.04301,-23.66145],[-47.04272,-23.66145],[-47.04272,-23.66159],[-47.04301,-23.66159],[-47.04288,-23.66253],[-47.04273,-23.66254],[-47.04275,-23.66348],[-47.04246,-23.66362],[-47.04246,-23.66403],[-47.04276,-23.66416],[-47.04276,-23.66443],[-47.04409,-23.66441],[-47.04409,-23.66455],[-47.04424,-23.66455],[-47.04423,-23.66441],[-47.04467,-23.66441],[-47.04468,-23.66481],[-47.04483,-23.66481],[-47.04483,-23.66495],[-47.04571,-23.6648],[-47.04585,-23.66453],[-47.04615,-23.66466],[-47.04614,-23.66439],[-47.04658,-23.66425],[-47.04658,-23.66398],[-47.04702,-23.66411],[-47.04716,-23.6637],[-47.04775,-23.66355],[-47.04789,-23.66328],[-47.04818,-23.66314],[-47.04818,-23.66274],[-47.04788,-23.6626],[-47.04802,-23.66233],[-47.04817,-23.66233],[-47.04817,-23.66247],[-47.04876,-23.66246],[-47.04875,-23.66178],[-47.04845,-23.66165],[-47.04845,-23.66124],[-47.04874,-23.6611],[-47.04888,-23.6607],[-47.04932,-23.66042],[-47.04931,-23.66015],[-47.04946,-23.66015],[-47.04946,-23.65987],[-47.04975,-23.65974],[-47.04989,-23.65919],[-47.05018,-23.65919],[-47.05017,-23.65865],[-47.05046,-23.65851],[-47.05046,-23.6581],[-47.05075,-23.65796],[-47.05074,-23.65769],[-47.05118,-23.65741],[-47.05132,-23.65687],[-47.04911,-23.65676],[-47.04911,-23.6569],[-47.04868,-23.65704],[-47.04868,-23.65731],[-47.04853,-23.65731],[-47.04854,-23.65772],[-47.04825,-23.65786],[-47.04825,-23.65813],[-47.04796,-23.65827],[-47.04796,-23.65854],[-47.04767,-23.65854]]],[[[-47.16092,-23.6436],[-47.16078,-23.6436],[-47.16064,-23.64414],[-47.16049,-23.64415],[-47.16064,-23.64455],[-47.1605,-23.64455],[-47.1605,-23.64496],[-47.16021,-23.6451],[-47.16022,-23.6455],[-47.15963,-23.64551],[-47.15962,-23.64511],[-47.15933,-23.64498],[-47.15933,-23.64511],[-47.15816,-23.64526],[-47.15816,-23.6454],[-47.15786,-23.6454],[-47.15787,-23.64554],[-47.15743,-23.64554],[-47.15743,-23.64568],[-47.15625,-23.6457],[-47.15625,-23.64583],[-47.15581,-23.64584],[-47.15582,-23.64597],[-47.15464,-23.64612],[-47.15465,-23.64626],[-47.15435,-23.64626],[-47.15421,-23.64654],[-47.15318,-23.64655],[-47.15303,-23.64628],[-47.15259,-23.64629],[-47.15259,-23.64615],[-47.1517,-23.64617],[-47.15171,-23.6463],[-47.15156,-23.6463],[-47.15126,-23.6459],[-47.15096,-23.6459],[-47.1511,-23.64509],[-47.1508,-23.64509],[-47.15081,-23.64523],[-47.15066,-23.64523],[-47.15066,-23.6451],[-47.15022,-23.64524],[-47.15022,-23.6451],[-47.15007,-23.6451],[-47.1499,-23.64389],[-47.14961,-23.64376],[-47.1496,-23.64308],[-47.14945,-23.64308],[-47.14944,-23.64281],[-47.14871,-23.64282],[-47.14857,-23.64323],[-47.14842,-23.64323],[-47.14843,-23.64364],[-47.14785,-23.64405],[-47.14785,-23.64419],[-47.14756,-23.64419],[-47.148,-23.64473],[-47.14815,-23.64472],[-47.14816,-23.64527],[-47.14757,-23.64527],[-47.14757,-23.64514],[-47.14727,-23.64501],[-47.14728,-23.64555],[-47.14714,-23.64555],[-47.14716,-23.64677],[-47.14848,-23.64675],[-47.14848,-23.64702],[-47.14731,-23.64731],[-47.14703,-23.64813],[-47.14659,-23.64827],[-47.14631,-23.64868],[-47.14527,-23.64856],[-47.14512,-23.64829],[-47.14483,-23.64816],[-47.14468,-23.64843],[-47.14454,-23.64843],[-47.14454,-23.64884],[-47.1441,-23.64884],[-47.1441,-23.64871],[-47.14439,-23.64857],[-47.14439,-23.6483],[-47.1438,-23.64831],[-47.1438,-23.64817],[-47.14365,-23.64817],[-47.14379,-23.6479],[-47.14321,-23.64791],[-47.14321,-23.64804],[-47.14233,-23.64806],[-47.14233,-23.64819],[-47.14189,-23.64833],[-47.14189,-23.64847],[-47.14116,-23.64861],[-47.14116,-23.64875],[-47.14087,-23.64875],[-47.14087,-23.64889],[-47.14043,-23.64889],[-47.14043,-23.64903],[-47.14014,-23.64903],[-47.14014,-23.64917],[-47.13808,-23.6492],[-47.13794,-23.64974],[-47.13706,-23.64975],[-47.13722,-23.65056],[-47.13737,-23.65056],[-47.13739,-23.65192],[-47.13724,-23.65192],[-47.13725,-23.65246],[-47.13711,-23.65246],[-47.13711,-23.65287],[-47.13697,-23.65287],[-47.13697,-23.65328],[-47.13682,-23.65328],[-47.13683,-23.65355],[-47.13668,-23.65355],[-47.13669,-23.65382],[-47.13625,-23.65396],[-47.13597,-23.65519],[-47.13583,-23.65519],[-47.13583,-23.65546],[-47.13568,-23.65546],[-47.1357,-23.65627],[-47.13584,-23.65627],[-47.13585,-23.65641],[-47.14069,-23.6562],[-47.1407,-23.65634],[-47.14084,-23.65634],[-47.14084,-23.6562],[-47.14128,-23.6562],[-47.14128,-23.65606],[-47.14172,-23.65619],[-47.14172,-23.65605],[-47.14202,-23.65605],[-47.14216,-23.65578],[-47.1423,-23.65577],[-47.1423,-23.6555],[-47.14142,-23.65538],[-47.14141,-23.65525],[-47.14112,-23.65525],[-47.14082,-23.65485],[-47.14008,-23.65486],[-47.13978,-23.65446],[-47.13949,-23.65446],[-47.13948,-23.65405],[-47.13934,-23.65406],[-47.13918,-23.65352],[-47.13903,-23.65352],[-47.13903,-23.65311],[-47.13888,-23.65311],[-47.13916,-23.6523],[-47.14005,-23.65256],[-47.14005,-23.65269],[-47.14034,-23.65269],[-47.14035,-23.65282],[-47.14049,-23.65282],[-47.14049,-23.65269],[-47.14079,-23.65282],[-47.14078,-23.65268],[-47.14123,-23.65268],[-47.14123,-23.65295],[-47.14168,-23.65321],[-47.14169,-23.65389],[-47.14213,-23.65415],[-47.14213,-23.65429],[-47.14404,-23.65426],[-47.14404,-23.65413],[-47.14448,-23.65412],[-47.14463,-23.65385],[-47.14551,-23.65383],[-47.14551,-23.65397],[-47.1458,-23.65397],[-47.14581,-23.6541],[-47.1461,-23.6541],[-47.1461,-23.65423],[-47.14698,-23.65422],[-47.14698,-23.65409],[-47.14771,-23.65394],[-47.14771,-23.6538],[-47.14786,-23.6538],[-47.14786,-23.65394],[-47.14874,-23.65393],[-47.14875,-23.65406],[-47.14889,-23.65406],[-47.14874,-23.65365],[-47.14933,-23.65365],[-47.14933,-23.65378],[-47.14948,-23.65378],[-47.14948,-23.65419],[-47.14934,-23.65419],[-47.14919,-23.65446],[-47.14802,-23.65448],[-47.14787,-23.65475],[-47.14758,-23.65475],[-47.14744,-23.65503],[-47.14685,-23.65503],[-47.14656,-23.65545],[-47.1448,-23.6556],[-47.14466,-23.65601],[-47.14481,-23.65601],[-47.14481,-23.65642],[-47.14496,-23.65642],[-47.14497,-23.65682],[-47.14526,-23.65682],[-47.14541,-23.65709],[-47.14747,-23.65692],[-47.14749,-23.65801],[-47.14793,-23.65827],[-47.14793,-23.65841],[-47.14896,-23.65839],[-47.14896,-23.65826],[-47.1494,-23.65825],[-47.1494,-23.65811],[-47.15043,-23.65796],[-47.15071,-23.65728],[-47.1513,-23.65728],[-47.1513,-23.65714],[-47.15203,-23.65699],[-47.15275,-23.65617],[-47.15333,-23.65603],[-47.15362,-23.65562],[-47.1545,-23.65534],[-47.15464,-23.65506],[-47.15493,-23.65492],[-47.15491,-23.6537],[-47.15477,-23.65371],[-47.15476,-23.65316],[-47.15461,-23.65317],[-47.15458,-23.65154],[-47.15414,-23.65128],[-47.15443,-23.65087],[-47.15472,-23.65073],[-47.1547,-23.64992],[-47.15456,-23.64992],[-47.1544,-23.64924],[-47.15381,-23.64884],[-47.15379,-23.64817],[-47.1535,-23.64804],[-47.15335,-23.64777],[-47.15305,-23.64791],[-47.15291,-23.64818],[-47.15247,-23.64819],[-47.15247,-23.64805],[-47.15232,-23.64805],[-47.15231,-23.64751],[-47.15261,-23.64751],[-47.15289,-23.6471],[-47.15334,-23.64709],[-47.15348,-23.64682],[-47.15509,-23.6468],[-47.15538,-23.64638],[-47.16111,-23.64617],[-47.16097,-23.64658],[-47.16068,-23.64658],[-47.16068,-23.64699],[-47.16054,-23.64699],[-47.16056,-23.64848],[-47.16071,-23.64848],[-47.16071,-23.64861],[-47.16056,-23.64861],[-47.16057,-23.64902],[-47.16086,-23.64888],[-47.16086,-23.64848],[-47.16174,-23.64846],[-47.16189,-23.64873],[-47.16145,-23.64901],[-47.16146,-23.64941],[-47.16176,-23.64955],[-47.1619,-23.64927],[-47.16204,-23.64927],[-47.16204,-23.64887],[-47.16218,-23.64886],[-47.16219,-23.64913],[-47.16234,-23.64913],[-47.16239,-23.65211],[-47.16253,-23.65211],[-47.16269,-23.65251],[-47.16298,-23.65251],[-47.16298,-23.65278],[-47.16284,-23.65278],[-47.16284,-23.65305],[-47.16241,-23.65333],[-47.16241,-23.65346],[-47.16211,-23.65333],[-47.16199,-23.65496],[-47.16184,-23.65496],[-47.16171,-23.65564],[-47.16156,-23.65564],[-47.16141,-23.65524],[-47.16096,-23.65511],[-47.16096,-23.65484],[-47.16067,-23.65484],[-47.16052,-23.65512],[-47.16023,-23.65512],[-47.16009,-23.65539],[-47.15935,-23.6554],[-47.15936,-23.65567],[-47.1598,-23.6558],[-47.15966,-23.65608],[-47.15951,-23.65608],[-47.15951,-23.65581],[-47.15936,-23.65581],[-47.15936,-23.65594],[-47.15921,-23.65595],[-47.15937,-23.65622],[-47.15922,-23.65622],[-47.15922,-23.65635],[-47.1579,-23.65624],[-47.1579,-23.65637],[-47.1576,-23.65638],[-47.15761,-23.65651],[-47.15702,-23.65652],[-47.15702,-23.65679],[-47.15673,-23.65693],[-47.15674,-23.6572],[-47.15644,-23.65734],[-47.15645,-23.65788],[-47.15616,-23.65802],[-47.15617,-23.65829],[-47.15602,-23.65829],[-47.15604,-23.65951],[-47.15633,-23.65964],[-47.15634,-23.65991],[-47.15663,-23.65991],[-47.15693,-23.66031],[-47.15708,-23.66031],[-47.15709,-23.66072],[-47.15738,-23.66085],[-47.15739,-23.66098],[-47.15768,-23.66098],[-47.15798,-23.66138],[-47.15842,-23.66137],[-47.15842,-23.66151],[-47.15886,-23.6615],[-47.15887,-23.66164],[-47.15931,-23.66163],[-47.15931,-23.66177],[-47.16005,-23.66189],[-47.16005,-23.66203],[-47.1602,-23.66203],[-47.16022,-23.66325],[-47.16066,-23.66337],[-47.16066,-23.66365],[-47.16022,-23.66365],[-47.16008,-23.6642],[-47.15979,-23.6642],[-47.15979,-23.66433],[-47.15891,-23.66435],[-47.15876,-23.66408],[-47.15861,-23.66408],[-47.15861,-23.66367],[-47.15846,-23.66368],[-47.15845,-23.66327],[-47.15831,-23.66327],[-47.1583,-23.66287],[-47.15815,-23.66287],[-47.15815,-23.66273],[-47.15697,-23.66275],[-47.15698,-23.66288],[-47.15683,-23.66289],[-47.15686,-23.66451],[-47.157,-23.66451],[-47.15701,-23.66492],[-47.15745,-23.66504],[-47.15745,-23.66518],[-47.15775,-23.66518],[-47.15775,-23.66531],[-47.15819,-23.6653],[-47.15849,-23.66571],[-47.15864,-23.6657],[-47.15867,-23.66747],[-47.15911,-23.66759],[-47.15925,-23.66692],[-47.15939,-23.66691],[-47.15939,-23.66664],[-47.15954,-23.66664],[-47.15968,-23.66637],[-47.16012,-23.66636],[-47.16027,-23.66663],[-47.16042,-23.66663],[-47.16029,-23.66744],[-47.15999,-23.66758],[-47.16,-23.66812],[-47.1603,-23.66812],[-47.1603,-23.66825],[-47.16015,-23.66826],[-47.16016,-23.66893],[-47.15987,-23.66907],[-47.16011,-23.67449],[-47.16084,-23.67448],[-47.16084,-23.67434],[-47.16143,-23.6742],[-47.16157,-23.67392],[-47.16186,-23.67392],[-47.16186,-23.67379],[-47.16215,-23.67378],[-47.16215,-23.67365],[-47.16259,-23.67364],[-47.16259,-23.6735],[-47.16288,-23.6735],[-47.16274,-23.67377],[-47.16304,-23.6739],[-47.16304,-23.67404],[-47.16378,-23.67403],[-47.16392,-23.67376],[-47.16436,-23.67375],[-47.16436,-23.67362],[-47.1645,-23.67361],[-47.1645,-23.67334],[-47.16377,-23.67349],[-47.16376,-23.67335],[-47.16318,-23.67336],[-47.16318,-23.6735],[-47.16303,-23.6735],[-47.16303,-23.67323],[-47.16317,-23.67323],[-47.16316,-23.67241],[-47.16301,-23.67242],[-47.16286,-23.67188],[-47.16256,-23.67174],[-47.16256,-23.67147],[-47.16241,-23.67148],[-47.16224,-23.67026],[-47.16239,-23.67026],[-47.16239,-23.66999],[-47.16268,-23.66985],[-47.16267,-23.66971],[-47.16297,-23.66971],[-47.16297,-23.66957],[-47.16311,-23.66957],[-47.16312,-23.66998],[-47.16341,-23.66997],[-47.16341,-23.66943],[-47.16399,-23.66942],[-47.16414,-23.66915],[-47.16428,-23.66915],[-47.16428,-23.66888],[-47.16457,-23.66874],[-47.16457,-23.66847],[-47.16486,-23.66833],[-47.16485,-23.66792],[-47.16514,-23.66792],[-47.16515,-23.66805],[-47.16603,-23.66804],[-47.16603,-23.66817],[-47.16618,-23.66817],[-47.16618,-23.66804],[-47.16794,-23.66801],[-47.16794,-23.66788],[-47.16867,-23.66787],[-47.16867,-23.6676],[-47.1697,-23.66758],[-47.16969,-23.66731],[-47.16984,-23.66731],[-47.16998,-23.66677],[-47.17012,-23.66676],[-47.17026,-23.66622],[-47.17041,-23.66622],[-47.1704,-23.66568],[-47.17055,-23.66567],[-47.17054,-23.6654],[-47.17083,-23.66526],[-47.17068,-23.66499],[-47.17083,-23.66499],[-47.17097,-23.66431],[-47.17067,-23.66418],[-47.17067,-23.66405],[-47.17052,-23.66405],[-47.17053,-23.66432],[-47.16979,-23.66433],[-47.16979,-23.66419],[-47.16934,-23.66393],[-47.16933,-23.66325],[-47.16948,-23.66325],[-47.16948,-23.66339],[-47.16992,-23.66338],[-47.16992,-23.66352],[-47.17022,-23.66351],[-47.17022,-23.66338],[-47.17095,-23.6635],[-47.17095,-23.6631],[-47.1708,-23.6631],[-47.17079,-23.66283],[-47.17065,-23.66283],[-47.17064,-23.66215],[-47.17049,-23.66215],[-47.17033,-23.66134],[-47.17018,-23.66135],[-47.17016,-23.66013],[-47.17031,-23.66012],[-47.1703,-23.65985],[-47.17045,-23.65985],[-47.17059,-23.65917],[-47.17073,-23.65917],[-47.17087,-23.65876],[-47.17117,-23.65862],[-47.17116,-23.65835],[-47.17189,-23.6578],[-47.17202,-23.65712],[-47.17217,-23.65712],[-47.17216,-23.65671],[-47.17231,-23.65671],[-47.1723,-23.65631],[-47.17245,-23.6563],[-47.17243,-23.65508],[-47.17228,-23.65509],[-47.17228,-23.65482],[-47.17213,-23.65482],[-47.17212,-23.65428],[-47.17198,-23.65428],[-47.17197,-23.65387],[-47.17182,-23.65387],[-47.17182,-23.65374],[-47.17211,-23.6536],[-47.17211,-23.65346],[-47.17255,-23.65346],[-47.17255,-23.65332],[-47.17211,-23.65319],[-47.1721,-23.65292],[-47.1718,-23.65279],[-47.1718,-23.65239],[-47.1715,-23.65225],[-47.1715,-23.65212],[-47.17106,-23.65226],[-47.1709,-23.65145],[-47.1706,-23.65132],[-47.1706,-23.65118],[-47.17031,-23.65119],[-47.1703,-23.65092],[-47.16987,-23.65106],[-47.16986,-23.65052],[-47.16956,-23.65052],[-47.16926,-23.65012],[-47.16882,-23.64999],[-47.16867,-23.64972],[-47.16793,-23.64973],[-47.16793,-23.6496],[-47.16763,-23.64946],[-47.16763,-23.64933],[-47.16778,-23.64933],[-47.16777,-23.64879],[-47.16762,-23.64879],[-47.16747,-23.64838],[-47.16674,-23.64853],[-47.16673,-23.64812],[-47.16599,-23.64813],[-47.16599,-23.648],[-47.16585,-23.648],[-47.16584,-23.64773],[-47.16628,-23.64759],[-47.16627,-23.64705],[-47.16642,-23.64704],[-47.16656,-23.64677],[-47.167,-23.64676],[-47.167,-23.64663],[-47.16715,-23.64663],[-47.16699,-23.64636],[-47.16655,-23.64636],[-47.16655,-23.64623],[-47.16626,-23.64623],[-47.16626,-23.6461],[-47.16537,-23.64611],[-47.16524,-23.64665],[-47.16494,-23.64679],[-47.16495,-23.64693],[-47.16451,-23.64693],[-47.1645,-23.6468],[-47.16391,-23.64667],[-47.16376,-23.6464],[-47.16347,-23.64627],[-47.16346,-23.64587],[-47.16316,-23.64573],[-47.16315,-23.64506],[-47.1633,-23.64506],[-47.16327,-23.64316],[-47.16312,-23.64316],[-47.16311,-23.64262],[-47.16296,-23.64262],[-47.16281,-23.64235],[-47.16178,-23.64237],[-47.16179,-23.6425],[-47.16149,-23.64251],[-47.1615,-23.64278],[-47.16092,-23.64319],[-47.16092,-23.6436]],[[-47.16317,-23.64614],[-47.16214,-23.64602],[-47.16213,-23.64575],[-47.16243,-23.64574],[-47.16243,-23.64561],[-47.16257,-23.64561],[-47.16257,-23.64574],[-47.16316,-23.64573],[-47.16317,-23.64614]],[[-47.16504,-23.66128],[-47.16474,-23.66142],[-47.16475,-23.66183],[-47.16416,-23.66184],[-47.16416,-23.6617],[-47.16401,-23.6617],[-47.16415,-23.66116],[-47.16386,-23.66116],[-47.16385,-23.66089],[-47.16429,-23.66089],[-47.16429,-23.66075],[-47.16502,-23.6602],[-47.16515,-23.65952],[-47.16545,-23.65952],[-47.16529,-23.65911],[-47.16573,-23.65897],[-47.16574,-23.65951],[-47.16545,-23.65965],[-47.16546,-23.66033],[-47.16561,-23.66033],[-47.16561,-23.66046],[-47.16517,-23.6606],[-47.16533,-23.66114],[-47.16503,-23.66115],[-47.16504,-23.66128]],[[-47.16737,-23.66003],[-47.16736,-23.6599],[-47.16766,-23.65989],[-47.16765,-23.65921],[-47.16809,-23.65907],[-47.1681,-23.65975],[-47.16795,-23.65975],[-47.16795,-23.65989],[-47.1681,-23.65989],[-47.16811,-23.66029],[-47.16796,-23.66029],[-47.16796,-23.66056],[-47.16782,-23.66057],[-47.16782,-23.66084],[-47.16679,-23.66085],[-47.16679,-23.66072],[-47.1665,-23.66072],[-47.16634,-23.66045],[-47.16649,-23.66045],[-47.16648,-23.65991],[-47.16722,-23.6599],[-47.16722,-23.66003],[-47.16737,-23.66003]],[[-47.16602,-23.65883],[-47.16603,-23.65897],[-47.16588,-23.65897],[-47.16573,-23.6587],[-47.16499,-23.65871],[-47.16499,-23.65857],[-47.16469,-23.65844],[-47.16484,-23.65817],[-47.16528,-23.65816],[-47.16528,-23.65803],[-47.16439,-23.65804],[-47.16439,-23.65791],[-47.16424,-23.65791],[-47.16424,-23.65737],[-47.16453,-23.65736],[-47.16452,-23.65696],[-47.16481,-23.65682],[-47.16481,-23.65627],[-47.16525,-23.6564],[-47.16526,-23.65681],[-47.16599,-23.6568],[-47.166,-23.65707],[-47.16614,-23.65707],[-47.16616,-23.65829],[-47.16646,-23.65828],[-47.16647,-23.65882],[-47.16602,-23.65883]]],[[[-47.05199,-23.63411],[-47.05214,-23.63411],[-47.0523,-23.63505],[-47.05201,-23.63506],[-47.05201,-23.63533],[-47.05172,-23.63533],[-47.05158,-23.63561],[-47.05128,-23.63561],[-47.05127,-23.63507],[-47.05069,-23.63508],[-47.05068,-23.6348],[-47.05053,-23.63481],[-47.05053,-23.63454],[-47.05068,-23.63453],[-47.05065,-23.6325],[-47.05035,-23.63237],[-47.05035,-23.6321],[-47.05005,-23.63197],[-47.05005,-23.63183],[-47.04975,-23.63184],[-47.04975,-23.6317],[-47.04946,-23.63171],[-47.04946,-23.63157],[-47.04902,-23.63171],[-47.04901,-23.63158],[-47.04652,-23.63161],[-47.04651,-23.6312],[-47.04622,-23.63121],[-47.04637,-23.63175],[-47.04608,-23.63175],[-47.04608,-23.63161],[-47.04578,-23.63162],[-47.04578,-23.63175],[-47.0449,-23.63177],[-47.0449,-23.63163],[-47.04475,-23.63163],[-47.04461,-23.63191],[-47.04476,-23.6319],[-47.04476,-23.63204],[-47.04505,-23.6319],[-47.04506,-23.63231],[-47.04491,-23.63231],[-47.04507,-23.63312],[-47.04478,-23.63326],[-47.04478,-23.63366],[-47.04464,-23.63367],[-47.04468,-23.63624],[-47.04482,-23.63624],[-47.04483,-23.63678],[-47.04498,-23.63678],[-47.04498,-23.63705],[-47.04601,-23.63717],[-47.04616,-23.6369],[-47.04645,-23.63689],[-47.04659,-23.63662],[-47.04703,-23.63661],[-47.04703,-23.63648],[-47.04733,-23.63647],[-47.04733,-23.63674],[-47.04704,-23.63688],[-47.04721,-23.6381],[-47.04677,-23.63838],[-47.04678,-23.63919],[-47.04649,-23.63933],[-47.04649,-23.63946],[-47.04605,-23.63947],[-47.0459,-23.6392],[-47.04575,-23.6392],[-47.04576,-23.63974],[-47.04561,-23.63975],[-47.04562,-23.63988],[-47.04591,-23.63988],[-47.04591,-23.64015],[-47.04503,-23.64016],[-47.04502,-23.63948],[-47.04517,-23.63948],[-47.04517,-23.63935],[-47.04414,-23.63936],[-47.04414,-23.6395],[-47.04399,-23.6395],[-47.044,-23.6399],[-47.04415,-23.6399],[-47.04401,-23.64031],[-47.0443,-23.64031],[-47.04416,-23.64058],[-47.04504,-23.64057],[-47.04504,-23.64084],[-47.04534,-23.64083],[-47.04534,-23.64097],[-47.0471,-23.64095],[-47.04711,-23.64122],[-47.0474,-23.64108],[-47.0474,-23.64094],[-47.04872,-23.64092],[-47.04872,-23.64106],[-47.04828,-23.6412],[-47.04829,-23.64147],[-47.04843,-23.64147],[-47.04844,-23.64161],[-47.04888,-23.6416],[-47.04902,-23.64119],[-47.04931,-23.64119],[-47.04931,-23.64092],[-47.0496,-23.64091],[-47.0496,-23.64064],[-47.04945,-23.64064],[-47.04944,-23.63997],[-47.04959,-23.63997],[-47.04958,-23.63969],[-47.04988,-23.63969],[-47.05002,-23.63928],[-47.05075,-23.63914],[-47.05075,-23.63927],[-47.0509,-23.63927],[-47.05077,-23.64022],[-47.05091,-23.64022],[-47.05092,-23.64076],[-47.05107,-23.64076],[-47.05107,-23.64089],[-47.05136,-23.64089],[-47.05137,-23.64102],[-47.05313,-23.641],[-47.05342,-23.64059],[-47.05356,-23.64059],[-47.05356,-23.64018],[-47.05371,-23.64018],[-47.0537,-23.64005],[-47.054,-23.64004],[-47.05414,-23.63977],[-47.05443,-23.63977],[-47.05458,-23.63949],[-47.05487,-23.63935],[-47.05486,-23.63854],[-47.05515,-23.63854],[-47.0553,-23.63894],[-47.05545,-23.63894],[-47.05545,-23.63921],[-47.05575,-23.63934],[-47.05575,-23.63961],[-47.05605,-23.63974],[-47.05605,-23.64001],[-47.05635,-23.64015],[-47.05651,-23.64069],[-47.05665,-23.64068],[-47.05666,-23.64082],[-47.05651,-23.64082],[-47.05652,-23.64136],[-47.05696,-23.64149],[-47.05711,-23.6419],[-47.05741,-23.64189],[-47.05755,-23.64148],[-47.05769,-23.64148],[-47.05769,-23.64121],[-47.05784,-23.64121],[-47.05783,-23.64067],[-47.05768,-23.64067],[-47.05768,-23.6404],[-47.05753,-23.6404],[-47.05738,-23.64],[-47.05723,-23.64],[-47.05723,-23.63986],[-47.05664,-23.63987],[-47.05649,-23.63947],[-47.05663,-23.63947],[-47.05663,-23.63933],[-47.05707,-23.63932],[-47.05707,-23.63905],[-47.05722,-23.63905],[-47.05765,-23.6385],[-47.05721,-23.63851],[-47.05721,-23.63837],[-47.05647,-23.63852],[-47.05632,-23.63825],[-47.05647,-23.63825],[-47.05646,-23.63798],[-47.05661,-23.63798],[-47.05646,-23.63757],[-47.05616,-23.63758],[-47.05616,-23.63744],[-47.05601,-23.63744],[-47.05602,-23.63758],[-47.05543,-23.63759],[-47.05556,-23.63664],[-47.05629,-23.63649],[-47.05629,-23.63636],[-47.05673,-23.63635],[-47.05688,-23.63608],[-47.05702,-23.63607],[-47.05702,-23.63621],[-47.05747,-23.6362],[-47.05746,-23.63593],[-47.05731,-23.63594],[-47.0573,-23.63526],[-47.05716,-23.63526],[-47.05715,-23.63499],[-47.05686,-23.63499],[-47.05684,-23.6335],[-47.05669,-23.63351],[-47.05653,-23.63283],[-47.05638,-23.63283],[-47.05623,-23.63256],[-47.05594,-23.63257],[-47.05593,-23.63216],[-47.05579,-23.63216],[-47.05563,-23.63189],[-47.0549,-23.6319],[-47.05461,-23.63231],[-47.05417,-23.63259],[-47.05418,-23.63286],[-47.05477,-23.63285],[-47.05477,-23.63299],[-47.05521,-23.63312],[-47.05521,-23.63325],[-47.05492,-23.63326],[-47.05492,-23.63312],[-47.0536,-23.63314],[-47.05359,-23.63301],[-47.05345,-23.63301],[-47.05345,-23.63314],[-47.05183,-23.63316],[-47.05184,-23.63343],[-47.05257,-23.63342],[-47.05257,-23.63356],[-47.05169,-23.63371],[-47.05155,-23.63398],[-47.0517,-23.63398],[-47.0517,-23.63411],[-47.05199,-23.63397],[-47.05199,-23.63411]]],[[[-47.05184,-23.63343],[-47.05169,-23.63344],[-47.05169,-23.63357],[-47.05184,-23.63357],[-47.05184,-23.63343]]],[[[-47.05461,-23.6227],[-47.0552,-23.62269],[-47.05562,-23.62147],[-47.05591,-23.6216],[-47.0559,-23.62065],[-47.05561,-23.62065],[-47.0556,-23.62052],[-47.05516,-23.62025],[-47.055,-23.61971],[-47.05486,-23.61972],[-47.05499,-23.6189],[-47.05426,-23.61891],[-47.05425,-23.61878],[-47.05411,-23.61878],[-47.05411,-23.61891],[-47.05367,-23.61892],[-47.05367,-23.61905],[-47.05323,-23.6192],[-47.05338,-23.6196],[-47.05191,-23.61962],[-47.05192,-23.61976],[-47.05162,-23.61976],[-47.05163,-23.61989],[-47.05133,-23.6199],[-47.0509,-23.62045],[-47.05046,-23.62045],[-47.05046,-23.62059],[-47.04987,-23.62059],[-47.04987,-23.62073],[-47.04841,-23.62075],[-47.04856,-23.62142],[-47.04886,-23.62156],[-47.04886,-23.62183],[-47.04901,-23.62183],[-47.04901,-23.6221],[-47.04916,-23.62209],[-47.04902,-23.62277],[-47.04858,-23.62278],[-47.04859,-23.62291],[-47.04829,-23.62278],[-47.04814,-23.62238],[-47.0477,-23.62252],[-47.04755,-23.62225],[-47.04725,-23.62225],[-47.04725,-23.62185],[-47.04665,-23.62145],[-47.04665,-23.62118],[-47.04694,-23.62118],[-47.04709,-23.62144],[-47.04739,-23.62144],[-47.04767,-23.62089],[-47.0465,-23.62105],[-47.04636,-23.62132],[-47.04592,-23.62146],[-47.04592,-23.62173],[-47.04636,-23.62172],[-47.04636,-23.62186],[-47.04666,-23.62199],[-47.04638,-23.62281],[-47.04594,-23.62281],[-47.04522,-23.62364],[-47.04478,-23.62364],[-47.04493,-23.62432],[-47.04464,-23.62432],[-47.04464,-23.62459],[-47.04421,-23.62487],[-47.04421,-23.62514],[-47.04392,-23.62528],[-47.04392,-23.62555],[-47.04466,-23.6254],[-47.04466,-23.62567],[-47.04393,-23.62568],[-47.04393,-23.62595],[-47.04364,-23.62609],[-47.0435,-23.6265],[-47.04335,-23.6265],[-47.04335,-23.62623],[-47.04305,-23.62624],[-47.04305,-23.62637],[-47.04026,-23.62641],[-47.04026,-23.62654],[-47.03938,-23.62669],[-47.03939,-23.62696],[-47.03968,-23.62709],[-47.03969,-23.62737],[-47.03998,-23.62736],[-47.04013,-23.62763],[-47.04043,-23.62763],[-47.04058,-23.6279],[-47.04087,-23.62789],[-47.04102,-23.62816],[-47.04132,-23.62816],[-47.04162,-23.62856],[-47.04191,-23.62855],[-47.04191,-23.62869],[-47.04221,-23.62882],[-47.04207,-23.6295],[-47.04267,-23.62976],[-47.04268,-23.63058],[-47.04341,-23.63043],[-47.04327,-23.63084],[-47.04371,-23.63083],[-47.04386,-23.63124],[-47.04401,-23.63124],[-47.04416,-23.6315],[-47.04475,-23.63136],[-47.04475,-23.63123],[-47.04519,-23.63122],[-47.04519,-23.63108],[-47.04563,-23.63121],[-47.04562,-23.63094],[-47.04533,-23.63081],[-47.04532,-23.63054],[-47.04518,-23.63054],[-47.04517,-23.63027],[-47.04503,-23.63027],[-47.04502,-23.63],[-47.04591,-23.63013],[-47.0459,-23.62999],[-47.04605,-23.62999],[-47.04604,-23.62958],[-47.04707,-23.62971],[-47.04707,-23.62957],[-47.04751,-23.62943],[-47.04765,-23.62902],[-47.04809,-23.62901],[-47.04824,-23.62874],[-47.04838,-23.62874],[-47.04823,-23.62834],[-47.04852,-23.6282],[-47.04851,-23.62752],[-47.04866,-23.62752],[-47.04866,-23.62738],[-47.0488,-23.62738],[-47.04881,-23.62765],[-47.0491,-23.62778],[-47.04896,-23.62819],[-47.0497,-23.62872],[-47.04971,-23.62899],[-47.04956,-23.629],[-47.04942,-23.62927],[-47.04868,-23.62928],[-47.04868,-23.62901],[-47.04824,-23.62915],[-47.04825,-23.62955],[-47.04869,-23.62955],[-47.04869,-23.62968],[-47.04884,-23.62968],[-47.0487,-23.63023],[-47.04841,-23.63023],[-47.04841,-23.63037],[-47.04914,-23.63036],[-47.04916,-23.63117],[-47.04945,-23.63103],[-47.04959,-23.63062],[-47.05003,-23.63061],[-47.05018,-23.63088],[-47.05062,-23.63088],[-47.05076,-23.63047],[-47.05061,-23.63047],[-47.05061,-23.63034],[-47.05002,-23.63034],[-47.04987,-23.63007],[-47.04958,-23.62994],[-47.04972,-23.62967],[-47.05016,-23.6298],[-47.0503,-23.62939],[-47.05074,-23.62939],[-47.05104,-23.62979],[-47.05163,-23.62951],[-47.05178,-23.62978],[-47.05281,-23.6299],[-47.05281,-23.62977],[-47.0531,-23.62963],[-47.0528,-23.62922],[-47.05353,-23.62921],[-47.05368,-23.62894],[-47.05382,-23.62894],[-47.05382,-23.6284],[-47.05411,-23.62853],[-47.05412,-23.62894],[-47.05456,-23.6292],[-47.05456,-23.62906],[-47.055,-23.62892],[-47.055,-23.62865],[-47.05529,-23.62851],[-47.05529,-23.62838],[-47.05558,-23.62837],[-47.05558,-23.62824],[-47.05587,-23.6281],[-47.05586,-23.62729],[-47.05615,-23.62715],[-47.05614,-23.62688],[-47.05541,-23.62689],[-47.05541,-23.62675],[-47.05511,-23.62676],[-47.05481,-23.62622],[-47.05466,-23.62622],[-47.05467,-23.62635],[-47.05408,-23.62636],[-47.05408,-23.6265],[-47.05364,-23.6265],[-47.05364,-23.62664],[-47.05261,-23.62665],[-47.05261,-23.62638],[-47.05216,-23.62612],[-47.05216,-23.62585],[-47.0526,-23.62584],[-47.05274,-23.62543],[-47.05289,-23.62543],[-47.05289,-23.6253],[-47.0523,-23.6253],[-47.05229,-23.62503],[-47.052,-23.6249],[-47.05228,-23.62449],[-47.05258,-23.62449],[-47.05257,-23.62394],[-47.05272,-23.62394],[-47.05358,-23.62298],[-47.05388,-23.62311],[-47.05388,-23.62298],[-47.05417,-23.62298],[-47.05417,-23.62284],[-47.05461,-23.62283],[-47.05461,-23.6227]],[[-47.045,-23.62865],[-47.04559,-23.62864],[-47.04559,-23.62851],[-47.04573,-23.6285],[-47.0456,-23.62918],[-47.0453,-23.62919],[-47.0453,-23.62905],[-47.04457,-23.62906],[-47.04456,-23.62852],[-47.04441,-23.62852],[-47.04441,-23.62866],[-47.04397,-23.62866],[-47.04397,-23.62839],[-47.04308,-23.62827],[-47.04322,-23.62745],[-47.04307,-23.62746],[-47.04307,-23.62732],[-47.04322,-23.62732],[-47.04321,-23.62705],[-47.04262,-23.62706],[-47.04262,-23.62678],[-47.04291,-23.62678],[-47.04291,-23.62665],[-47.04306,-23.62664],[-47.04321,-23.62691],[-47.0435,-23.62691],[-47.0435,-23.62677],[-47.04438,-23.62676],[-47.04439,-23.62703],[-47.04468,-23.62716],[-47.04469,-23.62771],[-47.04484,-23.6277],[-47.04484,-23.62797],[-47.04499,-23.62797],[-47.045,-23.62865]],[[-47.05053,-23.62506],[-47.05053,-23.62478],[-47.05023,-23.62465],[-47.05023,-23.62438],[-47.04993,-23.62425],[-47.04993,-23.62398],[-47.05036,-23.62384],[-47.05051,-23.62357],[-47.0508,-23.62356],[-47.0508,-23.62329],[-47.05094,-23.62329],[-47.05109,-23.62356],[-47.05139,-23.62355],[-47.05153,-23.62315],[-47.05168,-23.62314],[-47.05168,-23.62369],[-47.05125,-23.62383],[-47.05125,-23.62396],[-47.05154,-23.62396],[-47.05169,-23.62423],[-47.05214,-23.62436],[-47.052,-23.62477],[-47.05185,-23.62477],[-47.05171,-23.62518],[-47.05112,-23.62518],[-47.05112,-23.62532],[-47.05097,-23.62532],[-47.05082,-23.62505],[-47.05053,-23.62506]]],[[[-47.02822,-23.6844],[-47.02822,-23.68399],[-47.02866,-23.68398],[-47.0288,-23.68358],[-47.02924,-23.68344],[-47.02924,-23.68357],[-47.02938,-23.68357],[-47.02939,-23.68397],[-47.0291,-23.68411],[-47.0291,-23.68438],[-47.02955,-23.68465],[-47.02955,-23.68492],[-47.02985,-23.68505],[-47.02986,-23.68546],[-47.03045,-23.68586],[-47.03046,-23.68626],[-47.0306,-23.68626],[-47.03061,-23.6864],[-47.03134,-23.68639],[-47.03134,-23.68625],[-47.03163,-23.68611],[-47.03162,-23.68571],[-47.03118,-23.68544],[-47.03117,-23.68503],[-47.03088,-23.6849],[-47.03087,-23.6845],[-47.03102,-23.6845],[-47.03116,-23.68422],[-47.03086,-23.68409],[-47.03087,-23.68423],[-47.03042,-23.68423],[-47.03042,-23.68396],[-47.02998,-23.6837],[-47.02997,-23.68343],[-47.02953,-23.68316],[-47.02952,-23.68302],[-47.02864,-23.68304],[-47.02865,-23.68331],[-47.0282,-23.68331],[-47.02821,-23.68345],[-47.02791,-23.68345],[-47.02791,-23.68359],[-47.02747,-23.68346],[-47.02747,-23.68359],[-47.02733,-23.6836],[-47.02748,-23.684],[-47.02763,-23.684],[-47.02778,-23.68454],[-47.02808,-23.68453],[-47.02807,-23.6844],[-47.02822,-23.6844]]],[[[-47.02597,-23.68145],[-47.02597,-23.68158],[-47.02509,-23.68173],[-47.02509,-23.68159],[-47.0248,-23.6816],[-47.02479,-23.68146],[-47.02421,-23.68147],[-47.02421,-23.68174],[-47.02377,-23.68175],[-47.02377,-23.68202],[-47.02333,-23.68202],[-47.02349,-23.68243],[-47.0229,-23.68257],[-47.02276,-23.68298],[-47.02217,-23.68312],[-47.02217,-23.68299],[-47.02202,-23.68299],[-47.02202,-23.68245],[-47.02112,-23.68192],[-47.02112,-23.68165],[-47.02053,-23.68165],[-47.02038,-23.68138],[-47.02009,-23.68139],[-47.02023,-23.68112],[-47.02067,-23.68111],[-47.02067,-23.68124],[-47.02097,-23.68124],[-47.02097,-23.68138],[-47.02156,-23.68137],[-47.02171,-23.68177],[-47.02186,-23.68177],[-47.02201,-23.68204],[-47.02245,-23.68217],[-47.02245,-23.68203],[-47.02274,-23.68203],[-47.02274,-23.68176],[-47.02289,-23.68176],[-47.02288,-23.68108],[-47.02228,-23.68068],[-47.02228,-23.68055],[-47.02213,-23.68055],[-47.02214,-23.68068],[-47.02169,-23.68055],[-47.02169,-23.68069],[-47.02125,-23.6807],[-47.02124,-23.67961],[-47.02197,-23.6796],[-47.02226,-23.67919],[-47.02285,-23.67905],[-47.02284,-23.67878],[-47.02255,-23.67878],[-47.02254,-23.67851],[-47.02269,-23.67851],[-47.02269,-23.67824],[-47.02283,-23.67824],[-47.02282,-23.67756],[-47.02311,-23.67742],[-47.02325,-23.67661],[-47.0234,-23.6766],[-47.02339,-23.67647],[-47.02281,-23.67648],[-47.0228,-23.67634],[-47.0231,-23.67634],[-47.02324,-23.67593],[-47.02192,-23.67595],[-47.02177,-23.67622],[-47.02148,-23.67622],[-47.02133,-23.67595],[-47.02118,-23.67596],[-47.02118,-23.67569],[-47.02043,-23.67515],[-47.02044,-23.67542],[-47.02014,-23.67543],[-47.02015,-23.6757],[-47.02,-23.6757],[-47.02,-23.67584],[-47.02015,-23.67583],[-47.02016,-23.67624],[-47.01986,-23.67638],[-47.02002,-23.67692],[-47.01987,-23.67692],[-47.01988,-23.67719],[-47.02002,-23.67719],[-47.02003,-23.67746],[-47.02032,-23.67746],[-47.02034,-23.67841],[-47.02004,-23.67854],[-47.02005,-23.67882],[-47.01975,-23.67882],[-47.01975,-23.67868],[-47.0196,-23.67869],[-47.01959,-23.67787],[-47.01944,-23.67787],[-47.01959,-23.6776],[-47.01915,-23.67761],[-47.019,-23.67734],[-47.01841,-23.67735],[-47.01854,-23.6764],[-47.01809,-23.67613],[-47.01809,-23.676],[-47.01692,-23.67601],[-47.01678,-23.67669],[-47.01663,-23.67669],[-47.01664,-23.67737],[-47.01679,-23.67737],[-47.01694,-23.67764],[-47.01738,-23.67763],[-47.01738,-23.67777],[-47.01753,-23.67776],[-47.01739,-23.67804],[-47.01709,-23.67804],[-47.01725,-23.67831],[-47.01754,-23.67831],[-47.01769,-23.67858],[-47.01843,-23.67857],[-47.01843,-23.6787],[-47.01872,-23.6787],[-47.01873,-23.67924],[-47.01888,-23.67924],[-47.01903,-23.67978],[-47.01918,-23.67977],[-47.01919,-23.68059],[-47.0189,-23.68073],[-47.0189,-23.681],[-47.01935,-23.68099],[-47.01935,-23.68113],[-47.01949,-23.68112],[-47.01936,-23.68167],[-47.01906,-23.68181],[-47.01906,-23.68167],[-47.01862,-23.68168],[-47.01862,-23.68154],[-47.01847,-23.68154],[-47.01847,-23.68114],[-47.01817,-23.68101],[-47.01817,-23.68087],[-47.01787,-23.68087],[-47.01742,-23.68034],[-47.01698,-23.68034],[-47.01699,-23.68048],[-47.01669,-23.68048],[-47.01669,-23.68062],[-47.0164,-23.68062],[-47.0164,-23.68089],[-47.01729,-23.68102],[-47.01729,-23.68129],[-47.01714,-23.68129],[-47.0173,-23.68183],[-47.01715,-23.68183],[-47.01716,-23.6821],[-47.01745,-23.6821],[-47.0176,-23.68237],[-47.01775,-23.68237],[-47.01761,-23.68277],[-47.01731,-23.68278],[-47.01732,-23.68318],[-47.01776,-23.68318],[-47.01776,-23.68331],[-47.01791,-23.68331],[-47.01777,-23.68372],[-47.01792,-23.68372],[-47.01807,-23.68399],[-47.01836,-23.68398],[-47.01836,-23.68412],[-47.01793,-23.68426],[-47.01793,-23.6848],[-47.01764,-23.68494],[-47.01765,-23.68548],[-47.01795,-23.68561],[-47.01795,-23.68602],[-47.0181,-23.68602],[-47.01825,-23.68629],[-47.01884,-23.68628],[-47.01884,-23.68641],[-47.01958,-23.68654],[-47.01958,-23.68695],[-47.01929,-23.68709],[-47.01915,-23.68763],[-47.01945,-23.68763],[-47.01945,-23.68776],[-47.01975,-23.68789],[-47.01975,-23.68816],[-47.0199,-23.68816],[-47.02005,-23.68843],[-47.02049,-23.68842],[-47.02079,-23.68896],[-47.02212,-23.68895],[-47.02212,-23.68922],[-47.02227,-23.68921],[-47.02242,-23.68948],[-47.02271,-23.68948],[-47.02258,-23.69016],[-47.02228,-23.6903],[-47.02227,-23.68976],[-47.02169,-23.68976],[-47.02154,-23.68949],[-47.02124,-23.6895],[-47.0211,-23.68991],[-47.02155,-23.69017],[-47.02155,-23.69071],[-47.02096,-23.69059],[-47.02097,-23.69072],[-47.02067,-23.69072],[-47.02067,-23.69086],[-47.02053,-23.69086],[-47.02054,-23.69154],[-47.02098,-23.69167],[-47.02113,-23.69194],[-47.02157,-23.69193],[-47.02156,-23.69139],[-47.02201,-23.69138],[-47.02216,-23.69165],[-47.02319,-23.69164],[-47.02334,-23.69191],[-47.02305,-23.69205],[-47.02305,-23.69218],[-47.02246,-23.69219],[-47.02246,-23.69206],[-47.02201,-23.69179],[-47.02188,-23.69261],[-47.02202,-23.6926],[-47.02203,-23.69287],[-47.02232,-23.69287],[-47.02232,-23.69301],[-47.02262,-23.69314],[-47.02262,-23.69327],[-47.02307,-23.6934],[-47.02322,-23.69381],[-47.02351,-23.6938],[-47.02351,-23.69367],[-47.02425,-23.69366],[-47.02439,-23.69338],[-47.02454,-23.69338],[-47.02453,-23.69298],[-47.02423,-23.69285],[-47.02438,-23.69257],[-47.02452,-23.69257],[-47.02468,-23.69284],[-47.02497,-23.69284],[-47.02512,-23.6931],[-47.02571,-23.6931],[-47.02555,-23.69229],[-47.02584,-23.69215],[-47.02583,-23.69174],[-47.02539,-23.69148],[-47.02539,-23.69121],[-47.02597,-23.6912],[-47.02642,-23.69173],[-47.02686,-23.69173],[-47.02702,-23.69213],[-47.02716,-23.69213],[-47.02717,-23.69254],[-47.02805,-23.69252],[-47.02805,-23.69239],[-47.0282,-23.69239],[-47.02804,-23.69198],[-47.02848,-23.69171],[-47.02862,-23.69103],[-47.02802,-23.69063],[-47.02802,-23.69049],[-47.02699,-23.69037],[-47.02685,-23.69064],[-47.0267,-23.69065],[-47.02671,-23.69105],[-47.02627,-23.69119],[-47.02611,-23.69079],[-47.02582,-23.69066],[-47.02567,-23.69039],[-47.02464,-23.69027],[-47.02434,-23.68986],[-47.02375,-23.68987],[-47.0236,-23.6896],[-47.02345,-23.68961],[-47.02344,-23.68933],[-47.023,-23.6892],[-47.02285,-23.68894],[-47.02255,-23.6888],[-47.02269,-23.6884],[-47.02314,-23.68839],[-47.02313,-23.68812],[-47.02269,-23.68785],[-47.02268,-23.68731],[-47.02283,-23.68731],[-47.02282,-23.68718],[-47.02297,-23.68717],[-47.02297,-23.68731],[-47.02341,-23.6873],[-47.02326,-23.68676],[-47.02341,-23.68676],[-47.02355,-23.68649],[-47.02443,-23.68675],[-47.02444,-23.68702],[-47.024,-23.68716],[-47.024,-23.68743],[-47.02386,-23.68743],[-47.02402,-23.68865],[-47.02417,-23.68865],[-47.02417,-23.68878],[-47.02447,-23.68878],[-47.02475,-23.68837],[-47.02519,-23.68823],[-47.02519,-23.68796],[-47.02534,-23.68796],[-47.02548,-23.68755],[-47.02577,-23.68754],[-47.02592,-23.68781],[-47.02622,-23.68781],[-47.02621,-23.68727],[-47.02576,-23.687],[-47.0259,-23.68659],[-47.02561,-23.68646],[-47.0256,-23.68633],[-47.02487,-23.6862],[-47.02486,-23.68607],[-47.02457,-23.68607],[-47.02443,-23.68634],[-47.02413,-23.68635],[-47.02413,-23.68594],[-47.02383,-23.68581],[-47.02383,-23.6854],[-47.02441,-23.68512],[-47.0244,-23.68472],[-47.02455,-23.68472],[-47.02455,-23.68444],[-47.02484,-23.68431],[-47.02484,-23.68417],[-47.02513,-23.68403],[-47.02512,-23.68376],[-47.02542,-23.68376],[-47.02542,-23.68362],[-47.0263,-23.68361],[-47.0263,-23.68347],[-47.02659,-23.68347],[-47.02659,-23.68333],[-47.02732,-23.68332],[-47.02732,-23.68346],[-47.02747,-23.68346],[-47.02747,-23.68332],[-47.02776,-23.68332],[-47.02791,-23.68305],[-47.02805,-23.68304],[-47.02805,-23.68264],[-47.0279,-23.68264],[-47.02803,-23.68183],[-47.02759,-23.6817],[-47.02759,-23.68156],[-47.02597,-23.68145]]],[[[-47.02978,-23.67097],[-47.02978,-23.6711],[-47.02963,-23.67111],[-47.02963,-23.67097],[-47.02934,-23.67097],[-47.02934,-23.67111],[-47.0289,-23.67139],[-47.02875,-23.67098],[-47.02846,-23.67099],[-47.02846,-23.67153],[-47.02788,-23.67153],[-47.02788,-23.67167],[-47.02773,-23.67167],[-47.02788,-23.67194],[-47.02803,-23.67194],[-47.02803,-23.67221],[-47.02598,-23.67224],[-47.02597,-23.6721],[-47.02641,-23.67196],[-47.02641,-23.67169],[-47.02611,-23.67169],[-47.02611,-23.67156],[-47.02582,-23.67156],[-47.02582,-23.67183],[-47.02538,-23.67211],[-47.02538,-23.67197],[-47.02509,-23.67198],[-47.02509,-23.67184],[-47.02479,-23.67171],[-47.02478,-23.6709],[-47.02405,-23.67104],[-47.02405,-23.67118],[-47.02317,-23.67119],[-47.02317,-23.67133],[-47.02273,-23.67147],[-47.02273,-23.67174],[-47.02244,-23.67188],[-47.02231,-23.67269],[-47.02201,-23.6727],[-47.02186,-23.67243],[-47.02157,-23.67243],[-47.02158,-23.67311],[-47.02202,-23.67324],[-47.02203,-23.67378],[-47.02145,-23.67419],[-47.02145,-23.67446],[-47.02292,-23.67444],[-47.02322,-23.67485],[-47.02382,-23.67524],[-47.02382,-23.67552],[-47.02529,-23.67563],[-47.02529,-23.6755],[-47.02573,-23.67536],[-47.02573,-23.67522],[-47.02617,-23.67521],[-47.02617,-23.67508],[-47.02631,-23.67508],[-47.02631,-23.67467],[-47.02587,-23.67468],[-47.02558,-23.67509],[-47.02528,-23.67509],[-47.02528,-23.67495],[-47.02499,-23.67496],[-47.02499,-23.67482],[-47.02454,-23.67483],[-47.02455,-23.67496],[-47.02411,-23.67511],[-47.02411,-23.67497],[-47.02396,-23.67497],[-47.02395,-23.67457],[-47.02351,-23.67444],[-47.02351,-23.6743],[-47.02762,-23.67425],[-47.02762,-23.67411],[-47.02806,-23.67383],[-47.0282,-23.67343],[-47.02893,-23.67342],[-47.02922,-23.67301],[-47.0301,-23.67286],[-47.0301,-23.67245],[-47.03024,-23.67245],[-47.03025,-23.67272],[-47.03039,-23.67272],[-47.03039,-23.67259],[-47.03069,-23.67258],[-47.03068,-23.67245],[-47.03156,-23.6723],[-47.03156,-23.67216],[-47.03186,-23.67216],[-47.03186,-23.6723],[-47.03171,-23.6723],[-47.03172,-23.6727],[-47.0326,-23.67283],[-47.03289,-23.67242],[-47.03259,-23.67242],[-47.03259,-23.67188],[-47.0339,-23.67146],[-47.0339,-23.67132],[-47.03419,-23.67118],[-47.03419,-23.67091],[-47.03404,-23.67091],[-47.03388,-23.67024],[-47.03139,-23.67041],[-47.03139,-23.67054],[-47.03168,-23.67054],[-47.03169,-23.67067],[-47.03212,-23.67053],[-47.03213,-23.6708],[-47.03228,-23.6708],[-47.03213,-23.67107],[-47.03037,-23.6711],[-47.03037,-23.67096],[-47.02978,-23.67097]]],[[[-47.04013,-23.66542],[-47.03998,-23.66542],[-47.03983,-23.66515],[-47.04056,-23.66487],[-47.04056,-23.66446],[-47.04041,-23.66446],[-47.04041,-23.66433],[-47.04026,-23.66433],[-47.04026,-23.66447],[-47.03968,-23.66447],[-47.03968,-23.66461],[-47.03924,-23.66461],[-47.03924,-23.66475],[-47.03895,-23.66475],[-47.03894,-23.66462],[-47.03806,-23.66463],[-47.03806,-23.66449],[-47.03762,-23.6645],[-47.03762,-23.66464],[-47.03747,-23.66464],[-47.03748,-23.66477],[-47.03777,-23.6649],[-47.03777,-23.66504],[-47.03763,-23.66504],[-47.03763,-23.66545],[-47.03793,-23.66558],[-47.03808,-23.66585],[-47.03867,-23.66584],[-47.03867,-23.66571],[-47.03896,-23.6657],[-47.03896,-23.66557],[-47.03955,-23.66556],[-47.03955,-23.6661],[-47.0397,-23.6661],[-47.0397,-23.66623],[-47.04088,-23.66622],[-47.04102,-23.66581],[-47.04131,-23.66567],[-47.04131,-23.66581],[-47.04146,-23.6658],[-47.04147,-23.66621],[-47.04176,-23.66634],[-47.04177,-23.66702],[-47.04148,-23.66702],[-47.04148,-23.66729],[-47.04134,-23.6673],[-47.04135,-23.66784],[-47.04164,-23.66783],[-47.04165,-23.66851],[-47.04121,-23.66879],[-47.04107,-23.66933],[-47.04093,-23.66933],[-47.04093,-23.66974],[-47.04035,-23.67015],[-47.04036,-23.67042],[-47.04021,-23.67043],[-47.04022,-23.67097],[-47.04007,-23.67097],[-47.04008,-23.67124],[-47.03993,-23.67124],[-47.03994,-23.67178],[-47.03979,-23.67178],[-47.03979,-23.67206],[-47.03965,-23.67206],[-47.03965,-23.67246],[-47.03951,-23.67247],[-47.03951,-23.67274],[-47.03936,-23.67274],[-47.03937,-23.67301],[-47.03893,-23.67329],[-47.03894,-23.67383],[-47.03865,-23.67397],[-47.03866,-23.67451],[-47.03822,-23.67465],[-47.03823,-23.67546],[-47.03764,-23.67547],[-47.03778,-23.67493],[-47.03734,-23.6748],[-47.0372,-23.67548],[-47.03705,-23.67548],[-47.03692,-23.67656],[-47.03766,-23.67655],[-47.03781,-23.67682],[-47.03796,-23.67682],[-47.03781,-23.67709],[-47.03708,-23.6771],[-47.03708,-23.67737],[-47.03753,-23.67764],[-47.03753,-23.67777],[-47.03841,-23.6779],[-47.03842,-23.67803],[-47.03959,-23.67802],[-47.03959,-23.67788],[-47.03974,-23.67788],[-47.03928,-23.67667],[-47.03942,-23.67667],[-47.03942,-23.67639],[-47.03957,-23.67639],[-47.03956,-23.67612],[-47.04,-23.67598],[-47.04,-23.67571],[-47.04014,-23.67571],[-47.04013,-23.67462],[-47.04145,-23.67447],[-47.04144,-23.67407],[-47.04101,-23.67434],[-47.04071,-23.67394],[-47.03953,-23.67409],[-47.03952,-23.67368],[-47.03982,-23.67368],[-47.03981,-23.67327],[-47.03996,-23.67327],[-47.03996,-23.67314],[-47.04055,-23.67313],[-47.04069,-23.67272],[-47.04142,-23.67271],[-47.04156,-23.6723],[-47.04171,-23.6723],[-47.0417,-23.6719],[-47.04214,-23.67175],[-47.04214,-23.67148],[-47.04272,-23.67107],[-47.04286,-23.67039],[-47.04197,-23.6704],[-47.04211,-23.66999],[-47.04226,-23.66999],[-47.04226,-23.66972],[-47.0424,-23.66972],[-47.0424,-23.66945],[-47.04255,-23.66945],[-47.04254,-23.6689],[-47.04239,-23.66891],[-47.04239,-23.66877],[-47.04254,-23.66877],[-47.04253,-23.6685],[-47.04268,-23.6685],[-47.04282,-23.66822],[-47.04312,-23.66822],[-47.04326,-23.66795],[-47.04341,-23.66795],[-47.04341,-23.66808],[-47.04443,-23.66793],[-47.04443,-23.66753],[-47.04428,-23.66753],[-47.04442,-23.66685],[-47.04412,-23.66685],[-47.04411,-23.66618],[-47.04455,-23.6659],[-47.04454,-23.66522],[-47.04424,-23.66509],[-47.04424,-23.66495],[-47.04395,-23.66496],[-47.04395,-23.66482],[-47.04336,-23.66483],[-47.04321,-23.6651],[-47.04307,-23.66511],[-47.04307,-23.66538],[-47.04278,-23.66538],[-47.04248,-23.66498],[-47.04218,-23.66498],[-47.04218,-23.66458],[-47.04262,-23.66457],[-47.04261,-23.6643],[-47.04173,-23.66431],[-47.04173,-23.66445],[-47.04129,-23.66445],[-47.04129,-23.66432],[-47.04114,-23.66432],[-47.04115,-23.66445],[-47.041,-23.66446],[-47.04101,-23.66486],[-47.04071,-23.665],[-47.04072,-23.66514],[-47.04027,-23.66514],[-47.04013,-23.66542]]],[[[-47.01508,-23.66182],[-47.01509,-23.66249],[-47.01539,-23.66262],[-47.0157,-23.66384],[-47.01585,-23.66384],[-47.01586,-23.66438],[-47.016,-23.66438],[-47.01601,-23.66492],[-47.01616,-23.66492],[-47.01647,-23.66613],[-47.01662,-23.66613],[-47.01663,-23.66681],[-47.01678,-23.6668],[-47.01678,-23.66708],[-47.01693,-23.66707],[-47.01679,-23.66775],[-47.01767,-23.66774],[-47.01767,-23.66788],[-47.01797,-23.66787],[-47.01797,-23.66801],[-47.01826,-23.668],[-47.01827,-23.66814],[-47.01885,-23.66813],[-47.01886,-23.66827],[-47.01945,-23.66839],[-47.01945,-23.66853],[-47.0196,-23.66853],[-47.01959,-23.66839],[-47.02018,-23.66839],[-47.02018,-23.66852],[-47.02033,-23.66852],[-47.02034,-23.66906],[-47.02019,-23.66906],[-47.02005,-23.66947],[-47.0199,-23.66947],[-47.01977,-23.67015],[-47.01962,-23.67015],[-47.01962,-23.67029],[-47.01977,-23.67029],[-47.01977,-23.67042],[-47.01962,-23.67042],[-47.01978,-23.67069],[-47.02007,-23.67069],[-47.02007,-23.67042],[-47.0205,-23.67028],[-47.02051,-23.67041],[-47.0208,-23.67054],[-47.02082,-23.67149],[-47.02126,-23.67162],[-47.0214,-23.67135],[-47.02155,-23.67135],[-47.02155,-23.67108],[-47.02213,-23.67107],[-47.02242,-23.67066],[-47.02286,-23.67065],[-47.02286,-23.67052],[-47.02315,-23.67051],[-47.02316,-23.67092],[-47.0236,-23.67091],[-47.0236,-23.67064],[-47.02418,-23.67023],[-47.02432,-23.66982],[-47.02476,-23.66982],[-47.02476,-23.66954],[-47.02549,-23.66953],[-47.02563,-23.66886],[-47.02548,-23.66886],[-47.02548,-23.66845],[-47.02577,-23.66831],[-47.02576,-23.66777],[-47.02591,-23.66777],[-47.0259,-23.6675],[-47.02605,-23.6675],[-47.02604,-23.66723],[-47.02619,-23.66722],[-47.02618,-23.66668],[-47.02604,-23.66668],[-47.02603,-23.66655],[-47.02574,-23.66655],[-47.02574,-23.66682],[-47.02545,-23.66696],[-47.02546,-23.66723],[-47.02428,-23.66725],[-47.02428,-23.66711],[-47.02384,-23.66698],[-47.02383,-23.66685],[-47.02354,-23.66685],[-47.02354,-23.66658],[-47.02383,-23.66644],[-47.02382,-23.66617],[-47.02397,-23.66617],[-47.0241,-23.66535],[-47.02366,-23.66509],[-47.02366,-23.66482],[-47.02321,-23.66482],[-47.02321,-23.66455],[-47.02306,-23.66456],[-47.02294,-23.66605],[-47.0225,-23.66605],[-47.0225,-23.66646],[-47.02221,-23.66646],[-47.02192,-23.66687],[-47.02163,-23.66688],[-47.02163,-23.66701],[-47.02119,-23.66715],[-47.02119,-23.66729],[-47.02061,-23.6673],[-47.0206,-23.66703],[-47.02016,-23.66703],[-47.02016,-23.6673],[-47.01958,-23.66731],[-47.01957,-23.66677],[-47.01942,-23.66677],[-47.01942,-23.66663],[-47.01971,-23.6665],[-47.01969,-23.66541],[-47.0194,-23.66542],[-47.0194,-23.66515],[-47.01925,-23.66515],[-47.01925,-23.66501],[-47.01939,-23.66501],[-47.01939,-23.6646],[-47.01954,-23.6646],[-47.01938,-23.6642],[-47.01821,-23.66421],[-47.0182,-23.66408],[-47.01776,-23.66395],[-47.01776,-23.66368],[-47.01717,-23.66368],[-47.01731,-23.66328],[-47.01819,-23.66313],[-47.01819,-23.6634],[-47.01863,-23.66339],[-47.01879,-23.66366],[-47.01908,-23.66366],[-47.01877,-23.66244],[-47.01862,-23.66245],[-47.01861,-23.66177],[-47.01846,-23.66177],[-47.01831,-23.6615],[-47.01787,-23.66151],[-47.01787,-23.66124],[-47.01669,-23.66125],[-47.01683,-23.66098],[-47.01772,-23.6611],[-47.01786,-23.66083],[-47.01756,-23.6607],[-47.01756,-23.66056],[-47.01594,-23.66059],[-47.0158,-23.66086],[-47.01551,-23.66086],[-47.01551,-23.661],[-47.01566,-23.661],[-47.01551,-23.66127],[-47.01566,-23.66127],[-47.01566,-23.6614],[-47.01522,-23.66154],[-47.01523,-23.66181],[-47.01508,-23.66182]]],[[[-47.00042,-23.64535],[-47.00058,-23.64589],[-47.00072,-23.64589],[-47.00073,-23.64616],[-47.00044,-23.6463],[-47.00044,-23.64643],[-47.0,-23.64644],[-47.00017,-23.64792],[-46.99988,-23.64806],[-46.99992,-23.65104],[-47.00096,-23.65184],[-47.00097,-23.65265],[-47.00112,-23.65265],[-47.00127,-23.65306],[-47.00142,-23.65305],[-47.00143,-23.65332],[-47.00187,-23.65359],[-47.00188,-23.654],[-47.00202,-23.65399],[-47.00218,-23.65426],[-47.00247,-23.65426],[-47.00247,-23.65439],[-47.00306,-23.65439],[-47.00305,-23.65398],[-47.00334,-23.65384],[-47.00348,-23.6533],[-47.00363,-23.6533],[-47.00362,-23.65262],[-47.00332,-23.65249],[-47.00331,-23.65168],[-47.00302,-23.65168],[-47.00287,-23.65195],[-47.00273,-23.65195],[-47.00258,-23.65168],[-47.00302,-23.65154],[-47.00301,-23.65114],[-47.0033,-23.65113],[-47.00345,-23.6514],[-47.0039,-23.6514],[-47.00374,-23.65072],[-47.00418,-23.65085],[-47.00419,-23.65112],[-47.00448,-23.65125],[-47.00449,-23.65166],[-47.00478,-23.65152],[-47.00477,-23.65084],[-47.00432,-23.65058],[-47.00446,-23.64963],[-47.00431,-23.64963],[-47.00431,-23.64936],[-47.00416,-23.64936],[-47.00415,-23.64855],[-47.00429,-23.64855],[-47.00429,-23.64828],[-47.00399,-23.64815],[-47.00398,-23.64747],[-47.00369,-23.64747],[-47.00367,-23.64652],[-47.00308,-23.64613],[-47.00322,-23.64572],[-47.00307,-23.64572],[-47.00292,-23.64518],[-47.00277,-23.64518],[-47.00277,-23.64505],[-47.00233,-23.64505],[-47.00247,-23.64437],[-47.00232,-23.64437],[-47.00232,-23.64424],[-47.00158,-23.64425],[-47.00158,-23.64438],[-47.00129,-23.64439],[-47.00129,-23.64452],[-47.001,-23.64466],[-47.001,-23.6448],[-47.00041,-23.64481],[-47.00042,-23.64494],[-47.00027,-23.64494],[-47.00028,-23.64535],[-47.00042,-23.64535]]],[[[-47.04479,-23.64368],[-47.0448,-23.64409],[-47.04465,-23.64409],[-47.04467,-23.64531],[-47.04423,-23.64559],[-47.04424,-23.64586],[-47.04394,-23.64586],[-47.04379,-23.64559],[-47.0435,-23.6456],[-47.04336,-23.64587],[-47.04306,-23.64587],[-47.04276,-23.64547],[-47.04232,-23.64534],[-47.04232,-23.64507],[-47.04261,-23.64507],[-47.04261,-23.64493],[-47.04349,-23.64492],[-47.04363,-23.64451],[-47.04348,-23.64451],[-47.04333,-23.64425],[-47.04304,-23.64425],[-47.04289,-23.64398],[-47.0423,-23.64399],[-47.0423,-23.64385],[-47.04171,-23.64373],[-47.0417,-23.64359],[-47.04141,-23.64359],[-47.04141,-23.64346],[-47.04052,-23.64333],[-47.04052,-23.6432],[-47.03994,-23.64348],[-47.03995,-23.64429],[-47.04083,-23.64441],[-47.04084,-23.64455],[-47.04142,-23.64454],[-47.04143,-23.64468],[-47.04157,-23.64468],[-47.04158,-23.64522],[-47.04144,-23.64522],[-47.04129,-23.64549],[-47.041,-23.64536],[-47.04099,-23.64522],[-47.04026,-23.64523],[-47.04026,-23.64537],[-47.04011,-23.64537],[-47.04012,-23.64591],[-47.03968,-23.64592],[-47.03969,-23.64673],[-47.03955,-23.64673],[-47.03955,-23.647],[-47.03985,-23.647],[-47.03985,-23.64727],[-47.03956,-23.64728],[-47.03943,-23.6485],[-47.03928,-23.6485],[-47.03914,-23.64904],[-47.0387,-23.64918],[-47.03871,-23.64959],[-47.03842,-23.64973],[-47.03857,-23.65],[-47.03813,-23.65027],[-47.03814,-23.65054],[-47.03887,-23.65053],[-47.03887,-23.65067],[-47.03917,-23.65067],[-47.03917,-23.6508],[-47.04093,-23.65078],[-47.04093,-23.65064],[-47.04137,-23.6505],[-47.04152,-23.65077],[-47.04255,-23.65076],[-47.04254,-23.64994],[-47.04297,-23.64967],[-47.04282,-23.6494],[-47.04297,-23.6494],[-47.04297,-23.64913],[-47.04311,-23.64912],[-47.04325,-23.64872],[-47.04414,-23.6487],[-47.04442,-23.64829],[-47.04457,-23.64829],[-47.04458,-23.6487],[-47.04487,-23.64869],[-47.04501,-23.64829],[-47.04531,-23.64842],[-47.04531,-23.64855],[-47.0456,-23.64841],[-47.04545,-23.64801],[-47.04501,-23.64788],[-47.04485,-23.64761],[-47.04471,-23.64761],[-47.0447,-23.64721],[-47.04499,-23.64707],[-47.04499,-23.6468],[-47.04528,-23.64679],[-47.04558,-23.6472],[-47.04588,-23.64733],[-47.04585,-23.6453],[-47.0457,-23.6453],[-47.0457,-23.64503],[-47.04555,-23.64503],[-47.04554,-23.64435],[-47.04539,-23.64435],[-47.04539,-23.64408],[-47.04524,-23.64409],[-47.04523,-23.64368],[-47.04509,-23.64368],[-47.04493,-23.64301],[-47.04464,-23.64315],[-47.0445,-23.64355],[-47.04391,-23.64356],[-47.04392,-23.64397],[-47.04421,-23.64383],[-47.04421,-23.64396],[-47.04436,-23.64396],[-47.04435,-23.64369],[-47.04479,-23.64368]]],[[[-47.03367,-23.64722],[-47.03353,-23.64763],[-47.03368,-23.64762],[-47.03368,-23.64776],[-47.03412,-23.64775],[-47.03397,-23.64721],[-47.03426,-23.64721],[-47.03426,-23.64707],[-47.03558,-23.64706],[-47.03557,-23.64624],[-47.03572,-23.64624],[-47.03572,-23.64611],[-47.03557,-23.64611],[-47.03527,-23.64571],[-47.03497,-23.64571],[-47.03497,-23.64544],[-47.03644,-23.64528],[-47.0363,-23.64596],[-47.03689,-23.64596],[-47.03689,-23.64609],[-47.03631,-23.64651],[-47.03631,-23.64678],[-47.03617,-23.64678],[-47.03633,-23.64772],[-47.03574,-23.64773],[-47.03589,-23.64814],[-47.03575,-23.64814],[-47.0356,-23.64841],[-47.03501,-23.64815],[-47.03516,-23.64787],[-47.03324,-23.6479],[-47.03325,-23.64858],[-47.034,-23.64911],[-47.034,-23.64951],[-47.03415,-23.64951],[-47.03416,-23.64992],[-47.0343,-23.64992],[-47.03446,-23.65059],[-47.0349,-23.65045],[-47.03505,-23.65072],[-47.0377,-23.65082],[-47.03784,-23.65055],[-47.03711,-23.65056],[-47.03725,-23.65001],[-47.0371,-23.65002],[-47.0371,-23.64975],[-47.03695,-23.64975],[-47.03709,-23.64947],[-47.0368,-23.64934],[-47.03663,-23.64813],[-47.03722,-23.64812],[-47.03737,-23.64839],[-47.03796,-23.64838],[-47.03796,-23.64852],[-47.03825,-23.64851],[-47.03825,-23.64838],[-47.03869,-23.64823],[-47.03868,-23.64796],[-47.03854,-23.64797],[-47.03853,-23.64769],[-47.03839,-23.6477],[-47.03838,-23.64729],[-47.03853,-23.64729],[-47.03851,-23.64593],[-47.03865,-23.64593],[-47.03879,-23.64512],[-47.03893,-23.64512],[-47.03878,-23.64431],[-47.0395,-23.64375],[-47.03935,-23.64349],[-47.03906,-23.64349],[-47.0392,-23.64295],[-47.03934,-23.64294],[-47.03934,-23.64308],[-47.03979,-23.64307],[-47.03978,-23.64294],[-47.03949,-23.64294],[-47.03934,-23.64267],[-47.03904,-23.64268],[-47.03904,-23.64254],[-47.0386,-23.64255],[-47.0386,-23.64241],[-47.0361,-23.64245],[-47.03596,-23.64272],[-47.03566,-23.64272],[-47.03567,-23.64286],[-47.03537,-23.643],[-47.03538,-23.64327],[-47.03494,-23.64327],[-47.03494,-23.64314],[-47.03479,-23.64314],[-47.03479,-23.64341],[-47.03435,-23.64342],[-47.03435,-23.64355],[-47.03406,-23.64369],[-47.03407,-23.64396],[-47.03392,-23.64396],[-47.03393,-23.64437],[-47.03378,-23.64437],[-47.03378,-23.64451],[-47.03349,-23.64451],[-47.03348,-23.64438],[-47.03305,-23.64452],[-47.03291,-23.6452],[-47.03306,-23.64519],[-47.03306,-23.64546],[-47.03321,-23.64546],[-47.03321,-23.6456],[-47.03306,-23.6456],[-47.03307,-23.64641],[-47.03337,-23.64641],[-47.03338,-23.64709],[-47.03367,-23.64722]]],[[[-47.03305,-23.64452],[-47.03304,-23.64425],[-47.03289,-23.64425],[-47.0329,-23.64452],[-47.03305,-23.64452]]],[[[-47.0319,-23.63722],[-47.0319,-23.63681],[-47.03145,-23.63668],[-47.0313,-23.63601],[-47.031,-23.63588],[-47.03114,-23.63547],[-47.03129,-23.63547],[-47.03128,-23.63465],[-47.03084,-23.63466],[-47.03083,-23.63452],[-47.03054,-23.63453],[-47.03054,-23.63439],[-47.02921,-23.63441],[-47.02921,-23.63427],[-47.02907,-23.63428],[-47.02907,-23.63441],[-47.02892,-23.63441],[-47.02892,-23.63428],[-47.02862,-23.63428],[-47.02863,-23.63442],[-47.02789,-23.63443],[-47.0279,-23.63524],[-47.02776,-23.63524],[-47.02776,-23.63551],[-47.02761,-23.63551],[-47.02748,-23.6366],[-47.02719,-23.6366],[-47.02718,-23.63593],[-47.02644,-23.63594],[-47.02644,-23.63553],[-47.02673,-23.63566],[-47.02673,-23.63553],[-47.02717,-23.63538],[-47.02716,-23.63484],[-47.02731,-23.63484],[-47.02745,-23.6343],[-47.02686,-23.63444],[-47.02643,-23.63499],[-47.02613,-23.63486],[-47.02599,-23.63513],[-47.02525,-23.635],[-47.02525,-23.63487],[-47.02466,-23.63488],[-47.02466,-23.63474],[-47.02452,-23.63474],[-47.02451,-23.6342],[-47.02436,-23.6342],[-47.02435,-23.6338],[-47.02509,-23.63379],[-47.02494,-23.63352],[-47.02464,-23.63352],[-47.02464,-23.63339],[-47.0242,-23.63339],[-47.0242,-23.63326],[-47.02376,-23.63326],[-47.02376,-23.63313],[-47.02361,-23.63313],[-47.02361,-23.63326],[-47.02332,-23.63327],[-47.02317,-23.63354],[-47.02273,-23.63355],[-47.02273,-23.63314],[-47.02243,-23.63314],[-47.02244,-23.63328],[-47.02214,-23.63328],[-47.02214,-23.63342],[-47.0217,-23.63356],[-47.02171,-23.6337],[-47.02127,-23.63397],[-47.02113,-23.63438],[-47.01981,-23.6344],[-47.01981,-23.6348],[-47.02026,-23.63507],[-47.02041,-23.63561],[-47.02071,-23.63574],[-47.02071,-23.63601],[-47.02086,-23.63601],[-47.02102,-23.63655],[-47.02116,-23.63655],[-47.02131,-23.63682],[-47.02161,-23.63681],[-47.02175,-23.63654],[-47.02263,-23.63666],[-47.0225,-23.63748],[-47.02235,-23.63748],[-47.02235,-23.63734],[-47.02191,-23.63735],[-47.02191,-23.63721],[-47.02147,-23.63722],[-47.02147,-23.63749],[-47.02176,-23.63749],[-47.02177,-23.63762],[-47.02206,-23.63775],[-47.02207,-23.63802],[-47.02251,-23.63829],[-47.02267,-23.63869],[-47.02311,-23.63869],[-47.0231,-23.63855],[-47.02369,-23.63841],[-47.0237,-23.63895],[-47.02385,-23.63895],[-47.02385,-23.63908],[-47.02473,-23.63907],[-47.02487,-23.6388],[-47.02472,-23.6388],[-47.02472,-23.63853],[-47.02428,-23.6384],[-47.02441,-23.63772],[-47.02427,-23.63772],[-47.02427,-23.63759],[-47.02368,-23.6376],[-47.02367,-23.63733],[-47.02353,-23.63733],[-47.02352,-23.63706],[-47.0241,-23.63664],[-47.0241,-23.63624],[-47.02366,-23.63624],[-47.02366,-23.63638],[-47.02351,-23.63638],[-47.0235,-23.63584],[-47.02336,-23.63584],[-47.02321,-23.63557],[-47.0235,-23.63543],[-47.0235,-23.6357],[-47.02365,-23.6357],[-47.0238,-23.63597],[-47.02409,-23.63583],[-47.0241,-23.6361],[-47.02424,-23.6361],[-47.02424,-23.63596],[-47.02468,-23.63596],[-47.02482,-23.63569],[-47.02527,-23.63582],[-47.02527,-23.63609],[-47.02512,-23.63609],[-47.02513,-23.63622],[-47.02469,-23.63623],[-47.02454,-23.63664],[-47.02425,-23.63678],[-47.02425,-23.63691],[-47.0244,-23.63691],[-47.02441,-23.63718],[-47.02499,-23.63717],[-47.02514,-23.6369],[-47.02558,-23.63689],[-47.02558,-23.63717],[-47.02603,-23.63743],[-47.02589,-23.63784],[-47.02574,-23.63784],[-47.02575,-23.63825],[-47.0256,-23.63825],[-47.0256,-23.63838],[-47.0259,-23.63852],[-47.0259,-23.63879],[-47.02546,-23.63879],[-47.02532,-23.63907],[-47.02576,-23.63933],[-47.02592,-23.63987],[-47.02636,-23.63986],[-47.02636,-23.64],[-47.02681,-23.64026],[-47.02667,-23.64094],[-47.02682,-23.64094],[-47.02682,-23.64148],[-47.02727,-23.64148],[-47.02727,-23.64161],[-47.02756,-23.64174],[-47.02743,-23.64256],[-47.02758,-23.64256],[-47.02788,-23.64296],[-47.02817,-23.64296],[-47.02817,-23.64309],[-47.02832,-23.64309],[-47.02846,-23.64282],[-47.0292,-23.64281],[-47.0292,-23.64294],[-47.02949,-23.64294],[-47.02949,-23.64307],[-47.02979,-23.64307],[-47.02979,-23.64293],[-47.03067,-23.64292],[-47.03067,-23.64279],[-47.0314,-23.64278],[-47.0314,-23.64237],[-47.03154,-23.64237],[-47.03154,-23.6421],[-47.03168,-23.6421],[-47.03166,-23.64061],[-47.03137,-23.64048],[-47.03136,-23.63993],[-47.03165,-23.63979],[-47.03163,-23.63885],[-47.03149,-23.63885],[-47.03163,-23.63844],[-47.03119,-23.63831],[-47.03133,-23.6379],[-47.03147,-23.6379],[-47.03147,-23.63763],[-47.03176,-23.63749],[-47.03176,-23.63722],[-47.0319,-23.63722]],[[-47.02349,-23.63516],[-47.02379,-23.63516],[-47.02379,-23.63543],[-47.0235,-23.63543],[-47.02349,-23.63516]],[[-47.03134,-23.63858],[-47.03148,-23.63858],[-47.03149,-23.63871],[-47.03134,-23.63872],[-47.03134,-23.63858]]],[[[-47.00346,-23.62283],[-47.00361,-23.62282],[-47.00361,-23.62269],[-47.00346,-23.62269],[-47.00346,-23.62283]]],[[[-47.01289,-23.60523],[-47.01304,-23.60523],[-47.01303,-23.60483],[-47.01289,-23.60483],[-47.01273,-23.60388],[-47.01243,-23.60375],[-47.01242,-23.60321],[-47.01213,-23.60321],[-47.01213,-23.60308],[-47.01198,-23.60308],[-47.01198,-23.60321],[-47.01183,-23.60322],[-47.01183,-23.60308],[-47.01139,-23.60309],[-47.0111,-23.6035],[-47.00993,-23.60378],[-47.00948,-23.60325],[-47.00904,-23.60325],[-47.00891,-23.60407],[-47.00861,-23.60407],[-47.00861,-23.60366],[-47.00846,-23.60367],[-47.00846,-23.60339],[-47.00831,-23.6034],[-47.00815,-23.60272],[-47.00771,-23.60273],[-47.00771,-23.60259],[-47.00756,-23.60259],[-47.00742,-23.603],[-47.00727,-23.603],[-47.00727,-23.6026],[-47.00741,-23.6026],[-47.00741,-23.60246],[-47.00727,-23.60246],[-47.00726,-23.60233],[-47.00682,-23.60233],[-47.00668,-23.60261],[-47.00624,-23.60248],[-47.00624,-23.60261],[-47.00551,-23.60276],[-47.00493,-23.60344],[-47.00464,-23.60344],[-47.00464,-23.60358],[-47.00434,-23.60358],[-47.00435,-23.60372],[-47.00405,-23.60372],[-47.00405,-23.60386],[-47.00376,-23.60386],[-47.00376,-23.604],[-47.00332,-23.604],[-47.00333,-23.60441],[-47.00362,-23.60454],[-47.00348,-23.60508],[-47.00393,-23.60508],[-47.00408,-23.60548],[-47.0035,-23.6059],[-47.0035,-23.60617],[-47.00321,-23.60617],[-47.00321,-23.60604],[-47.00291,-23.60604],[-47.00291,-23.60618],[-47.00306,-23.60617],[-47.00306,-23.60644],[-47.00321,-23.60644],[-47.00336,-23.60671],[-47.00366,-23.60671],[-47.00396,-23.60711],[-47.00425,-23.60711],[-47.00411,-23.60778],[-47.00455,-23.60778],[-47.00456,-23.60805],[-47.00412,-23.60806],[-47.00412,-23.60792],[-47.00397,-23.60792],[-47.00397,-23.60819],[-47.00368,-23.6082],[-47.00368,-23.60833],[-47.00339,-23.60834],[-47.00339,-23.60847],[-47.00251,-23.60848],[-47.00266,-23.60902],[-47.00222,-23.60916],[-47.00222,-23.60903],[-47.00208,-23.60903],[-47.00207,-23.60862],[-47.00177,-23.60849],[-47.00177,-23.60836],[-47.00119,-23.6085],[-47.00118,-23.60796],[-47.00162,-23.60795],[-47.00161,-23.60714],[-47.00146,-23.60714],[-47.00145,-23.60687],[-46.99999,-23.60689],[-47.00001,-23.60865],[-47.0003,-23.60851],[-47.0003,-23.60838],[-47.0006,-23.60837],[-47.0006,-23.60851],[-47.00031,-23.60865],[-47.00031,-23.60892],[-47.00046,-23.60892],[-47.00046,-23.60905],[-47.00105,-23.60904],[-47.0012,-23.60931],[-47.00134,-23.60931],[-47.00135,-23.60958],[-47.00091,-23.60986],[-47.00107,-23.61067],[-47.00092,-23.61067],[-47.00093,-23.61121],[-47.00079,-23.61121],[-47.00079,-23.61176],[-47.00109,-23.61189],[-47.0011,-23.61229],[-47.00095,-23.6123],[-47.00095,-23.61257],[-47.00081,-23.61257],[-47.00082,-23.61365],[-47.00126,-23.61365],[-47.00141,-23.61391],[-47.002,-23.61391],[-47.00201,-23.61418],[-47.0023,-23.61431],[-47.00231,-23.61472],[-47.00201,-23.61472],[-47.00187,-23.61499],[-47.00158,-23.615],[-47.00158,-23.61513],[-47.00129,-23.61513],[-47.00129,-23.61541],[-47.00114,-23.61541],[-47.00115,-23.61554],[-47.00144,-23.61567],[-47.00145,-23.61649],[-47.00087,-23.6169],[-47.00108,-23.62123],[-47.00079,-23.6211],[-47.00078,-23.62069],[-47.00049,-23.6207],[-47.0002,-23.62124],[-46.99991,-23.62111],[-46.99992,-23.62179],[-47.00109,-23.62164],[-47.00112,-23.62353],[-47.00068,-23.62354],[-47.00067,-23.62327],[-47.00023,-23.62327],[-47.00023,-23.62287],[-47.00008,-23.62287],[-47.00009,-23.62328],[-46.99994,-23.62328],[-46.99998,-23.62612],[-47.00145,-23.62624],[-47.00144,-23.62556],[-47.00159,-23.62556],[-47.00176,-23.62691],[-47.00161,-23.62691],[-47.00161,-23.62705],[-47.00147,-23.62705],[-47.00147,-23.62692],[-47.00088,-23.62692],[-47.00088,-23.62706],[-47.0,-23.6272],[-47.00002,-23.62883],[-46.99988,-23.62883],[-47.00002,-23.63845],[-46.99988,-23.63845],[-46.99989,-23.63953],[-47.00004,-23.63953],[-47.0002,-23.6402],[-47.00034,-23.6402],[-47.00035,-23.64047],[-47.0005,-23.64047],[-47.0005,-23.64074],[-47.00065,-23.64074],[-47.00065,-23.64128],[-47.00095,-23.64128],[-47.00081,-23.64169],[-47.00184,-23.64167],[-47.00184,-23.64194],[-47.00214,-23.64207],[-47.00214,-23.64221],[-47.00287,-23.6422],[-47.00302,-23.64193],[-47.00419,-23.64205],[-47.00419,-23.64191],[-47.00449,-23.64191],[-47.00448,-23.64177],[-47.00478,-23.64177],[-47.00478,-23.64163],[-47.00507,-23.6415],[-47.00506,-23.64095],[-47.00521,-23.64095],[-47.0052,-23.64068],[-47.00535,-23.64068],[-47.00535,-23.64041],[-47.0052,-23.64041],[-47.00519,-23.63973],[-47.00533,-23.63973],[-47.00533,-23.63946],[-47.00548,-23.63946],[-47.00547,-23.63878],[-47.00561,-23.63878],[-47.00546,-23.63838],[-47.00561,-23.63837],[-47.0056,-23.6381],[-47.00634,-23.63796],[-47.00633,-23.63755],[-47.00603,-23.63742],[-47.00603,-23.63715],[-47.00618,-23.63715],[-47.00618,-23.63728],[-47.00677,-23.63727],[-47.00691,-23.637],[-47.0072,-23.63686],[-47.00735,-23.63713],[-47.00765,-23.63713],[-47.00765,-23.63726],[-47.00809,-23.63739],[-47.00823,-23.63698],[-47.00882,-23.63711],[-47.00882,-23.63698],[-47.00897,-23.63698],[-47.00896,-23.63657],[-47.00867,-23.63657],[-47.00852,-23.6363],[-47.00793,-23.63631],[-47.00793,-23.63618],[-47.00763,-23.63632],[-47.00763,-23.63604],[-47.00807,-23.63577],[-47.00805,-23.63455],[-47.0079,-23.63455],[-47.0079,-23.63442],[-47.00761,-23.63456],[-47.00761,-23.63442],[-47.00731,-23.63442],[-47.00731,-23.63429],[-47.00716,-23.63429],[-47.00717,-23.63456],[-47.00643,-23.63457],[-47.00643,-23.63471],[-47.00614,-23.63471],[-47.00614,-23.63485],[-47.0057,-23.63485],[-47.0057,-23.63499],[-47.00541,-23.63513],[-47.00556,-23.63539],[-47.00542,-23.6354],[-47.00527,-23.63567],[-47.00395,-23.63555],[-47.00395,-23.63569],[-47.00351,-23.63569],[-47.0035,-23.63501],[-47.00262,-23.63503],[-47.00262,-23.63516],[-47.00247,-23.63516],[-47.00248,-23.63571],[-47.00219,-23.63571],[-47.00218,-23.6353],[-47.00233,-23.6353],[-47.00233,-23.63517],[-47.00188,-23.6349],[-47.00188,-23.63463],[-47.00217,-23.63449],[-47.00217,-23.63435],[-47.00305,-23.63434],[-47.00305,-23.63448],[-47.0032,-23.63448],[-47.00319,-23.63434],[-47.00334,-23.63434],[-47.00333,-23.6338],[-47.00348,-23.6338],[-47.00362,-23.63352],[-47.00377,-23.63352],[-47.00392,-23.63379],[-47.00377,-23.63379],[-47.00364,-23.63434],[-47.00393,-23.63447],[-47.00408,-23.63487],[-47.00453,-23.63487],[-47.00453,-23.635],[-47.00482,-23.635],[-47.00511,-23.63459],[-47.00555,-23.63458],[-47.00555,-23.63445],[-47.00496,-23.63445],[-47.0051,-23.63405],[-47.0054,-23.63404],[-47.00539,-23.63391],[-47.00569,-23.6339],[-47.00569,-23.63404],[-47.00642,-23.63403],[-47.00643,-23.63416],[-47.00701,-23.63402],[-47.00686,-23.63362],[-47.00715,-23.63348],[-47.00715,-23.63334],[-47.00744,-23.63334],[-47.00728,-23.63212],[-47.00742,-23.63212],[-47.00742,-23.63185],[-47.00727,-23.63185],[-47.00727,-23.63144],[-47.00697,-23.63131],[-47.00697,-23.63118],[-47.00565,-23.63119],[-47.00564,-23.63079],[-47.00402,-23.6304],[-47.00387,-23.63013],[-47.00372,-23.63014],[-47.00386,-23.62973],[-47.00342,-23.6296],[-47.00311,-23.62865],[-47.00281,-23.62852],[-47.0028,-23.62771],[-47.00265,-23.62771],[-47.00265,-23.62731],[-47.0025,-23.62731],[-47.00264,-23.62663],[-47.00234,-23.62677],[-47.00219,-23.62636],[-47.00293,-23.62635],[-47.0032,-23.62486],[-47.00305,-23.62486],[-47.00305,-23.62459],[-47.0029,-23.62459],[-47.00289,-23.62378],[-47.00274,-23.62378],[-47.00274,-23.62365],[-47.00303,-23.62351],[-47.00303,-23.62337],[-47.00347,-23.6235],[-47.00346,-23.62283],[-47.00331,-23.62283],[-47.00317,-23.62324],[-47.00273,-23.62297],[-47.00256,-23.62175],[-47.00197,-23.62149],[-47.00197,-23.62122],[-47.00182,-23.62122],[-47.00182,-23.62095],[-47.00167,-23.62095],[-47.00152,-23.62055],[-47.00195,-23.62041],[-47.00211,-23.62068],[-47.00314,-23.6208],[-47.00314,-23.62093],[-47.00328,-23.62093],[-47.00329,-23.62107],[-47.00314,-23.62107],[-47.00315,-23.62148],[-47.00403,-23.62174],[-47.00403,-23.62187],[-47.00447,-23.62187],[-47.00448,-23.622],[-47.00506,-23.62199],[-47.00506,-23.62186],[-47.00536,-23.62185],[-47.00535,-23.62172],[-47.00624,-23.62171],[-47.00638,-23.6213],[-47.00652,-23.6213],[-47.00652,-23.62103],[-47.00667,-23.62102],[-47.00666,-23.62075],[-47.00652,-23.62076],[-47.00651,-23.62048],[-47.00622,-23.62035],[-47.00621,-23.62008],[-47.00606,-23.62008],[-47.00605,-23.61927],[-47.00591,-23.61927],[-47.0059,-23.619],[-47.00605,-23.619],[-47.00604,-23.61819],[-47.00574,-23.61806],[-47.00573,-23.61765],[-47.00529,-23.61766],[-47.00529,-23.61752],[-47.00544,-23.61752],[-47.00544,-23.61738],[-47.00588,-23.61738],[-47.00588,-23.61751],[-47.00676,-23.61737],[-47.00675,-23.6171],[-47.00646,-23.61696],[-47.00645,-23.61669],[-47.00719,-23.61682],[-47.00748,-23.61641],[-47.00763,-23.61641],[-47.00777,-23.616],[-47.00821,-23.61599],[-47.0082,-23.61586],[-47.0085,-23.61572],[-47.00834,-23.61504],[-47.00849,-23.61504],[-47.00848,-23.61477],[-47.00804,-23.61491],[-47.00804,-23.61464],[-47.00921,-23.61463],[-47.00937,-23.61489],[-47.00951,-23.61489],[-47.00924,-23.61639],[-47.011,-23.61623],[-47.01101,-23.61636],[-47.01159,-23.61636],[-47.0116,-23.61663],[-47.01174,-23.61662],[-47.01175,-23.6169],[-47.0119,-23.61689],[-47.0119,-23.6173],[-47.01205,-23.6173],[-47.0122,-23.61784],[-47.0125,-23.61783],[-47.0125,-23.6177],[-47.01279,-23.61756],[-47.01279,-23.61742],[-47.01249,-23.61729],[-47.01248,-23.61689],[-47.01263,-23.61688],[-47.01263,-23.61661],[-47.01277,-23.61661],[-47.01277,-23.61634],[-47.01306,-23.61634],[-47.01292,-23.61661],[-47.01322,-23.61674],[-47.01307,-23.61715],[-47.01351,-23.61701],[-47.01352,-23.61714],[-47.01381,-23.61728],[-47.01367,-23.61768],[-47.01412,-23.61795],[-47.01412,-23.61835],[-47.01427,-23.61835],[-47.01427,-23.61822],[-47.01456,-23.61821],[-47.0147,-23.61794],[-47.01514,-23.61766],[-47.01513,-23.61712],[-47.01528,-23.61712],[-47.01527,-23.61685],[-47.01542,-23.61685],[-47.0157,-23.61563],[-47.01599,-23.61549],[-47.01613,-23.61508],[-47.01598,-23.61508],[-47.01598,-23.61494],[-47.01554,-23.61495],[-47.01555,-23.61576],[-47.01526,-23.61577],[-47.01496,-23.61536],[-47.01481,-23.61537],[-47.01481,-23.61523],[-47.01496,-23.61523],[-47.01481,-23.61496],[-47.01407,-23.61497],[-47.01392,-23.6147],[-47.01377,-23.6147],[-47.01377,-23.61484],[-47.01304,-23.61471],[-47.01304,-23.61485],[-47.01275,-23.61485],[-47.01275,-23.61512],[-47.01216,-23.61513],[-47.01217,-23.6154],[-47.01173,-23.61541],[-47.01172,-23.615],[-47.01201,-23.61486],[-47.01201,-23.61459],[-47.01215,-23.61459],[-47.012,-23.61432],[-47.01215,-23.61432],[-47.01215,-23.61405],[-47.01185,-23.61391],[-47.01185,-23.61378],[-47.01258,-23.61391],[-47.01243,-23.6135],[-47.01287,-23.6135],[-47.01287,-23.61336],[-47.01316,-23.61336],[-47.01316,-23.61322],[-47.01331,-23.61322],[-47.01331,-23.61335],[-47.01375,-23.61321],[-47.0139,-23.61362],[-47.01434,-23.61361],[-47.01435,-23.61375],[-47.01449,-23.61374],[-47.0145,-23.61415],[-47.01465,-23.61415],[-47.01465,-23.61428],[-47.01523,-23.61414],[-47.01552,-23.61373],[-47.01567,-23.61373],[-47.01567,-23.61414],[-47.01641,-23.61426],[-47.01656,-23.61467],[-47.01686,-23.61466],[-47.017,-23.61439],[-47.01715,-23.61439],[-47.01714,-23.61412],[-47.0167,-23.61399],[-47.01654,-23.61331],[-47.0164,-23.61331],[-47.01639,-23.61318],[-47.01684,-23.61317],[-47.01683,-23.6129],[-47.01639,-23.61291],[-47.01625,-23.61318],[-47.01595,-23.61318],[-47.01595,-23.61291],[-47.0158,-23.61292],[-47.01595,-23.61264],[-47.01638,-23.61237],[-47.01638,-23.6121],[-47.01623,-23.6121],[-47.01637,-23.61142],[-47.01578,-23.61143],[-47.01578,-23.61116],[-47.01504,-23.61103],[-47.01504,-23.61116],[-47.01475,-23.61117],[-47.0146,-23.61144],[-47.01446,-23.61144],[-47.01446,-23.61158],[-47.01475,-23.61157],[-47.01476,-23.61185],[-47.0149,-23.61184],[-47.01476,-23.61212],[-47.01432,-23.61199],[-47.01432,-23.61212],[-47.01403,-23.61213],[-47.01374,-23.61254],[-47.01315,-23.61254],[-47.01315,-23.61268],[-47.01227,-23.61255],[-47.01227,-23.61269],[-47.01139,-23.6127],[-47.01139,-23.61243],[-47.01124,-23.61243],[-47.01109,-23.61203],[-47.01152,-23.61175],[-47.01152,-23.61148],[-47.01181,-23.61134],[-47.01181,-23.61121],[-47.01166,-23.61121],[-47.01166,-23.61107],[-47.01136,-23.61094],[-47.01136,-23.61067],[-47.01121,-23.61067],[-47.01135,-23.61026],[-47.01165,-23.61026],[-47.0121,-23.6108],[-47.01239,-23.61079],[-47.01268,-23.61038],[-47.01312,-23.61024],[-47.01311,-23.60984],[-47.0134,-23.6097],[-47.0134,-23.60956],[-47.01369,-23.60956],[-47.01369,-23.60942],[-47.01399,-23.60942],[-47.01398,-23.60928],[-47.01472,-23.60927],[-47.01472,-23.60914],[-47.01515,-23.609],[-47.01515,-23.60873],[-47.01559,-23.60858],[-47.01546,-23.60967],[-47.01575,-23.6098],[-47.01576,-23.61021],[-47.0162,-23.61034],[-47.01621,-23.61061],[-47.0165,-23.6106],[-47.0165,-23.61047],[-47.01694,-23.61033],[-47.01694,-23.61019],[-47.01723,-23.61019],[-47.01723,-23.61032],[-47.01841,-23.61017],[-47.01841,-23.61044],[-47.01929,-23.61043],[-47.019,-23.61084],[-47.01812,-23.61085],[-47.01813,-23.61112],[-47.01754,-23.61113],[-47.01769,-23.6114],[-47.01813,-23.6114],[-47.01801,-23.61329],[-47.01845,-23.61329],[-47.01846,-23.61342],[-47.01919,-23.61341],[-47.01919,-23.61328],[-47.01934,-23.61328],[-47.01934,-23.61341],[-47.01963,-23.61341],[-47.01963,-23.61327],[-47.01992,-23.61327],[-47.01992,-23.61313],[-47.02051,-23.61313],[-47.02051,-23.61299],[-47.02095,-23.61312],[-47.02095,-23.61285],[-47.02124,-23.61271],[-47.02123,-23.61217],[-47.02138,-23.61217],[-47.02137,-23.61176],[-47.02152,-23.61176],[-47.02151,-23.61135],[-47.02166,-23.61135],[-47.02163,-23.60959],[-47.02148,-23.60959],[-47.02148,-23.60932],[-47.02103,-23.60906],[-47.02118,-23.60865],[-47.02088,-23.60852],[-47.02088,-23.60838],[-47.02102,-23.60838],[-47.02102,-23.60824],[-47.02205,-23.60823],[-47.02219,-23.60796],[-47.02234,-23.60795],[-47.02233,-23.60755],[-47.02277,-23.60727],[-47.02276,-23.60687],[-47.02291,-23.60686],[-47.02291,-23.60673],[-47.02335,-23.60672],[-47.02335,-23.60659],[-47.02364,-23.60658],[-47.02378,-23.60631],[-47.02408,-23.60631],[-47.02423,-23.60658],[-47.02497,-23.6067],[-47.02497,-23.60684],[-47.02526,-23.60697],[-47.02543,-23.60832],[-47.02529,-23.60832],[-47.02529,-23.60846],[-47.02573,-23.60859],[-47.02574,-23.60926],[-47.02708,-23.61033],[-47.02708,-23.61047],[-47.02767,-23.61059],[-47.02781,-23.61032],[-47.02855,-23.61031],[-47.02855,-23.61045],[-47.02884,-23.61044],[-47.02885,-23.61058],[-47.03193,-23.61054],[-47.03193,-23.61067],[-47.03238,-23.6108],[-47.03237,-23.61026],[-47.03192,-23.61],[-47.03192,-23.60973],[-47.03177,-23.60973],[-47.03191,-23.60905],[-47.03206,-23.60905],[-47.03205,-23.60864],[-47.03308,-23.60863],[-47.03322,-23.60835],[-47.03366,-23.60835],[-47.03366,-23.60848],[-47.03396,-23.60862],[-47.03396,-23.60889],[-47.03441,-23.60915],[-47.03457,-23.60983],[-47.03427,-23.60983],[-47.03428,-23.6101],[-47.03457,-23.61023],[-47.03458,-23.61037],[-47.03472,-23.61037],[-47.03472,-23.61023],[-47.03575,-23.61022],[-47.03575,-23.61035],[-47.03604,-23.61035],[-47.03606,-23.61103],[-47.0362,-23.61102],[-47.03621,-23.61129],[-47.03635,-23.61129],[-47.0365,-23.61156],[-47.03709,-23.61155],[-47.03709,-23.61142],[-47.03724,-23.61142],[-47.03739,-23.61182],[-47.03754,-23.61182],[-47.03754,-23.61209],[-47.03799,-23.61235],[-47.03814,-23.61262],[-47.03858,-23.61275],[-47.03844,-23.61316],[-47.03859,-23.61316],[-47.03859,-23.61329],[-47.03918,-23.61329],[-47.03933,-23.61356],[-47.03962,-23.61369],[-47.03978,-23.6145],[-47.03905,-23.61451],[-47.03905,-23.61464],[-47.03802,-23.61452],[-47.03788,-23.61493],[-47.03773,-23.61493],[-47.03744,-23.61534],[-47.03671,-23.61549],[-47.03671,-23.61562],[-47.03628,-23.61576],[-47.03628,-23.6159],[-47.03569,-23.61591],[-47.0357,-23.61645],[-47.03599,-23.61644],[-47.03599,-23.61658],[-47.03585,-23.61658],[-47.03572,-23.61753],[-47.03557,-23.61753],[-47.03558,-23.61862],[-47.03588,-23.61848],[-47.03589,-23.61902],[-47.03603,-23.61902],[-47.03604,-23.61942],[-47.03633,-23.61955],[-47.03634,-23.61983],[-47.03693,-23.61995],[-47.03693,-23.62009],[-47.03722,-23.62008],[-47.03723,-23.62022],[-47.03767,-23.62021],[-47.03767,-23.62035],[-47.03958,-23.62032],[-47.03958,-23.62019],[-47.03987,-23.62018],[-47.03987,-23.62005],[-47.04016,-23.62005],[-47.04016,-23.61991],[-47.0409,-23.6199],[-47.04089,-23.61977],[-47.04163,-23.61989],[-47.04162,-23.61948],[-47.04192,-23.61935],[-47.04191,-23.61921],[-47.04265,-23.61906],[-47.04264,-23.61866],[-47.04293,-23.61865],[-47.04293,-23.61852],[-47.04337,-23.61838],[-47.04337,-23.61824],[-47.04366,-23.61824],[-47.04395,-23.61783],[-47.04483,-23.61795],[-47.04484,-23.61809],[-47.04527,-23.61795],[-47.04528,-23.61808],[-47.04542,-23.61808],[-47.04542,-23.61794],[-47.04586,-23.61794],[-47.04586,-23.6178],[-47.0463,-23.6178],[-47.04614,-23.61712],[-47.04673,-23.61712],[-47.04673,-23.61698],[-47.04702,-23.61684],[-47.04685,-23.61508],[-47.04699,-23.61508],[-47.04699,-23.61467],[-47.04728,-23.61467],[-47.04727,-23.61386],[-47.04712,-23.61386],[-47.04697,-23.61346],[-47.04594,-23.61347],[-47.04594,-23.6136],[-47.04565,-23.61361],[-47.04565,-23.61374],[-47.04433,-23.61376],[-47.04433,-23.61363],[-47.04389,-23.61363],[-47.04374,-23.6139],[-47.0436,-23.61391],[-47.04361,-23.61485],[-47.04346,-23.61486],[-47.04347,-23.61499],[-47.04273,-23.615],[-47.04301,-23.61418],[-47.04316,-23.61418],[-47.04315,-23.61391],[-47.0433,-23.61391],[-47.0433,-23.61364],[-47.04344,-23.61364],[-47.04344,-23.61337],[-47.043,-23.61337],[-47.04285,-23.6131],[-47.0427,-23.61311],[-47.04255,-23.6127],[-47.04211,-23.61271],[-47.04182,-23.61312],[-47.04006,-23.61341],[-47.03946,-23.61274],[-47.03902,-23.61261],[-47.03886,-23.6118],[-47.0393,-23.61152],[-47.03929,-23.61139],[-47.03959,-23.61152],[-47.03973,-23.61125],[-47.03944,-23.61125],[-47.03944,-23.61112],[-47.03988,-23.61098],[-47.03987,-23.61057],[-47.03957,-23.61044],[-47.03957,-23.6103],[-47.03898,-23.61031],[-47.03898,-23.6099],[-47.03912,-23.6099],[-47.03911,-23.60895],[-47.03881,-23.60882],[-47.03881,-23.60855],[-47.0391,-23.60855],[-47.03909,-23.60787],[-47.03806,-23.60788],[-47.03807,-23.60802],[-47.03763,-23.60803],[-47.03734,-23.60844],[-47.03749,-23.60843],[-47.03749,-23.60857],[-47.03807,-23.60856],[-47.03823,-23.60883],[-47.03749,-23.60884],[-47.03735,-23.60911],[-47.0372,-23.60911],[-47.0372,-23.60898],[-47.03676,-23.60899],[-47.03662,-23.60926],[-47.03647,-23.60926],[-47.03633,-23.60967],[-47.03603,-23.60967],[-47.03589,-23.60994],[-47.0356,-23.60981],[-47.03559,-23.60954],[-47.03544,-23.60954],[-47.03558,-23.609],[-47.03646,-23.60899],[-47.03646,-23.60872],[-47.03704,-23.6083],[-47.03704,-23.60817],[-47.03733,-23.60803],[-47.03733,-23.60789],[-47.03777,-23.60775],[-47.0376,-23.60667],[-47.03893,-23.60665],[-47.03893,-23.60652],[-47.03907,-23.60652],[-47.03892,-23.60611],[-47.03877,-23.60611],[-47.03877,-23.60571],[-47.03788,-23.60558],[-47.03788,-23.60572],[-47.03745,-23.60586],[-47.03744,-23.60573],[-47.03685,-23.6056],[-47.03685,-23.60546],[-47.03656,-23.60547],[-47.03641,-23.6052],[-47.03596,-23.60507],[-47.03596,-23.60453],[-47.03625,-23.60452],[-47.03624,-23.60412],[-47.0358,-23.60399],[-47.03564,-23.60318],[-47.0352,-23.60305],[-47.03519,-23.60278],[-47.03534,-23.60277],[-47.03548,-23.60237],[-47.03592,-23.60236],[-47.03606,-23.60195],[-47.03636,-23.60195],[-47.0362,-23.60127],[-47.0359,-23.60128],[-47.03576,-23.60155],[-47.03503,-23.60169],[-47.03504,-23.6021],[-47.03445,-23.60211],[-47.03445,-23.60224],[-47.03386,-23.60239],[-47.03358,-23.6028],[-47.03314,-23.60294],[-47.03314,-23.60321],[-47.03255,-23.60308],[-47.03255,-23.60322],[-47.03123,-23.60337],[-47.03124,-23.60364],[-47.03109,-23.60364],[-47.0311,-23.60391],[-47.03095,-23.60391],[-47.03096,-23.60446],[-47.03066,-23.60446],[-47.03052,-23.60473],[-47.02979,-23.60474],[-47.02963,-23.60434],[-47.02905,-23.60435],[-47.0292,-23.60461],[-47.0289,-23.60475],[-47.02906,-23.60516],[-47.02876,-23.60516],[-47.02862,-23.60557],[-47.02833,-23.60557],[-47.02832,-23.6053],[-47.02862,-23.60516],[-47.02861,-23.60476],[-47.02846,-23.60476],[-47.02846,-23.60449],[-47.02787,-23.60409],[-47.0277,-23.60314],[-47.02741,-23.60315],[-47.02725,-23.60261],[-47.02637,-23.60248],[-47.02636,-23.60208],[-47.02578,-23.60195],[-47.02577,-23.60168],[-47.02518,-23.60155],[-47.02518,-23.60142],[-47.02533,-23.60142],[-47.02531,-23.60047],[-47.02516,-23.60047],[-47.02501,-23.59972],[-47.02059,-23.59917],[-47.02074,-23.59944],[-47.02104,-23.59958],[-47.02104,-23.59998],[-47.02179,-23.60051],[-47.02179,-23.60105],[-47.02194,-23.60105],[-47.02194,-23.60119],[-47.02121,-23.6012],[-47.02106,-23.60147],[-47.02033,-23.60134],[-47.02033,-23.60162],[-47.02048,-23.60161],[-47.02063,-23.60202],[-47.01991,-23.60257],[-47.01976,-23.60284],[-47.01932,-23.60298],[-47.01932,-23.60244],[-47.01902,-23.60231],[-47.01902,-23.60245],[-47.01858,-23.60245],[-47.01858,-23.60232],[-47.01843,-23.60232],[-47.01857,-23.60191],[-47.01798,-23.60151],[-47.01798,-23.60124],[-47.01724,-23.60111],[-47.01724,-23.60125],[-47.0168,-23.60139],[-47.0168,-23.60126],[-47.01636,-23.60113],[-47.01635,-23.60058],[-47.01664,-23.60044],[-47.01664,-23.60058],[-47.01694,-23.60058],[-47.01693,-23.60044],[-47.01723,-23.60044],[-47.01723,-23.6003],[-47.01752,-23.6003],[-47.01752,-23.60016],[-47.01766,-23.60016],[-47.01782,-23.60043],[-47.01855,-23.60042],[-47.01884,-23.59987],[-47.01913,-23.59987],[-47.01927,-23.5996],[-47.01971,-23.59946],[-47.01985,-23.59918],[-47.0203,-23.59918],[-47.02029,-23.59906],[-47.0172,-23.59863],[-47.01647,-23.59869],[-47.01647,-23.59896],[-47.01632,-23.59896],[-47.01618,-23.59923],[-47.01574,-23.59924],[-47.01574,-23.59937],[-47.0156,-23.59937],[-47.01561,-23.60005],[-47.01575,-23.60005],[-47.01575,-23.60019],[-47.01561,-23.60019],[-47.01561,-23.60046],[-47.01547,-23.60046],[-47.01546,-23.60019],[-47.01517,-23.60019],[-47.01517,-23.60006],[-47.01502,-23.60006],[-47.01502,-23.60019],[-47.01458,-23.6002],[-47.01457,-23.59979],[-47.01486,-23.59966],[-47.01501,-23.59925],[-47.01471,-23.59912],[-47.01471,-23.59898],[-47.01412,-23.59899],[-47.01411,-23.59862],[-47.01112,-23.59943],[-47.01119,-23.59957],[-47.01148,-23.59956],[-47.01149,-23.5997],[-47.0106,-23.59957],[-47.00987,-23.59977],[-47.00988,-23.60013],[-47.01002,-23.60012],[-47.01002,-23.60026],[-47.01061,-23.60025],[-47.01061,-23.60039],[-47.01076,-23.60039],[-47.01077,-23.60106],[-47.01092,-23.60106],[-47.01092,-23.6012],[-47.01166,-23.60119],[-47.01165,-23.60105],[-47.01195,-23.60105],[-47.01195,-23.60091],[-47.01209,-23.60091],[-47.01209,-23.6005],[-47.01194,-23.60051],[-47.01193,-23.59969],[-47.01207,-23.59969],[-47.01208,-23.59983],[-47.01252,-23.59982],[-47.01267,-23.60009],[-47.01311,-23.60036],[-47.01312,-23.60063],[-47.01326,-23.60062],[-47.01327,-23.60089],[-47.01341,-23.60089],[-47.01327,-23.60117],[-47.01312,-23.60117],[-47.01313,-23.60144],[-47.01342,-23.60157],[-47.01358,-23.60184],[-47.01387,-23.60184],[-47.01402,-23.6021],[-47.01549,-23.60208],[-47.01564,-23.60249],[-47.01609,-23.60275],[-47.01624,-23.60316],[-47.01683,-23.60315],[-47.01698,-23.60356],[-47.01772,-23.60355],[-47.01772,-23.60395],[-47.01743,-23.60409],[-47.01744,-23.60436],[-47.017,-23.6045],[-47.017,-23.60504],[-47.01671,-23.60518],[-47.01672,-23.60559],[-47.01569,-23.6056],[-47.01555,-23.60588],[-47.01408,-23.6059],[-47.01408,-23.60576],[-47.01378,-23.60563],[-47.01378,-23.60536],[-47.01334,-23.60536],[-47.01334,-23.6055],[-47.01289,-23.60537],[-47.01289,-23.60523]],[[-47.00127,-23.62353],[-47.00127,-23.62367],[-47.00112,-23.62367],[-47.00112,-23.62353],[-47.00127,-23.62353]],[[-47.00542,-23.61616],[-47.00527,-23.61617],[-47.00526,-23.61563],[-47.00497,-23.61563],[-47.00496,-23.61536],[-47.00452,-23.61509],[-47.00451,-23.61469],[-47.0048,-23.61455],[-47.0048,-23.61441],[-47.00524,-23.61441],[-47.00524,-23.61414],[-47.00539,-23.61413],[-47.00552,-23.61345],[-47.00538,-23.61346],[-47.00522,-23.61305],[-47.00566,-23.61305],[-47.00567,-23.61332],[-47.00611,-23.61358],[-47.00612,-23.61385],[-47.00656,-23.61412],[-47.00627,-23.61453],[-47.00657,-23.61452],[-47.00687,-23.61493],[-47.00701,-23.61493],[-47.00702,-23.61533],[-47.00629,-23.61588],[-47.00601,-23.61629],[-47.00542,-23.6163],[-47.00542,-23.61616]],[[-47.00657,-23.61439],[-47.00671,-23.61439],[-47.00671,-23.61452],[-47.00657,-23.61452],[-47.00657,-23.61439]],[[-47.03331,-23.60483],[-47.03317,-23.60483],[-47.03317,-23.6051],[-47.03332,-23.6051],[-47.03318,-23.60551],[-47.03391,-23.60564],[-47.03391,-23.6055],[-47.03406,-23.6055],[-47.03406,-23.60536],[-47.03391,-23.60537],[-47.0339,-23.60496],[-47.0342,-23.60496],[-47.0342,-23.60482],[-47.03493,-23.60481],[-47.03494,-23.60522],[-47.03538,-23.60548],[-47.0351,-23.60603],[-47.03524,-23.60603],[-47.03525,-23.60616],[-47.03568,-23.60602],[-47.03584,-23.60642],[-47.03437,-23.60644],[-47.03436,-23.60617],[-47.03422,-23.60617],[-47.03407,-23.60591],[-47.03377,-23.60591],[-47.03377,-23.60577],[-47.03304,-23.60592],[-47.03289,-23.60565],[-47.03245,-23.60566],[-47.03244,-23.60552],[-47.0323,-23.60552],[-47.03244,-23.60511],[-47.03273,-23.60511],[-47.03316,-23.60456],[-47.03346,-23.60456],[-47.03331,-23.60483]],[[-47.01701,-23.60518],[-47.01701,-23.60532],[-47.01686,-23.60532],[-47.01686,-23.60518],[-47.01701,-23.60518]]],[[[-47.03352,-23.59914],[-47.03352,-23.59928],[-47.03293,-23.59928],[-47.03279,-23.59956],[-47.03235,-23.5997],[-47.03236,-23.59983],[-47.03206,-23.59984],[-47.03192,-23.60011],[-47.03265,-23.6001],[-47.0328,-23.59983],[-47.03309,-23.59982],[-47.03309,-23.59969],[-47.03397,-23.59995],[-47.03397,-23.59981],[-47.03441,-23.59981],[-47.03441,-23.59954],[-47.03529,-23.59952],[-47.03544,-23.59979],[-47.03559,-23.59979],[-47.03575,-23.60047],[-47.03648,-23.60046],[-47.03648,-23.60019],[-47.03691,-23.60004],[-47.03691,-23.59991],[-47.03721,-23.59991],[-47.03707,-23.60045],[-47.03766,-23.60044],[-47.03765,-23.60031],[-47.03853,-23.60029],[-47.03853,-23.60016],[-47.03941,-23.60001],[-47.03955,-23.59974],[-47.03999,-23.5996],[-47.03908,-23.59744],[-47.03791,-23.59759],[-47.03807,-23.59868],[-47.03778,-23.59881],[-47.03778,-23.59922],[-47.03749,-23.59922],[-47.03748,-23.59828],[-47.03762,-23.59827],[-47.03762,-23.59814],[-47.03674,-23.59815],[-47.03659,-23.59788],[-47.036,-23.59789],[-47.036,-23.59775],[-47.03585,-23.59776],[-47.03599,-23.59735],[-47.03614,-23.59735],[-47.03613,-23.59708],[-47.03584,-23.59721],[-47.03585,-23.59749],[-47.03555,-23.59762],[-47.03556,-23.5979],[-47.03512,-23.59804],[-47.03512,-23.59817],[-47.03454,-23.59832],[-47.03439,-23.59859],[-47.03425,-23.59859],[-47.03411,-23.599],[-47.03352,-23.59914]]],[[[-47.01529,-23.5987],[-47.01558,-23.59856],[-47.01558,-23.59843],[-47.01573,-23.59842],[-47.01485,-23.59842],[-47.01485,-23.59857],[-47.01529,-23.59857],[-47.01529,-23.5987]]],[[[-47.02895,-23.59893],[-47.03014,-23.59905],[-47.03028,-23.59878],[-47.03072,-23.59877],[-47.03072,-23.59837],[-47.03116,-23.59836],[-47.03115,-23.59809],[-47.0313,-23.59809],[-47.03144,-23.59781],[-47.03174,-23.59781],[-47.03173,-23.59754],[-47.03217,-23.59726],[-47.03231,-23.59699],[-47.03275,-23.59698],[-47.03304,-23.59657],[-47.03363,-23.59657],[-47.03377,-23.59629],[-47.03421,-23.59615],[-47.03421,-23.59588],[-47.03435,-23.59588],[-47.0342,-23.59548],[-47.03405,-23.59548],[-47.03405,-23.59521],[-47.03375,-23.59508],[-47.0336,-23.59481],[-47.03301,-23.59481],[-47.03273,-23.59522],[-47.03243,-23.59523],[-47.03185,-23.59591],[-47.03156,-23.59592],[-47.03156,-23.59605],[-47.03112,-23.59619],[-47.03078,-23.59742],[-47.02895,-23.59893]]]]}}]}